ID,POS,cluster,MGs,ref,alt,het,miss,phenodiff,AltAF,premeanr2,meanr2,epsilon,MGmin,chr,gwas_pos,MG_ID
Gm13_30474434,30474434,0,0,163,50,4,0,-0.33776397515528,0.23963133640553,0.0866566513965831,0.0828289758989452,0.6,15,13,30573364,NA
Gm13_30474436,30474436,0,0,105,110,2,0,-0.341566690190543,0.511520737327189,0.0704504535139408,0.0718000451743038,0.6,15,13,30573364,NA
Gm13_30474446,30474446,1,MG1,16,200,1,0,-0.351758793969849,0.923963133640553,0.99631696969697,1,0.6,15,13,30573364,Gm13_30573364_MG1
Gm13_30474651,30474651,0,0,172,45,0,0,0.220915032679739,0.207373271889401,0.0882529757699317,0.0909392442911392,0.6,15,13,30573364,NA
Gm13_30475333,30475333,0,0,124,90,3,0,-0.410928961748634,0.421658986175115,0.0636041990351298,0.0628282795705105,0.6,15,13,30573364,NA
Gm13_30475406,30475406,0,0,194,20,3,0,0.310062721570766,0.0990783410138249,0.0501447814047836,0.0487401810478903,0.6,15,13,30573364,NA
Gm13_30475737,30475737,0,0,188,26,3,0,0.243636363636363,0.126728110599078,0.0426722944631,0.0411536620285884,0.6,15,13,30573364,NA
Gm13_30475957,30475957,0,0,61,154,2,0,-0.109477124183007,0.714285714285714,0.0773761709771071,0.0797029099260548,0.6,15,13,30573364,NA
Gm13_30476138,30476138,0,0,144,69,4,0,0.142328259975319,0.327188940092166,0.0516311627531207,0.0521966706595359,0.6,15,13,30573364,NA
Gm13_30476159,30476159,0,0,194,20,3,0,0.310062721570766,0.0990783410138249,0.0501447814047836,0.0487401810478903,0.6,15,13,30573364,NA
Gm13_30476401,30476401,0,0,133,82,2,0,0.179292929292929,0.382488479262673,0.0729376755440091,0.0715984367432911,0.6,15,13,30573364,NA
Gm13_30476470,30476470,0,0,159,53,5,0,0.244888023369036,0.255760368663594,0.0785280373394296,0.0781297784979105,0.6,15,13,30573364,NA
Gm13_30477005,30477005,0,0,125,89,3,0,0.184017595307918,0.41705069124424,0.0736757879684055,0.0723099323722152,0.6,15,13,30573364,NA
Gm13_30477431,30477431,0,0,135,80,2,0,0.228037030039675,0.373271889400922,0.071187756952164,0.0704176080780591,0.6,15,13,30573364,NA
Gm13_30478707,30478707,0,0,197,18,2,0,0.0606837606837607,0.0875576036866359,0.0839563755111617,0.0849455213236287,0.6,15,13,30573364,NA
Gm13_30479600,30479600,2,0,195,22,0,0,0.114696184644371,0.101382488479263,0.94766231372549,0.109140117431646,0.6,15,13,30573364,NA
Gm13_30479993,30479993,0,0,173,41,3,0,0.227906976744186,0.195852534562212,0.0597910915124351,0.0622784175026561,0.6,15,13,30573364,NA
Gm13_30480010,30480010,0,0,187,25,5,0,-0.732972972972973,0.126728110599078,0.108537370933941,0.106632124810127,0.6,15,13,30573364,NA
Gm13_30480085,30480085,0,0,140,68,9,0,-0.233007623751745,0.334101382488479,0.070424526313303,0.0740300212690717,0.6,15,13,30573364,NA
Gm13_30482286,30482286,0,0,158,54,5,0,-0.225071225071225,0.26036866359447,0.112536354848292,0.110596213562025,0.6,15,13,30573364,NA
Gm13_30482819,30482819,0,0,177,38,2,0,0.181503759398496,0.179723502304147,0.102894072419134,0.102762736206751,0.6,15,13,30573364,NA
Gm13_30483935,30483935,0,0,180,32,5,0,-0.514044943820225,0.158986175115207,0.0994600810182232,0.0968479831871308,0.6,15,13,30573364,NA
Gm13_30484121,30484121,0,0,186,26,5,0,-0.694816053511706,0.131336405529954,0.107139500751708,0.105078612848101,0.6,15,13,30573364,NA
Gm13_30484224,30484224,0,0,187,25,5,0,-0.732972972972973,0.126728110599078,0.108537370933941,0.106632124810127,0.6,15,13,30573364,NA
Gm13_30485021,30485021,0,0,35,181,1,0,-0.214052287581699,0.836405529953917,0.0968583682255125,0.101419376436709,0.6,15,13,30573364,NA
Gm13_30485389,30485389,3,MG11,193,22,2,0,0.270347453593527,0.105990783410138,0.913458692307692,0.923096083333333,0.6,15,13,30573364,Gm13_30573364_MG11
Gm13_30485460,30485460,0,0,156,58,3,0,-0.138826690550829,0.274193548387097,0.141714618913303,0.139310051331941,0.6,15,13,30573364,NA
Gm13_30485570,30485570,0,0,80,132,5,0,-0.30350758527394,0.619815668202765,0.0723468533248724,0.0753259567713481,0.6,15,13,30573364,NA
Gm13_30486163,30486163,1,MG1,16,200,1,0,-0.351758793969849,0.923963133640553,0.99631696969697,1,0.6,15,13,30573364,Gm13_30573364_MG1
Gm13_30486878,30486878,0,0,187,25,5,0,-0.732972972972973,0.126728110599078,0.108537370933941,0.106632124810127,0.6,15,13,30573364,NA
Gm13_30487826,30487826,0,0,167,48,2,0,0.322727272727273,0.225806451612903,0.0527510817883827,0.0523650061816456,0.6,15,13,30573364,NA
Gm13_30492246,30492246,4,MG12,188,28,1,0,-0.363287250384025,0.131336405529954,0.916440393939394,0.917871096774194,0.6,15,13,30573364,Gm13_30573364_MG12
Gm13_30492255,30492255,1,MG1,16,200,1,0,-0.351758793969849,0.923963133640553,0.99631696969697,1,0.6,15,13,30573364,Gm13_30573364_MG1
Gm13_30492362,30492362,0,0,180,35,2,0,0.330497592295345,0.165898617511521,0.0451260985004009,0.0449127952520591,0.6,15,13,30573364,NA
Gm13_30492367,30492367,0,0,170,45,2,0,0.225396825396825,0.211981566820276,0.0541906866329818,0.0543023276982679,0.6,15,13,30573364,NA
Gm13_30493587,30493587,1,MG1,16,200,1,0,-0.351758793969849,0.923963133640553,0.99631696969697,1,0.6,15,13,30573364,Gm13_30573364_MG1
Gm13_30494191,30494191,1,MG1,16,200,1,0,-0.351758793969849,0.923963133640553,0.99631696969697,1,0.6,15,13,30573364,Gm13_30573364_MG1
Gm13_30494926,30494926,0,0,152,61,4,0,-0.10983606557377,0.290322580645161,0.176260966361731,0.172565857727426,0.6,15,13,30573364,NA
Gm13_30495575,30495575,0,0,187,29,1,0,0.304007455731594,0.135944700460829,0.0571542957835991,0.0563766815675106,0.6,15,13,30573364,NA
Gm13_30498136,30498136,0,0,187,25,5,0,-0.732972972972973,0.126728110599078,0.108537370933941,0.106632124810127,0.6,15,13,30573364,NA
Gm13_30498426,30498426,1,MG1,16,200,1,0,-0.351758793969849,0.923963133640553,0.99631696969697,1,0.6,15,13,30573364,Gm13_30573364_MG1
Gm13_30498579,30498579,0,0,150,63,4,0,-0.138030888030888,0.299539170506912,0.179880557704866,0.176085892961679,0.6,15,13,30573364,NA
Gm13_30498698,30498698,0,0,183,32,2,0,0.134841160220994,0.152073732718894,0.1246330512959,0.125209157128481,0.6,15,13,30573364,NA
Gm13_30499045,30499045,0,0,186,27,4,0,-0.734702093397746,0.133640552995392,0.106958678350797,0.104929442818565,0.6,15,13,30573364,NA
Gm13_30499078,30499078,0,0,186,27,4,0,-0.734702093397746,0.133640552995392,0.106958678350797,0.104929442818565,0.6,15,13,30573364,NA
Gm13_30499708,30499708,1,MG1,16,200,1,0,-0.351758793969849,0.923963133640553,0.99631696969697,1,0.6,15,13,30573364,Gm13_30573364_MG1
Gm13_30499811,30499811,1,MG1,16,200,1,0,-0.351758793969849,0.923963133640553,0.99631696969697,1,0.6,15,13,30573364,Gm13_30573364_MG1
Gm13_30500072,30500072,0,0,165,50,2,0,-0.182802389248382,0.235023041474654,0.074821094636697,0.0742102795685865,0.6,15,13,30573364,NA
Gm13_30500084,30500084,0,0,18,198,1,0,-0.355329949238579,0.914746543778802,0.0673601279271071,0.0743526995759494,0.6,15,13,30573364,NA
Gm13_30500463,30500463,1,MG1,16,200,1,0,-0.351758793969849,0.923963133640553,0.99631696969697,1,0.6,15,13,30573364,Gm13_30573364_MG1
Gm13_30500560,30500560,0,0,185,32,0,0,0.130976775956284,0.147465437788018,0.126412023028246,0.126933642213924,0.6,15,13,30573364,NA
Gm13_30500741,30500741,1,MG1,16,200,1,0,-0.351758793969849,0.923963133640553,0.99631696969697,1,0.6,15,13,30573364,Gm13_30573364_MG1
Gm13_30500818,30500818,3,MG11,195,22,0,0,0.266603862458785,0.101382488479263,0.935347961538462,0.944965791666667,0.6,15,13,30573364,Gm13_30573364_MG11
Gm13_30500827,30500827,0,0,168,42,7,0,-0.46758462421113,0.209677419354839,0.0980083087648884,0.0944892432548228,0.6,15,13,30573364,NA
Gm13_30500916,30500916,0,0,150,62,5,0,-0.318657367044464,0.297235023041475,0.072169004448836,0.0746733931203354,0.6,15,13,30573364,NA
Gm13_30500930,30500930,0,0,104,109,4,0,-0.12061521856449,0.511520737327189,0.0579237162209567,0.0585589272911392,0.6,15,13,30573364,NA
Gm13_30501040,30501040,0,0,182,34,1,0,-0.310457516339869,0.158986175115207,0.12381024853303,0.120316605770886,0.6,15,13,30573364,NA
Gm13_30501202,30501202,1,MG1,16,200,1,0,-0.351758793969849,0.923963133640553,0.99631696969697,1,0.6,15,13,30573364,Gm13_30573364_MG1
Gm13_30501808,30501808,1,0,16,197,4,0,-0.346938775510204,0.91705069124424,0.956644212121212,0.0814102186033755,0.6,15,13,30573364,NA
Gm13_30501948,30501948,0,0,185,32,0,0,0.130976775956284,0.147465437788018,0.126412023028246,0.126933642213924,0.6,15,13,30573364,NA
Gm13_30502214,30502214,1,MG1,16,200,1,0,-0.351758793969849,0.923963133640553,0.99631696969697,1,0.6,15,13,30573364,Gm13_30573364_MG1
Gm13_30502709,30502709,0,0,140,72,5,0,-0.12068092005269,0.34331797235023,0.0690935320372665,0.0672615907728903,0.6,15,13,30573364,NA
Gm13_30502735,30502735,0,0,161,56,0,0,0.229222821203953,0.258064516129032,0.102480196757585,0.103489351342996,0.6,15,13,30573364,NA
Gm13_30502842,30502842,0,0,138,74,5,0,-0.105289471052895,0.352534562211982,0.069881847032779,0.0681805903552532,0.6,15,13,30573364,NA
Gm13_30502844,30502844,0,0,138,74,5,0,-0.105289471052895,0.352534562211982,0.069881847032779,0.0681805903552532,0.6,15,13,30573364,NA
Gm13_30502904,30502904,0,0,175,36,6,0,-0.423892100192678,0.179723502304147,0.101642289006237,0.097323116016789,0.6,15,13,30573364,NA
Gm13_30503079,30503079,0,0,99,113,5,0,0.0113128364200346,0.532258064516129,0.134290514240923,0.131634044623977,0.6,15,13,30573364,NA
Gm13_30503137,30503137,0,0,185,32,0,0,0.130976775956284,0.147465437788018,0.126412023028246,0.126933642213924,0.6,15,13,30573364,NA
Gm13_30503197,30503197,0,0,162,51,4,0,-0.234803921568628,0.244239631336406,0.0950782697388702,0.0921481646526667,0.6,15,13,30573364,NA
Gm13_30503229,30503229,0,0,24,191,2,0,-0.270938215102975,0.884792626728111,0.0835362075962415,0.0904660561914557,0.6,15,13,30573364,NA
Gm13_30503238,30503238,0,0,94,117,6,0,0.040133779264214,0.552995391705069,0.137140001017175,0.134875538769072,0.6,15,13,30573364,NA
Gm13_30503262,30503262,0,0,24,191,2,0,-0.270938215102975,0.884792626728111,0.0835362075962415,0.0904660561914557,0.6,15,13,30573364,NA
Gm13_30503409,30503409,0,0,94,120,3,0,0.0714737507906387,0.559907834101382,0.136078275033267,0.133222249366253,0.6,15,13,30573364,NA
Gm13_30503418,30503418,3,MG11,194,22,1,0,0.268465909090909,0.1036866359447,0.933598153846154,0.944003333333333,0.6,15,13,30573364,Gm13_30573364_MG11
Gm13_30503434,30503434,0,0,94,120,3,0,0.0714737507906387,0.559907834101382,0.136078275033267,0.133222249366253,0.6,15,13,30573364,NA
Gm13_30503581,30503581,0,0,106,108,3,0,0.128793947485536,0.504608294930876,0.147684749458064,0.146696658506519,0.6,15,13,30573364,NA
Gm13_30503704,30503704,0,0,54,157,6,0,-0.309506531204644,0.737327188940092,0.0970083688939642,0.100548223362606,0.6,15,13,30573364,NA
Gm13_30503891,30503891,0,0,185,32,0,0,0.130976775956284,0.147465437788018,0.126412023028246,0.126933642213924,0.6,15,13,30573364,NA
Gm13_30503925,30503925,0,0,55,156,6,0,-0.313859020310633,0.732718894009217,0.0967061035031344,0.100024788093409,0.6,15,13,30573364,NA
Gm13_30504077,30504077,0,0,28,186,3,0,-0.293493493493493,0.86405529953917,0.0711508726507143,0.0760365324127924,0.6,15,13,30573364,NA
Gm13_30504090,30504090,0,0,95,119,3,0,0.0650919581680489,0.555299539170507,0.136808282304416,0.133835512872655,0.6,15,13,30573364,NA
Gm13_30504106,30504106,3,MG11,194,22,1,0,0.268465909090909,0.1036866359447,0.933598153846154,0.944003333333333,0.6,15,13,30573364,Gm13_30573364_MG11
Gm13_30504459,30504459,0,0,205,12,0,0,-0.0915435139573071,0.0552995391705069,0.0868699525911162,0.0833384753449367,0.6,15,13,30573364,NA
Gm13_30504480,30504480,0,0,28,186,3,0,-0.293493493493493,0.86405529953917,0.0711508726507143,0.0760365324127924,0.6,15,13,30573364,NA
Gm13_30504553,30504553,0,0,95,119,3,0,0.0650919581680489,0.555299539170507,0.136808282304416,0.133835512872655,0.6,15,13,30573364,NA
Gm13_30504620,30504620,0,0,95,119,3,0,0.0650919581680489,0.555299539170507,0.136808282304416,0.133835512872655,0.6,15,13,30573364,NA
Gm13_30505210,30505210,0,0,96,119,2,0,0.0718108831400535,0.552995391705069,0.136460883109689,0.13344090374505,0.6,15,13,30573364,NA
Gm13_30505355,30505355,0,0,133,81,3,0,-0.0393939393939395,0.380184331797235,0.148916095366036,0.146020727985122,0.6,15,13,30573364,NA
Gm13_30505401,30505401,3,MG11,194,22,1,0,0.268465909090909,0.1036866359447,0.933598153846154,0.944003333333333,0.6,15,13,30573364,Gm13_30573364_MG11
Gm13_30505590,30505590,0,0,95,119,3,0,0.0650919581680489,0.555299539170507,0.136808282304416,0.133835512872655,0.6,15,13,30573364,NA
Gm13_30505607,30505607,0,0,187,25,5,0,-0.732972972972973,0.126728110599078,0.108537370933941,0.106632124810127,0.6,15,13,30573364,NA
Gm13_30505619,30505619,1,MG1,16,200,1,0,-0.351758793969849,0.923963133640553,0.99631696969697,1,0.6,15,13,30573364,Gm13_30573364_MG1
Gm13_30505848,30505848,0,0,123,90,4,0,0.274083624976976,0.423963133640553,0.0742059740111777,0.0734300240314494,0.6,15,13,30573364,NA
Gm13_30505875,30505875,0,0,159,56,2,0,-0.0871246587807097,0.262672811059908,0.109747288905957,0.108276091623871,0.6,15,13,30573364,NA
Gm13_30505885,30505885,0,0,159,58,0,0,0.239732044805623,0.267281105990783,0.103220303082279,0.104394390154262,0.6,15,13,30573364,NA
Gm13_30505995,30505995,3,MG11,194,22,1,0,0.268465909090909,0.1036866359447,0.933598153846154,0.944003333333333,0.6,15,13,30573364,Gm13_30573364_MG11
Gm13_30505999,30505999,0,0,28,186,3,0,-0.293493493493493,0.86405529953917,0.0711508726507143,0.0760365324127924,0.6,15,13,30573364,NA
Gm13_30506101,30506101,0,0,99,113,5,0,0.100765306122449,0.532258064516129,0.141301550419271,0.140073218257511,0.6,15,13,30573364,NA
Gm13_30506165,30506165,6,MG13,202,14,1,0,0.271335629544585,0.0668202764976959,0.918622266666667,0.918622266666667,0.6,15,13,30573364,Gm13_30573364_MG13
Gm13_30506203,30506203,0,0,28,186,3,0,-0.293493493493493,0.86405529953917,0.0711508726507143,0.0760365324127924,0.6,15,13,30573364,NA
Gm13_30506311,30506311,0,0,99,113,5,0,0.100765306122449,0.532258064516129,0.141301550419271,0.140073218257511,0.6,15,13,30573364,NA
Gm13_30506346,30506346,3,MG11,195,22,0,0,0.266603862458785,0.101382488479263,0.935347961538462,0.944965791666667,0.6,15,13,30573364,Gm13_30573364_MG11
Gm13_30506385,30506385,0,0,205,12,0,0,-0.0915435139573071,0.0552995391705069,0.0868699525911162,0.0833384753449367,0.6,15,13,30573364,NA
Gm13_30506617,30506617,0,0,124,92,1,0,0.0208481824661439,0.426267281105991,0.170582667962437,0.168302157501076,0.6,15,13,30573364,NA
Gm13_30506688,30506688,0,0,117,99,1,0,0.0259991216512956,0.45852534562212,0.168483149807289,0.167133000222363,0.6,15,13,30573364,NA
Gm13_30506729,30506729,6,MG13,201,15,1,0,0.278571428571429,0.0714285714285714,0.895026066666667,0.895026066666667,0.6,15,13,30573364,Gm13_30573364_MG13
Gm13_30506769,30506769,0,0,175,36,6,0,-0.423892100192678,0.179723502304147,0.101642289006237,0.097323116016789,0.6,15,13,30573364,NA
Gm13_30506796,30506796,0,0,117,99,1,0,0.0259991216512956,0.45852534562212,0.168483149807289,0.167133000222363,0.6,15,13,30573364,NA
Gm13_30506926,30506926,0,0,117,99,1,0,0.0259991216512956,0.45852534562212,0.168483149807289,0.167133000222363,0.6,15,13,30573364,NA
Gm13_30506977,30506977,0,0,114,102,1,0,0.00682773109243695,0.472350230414747,0.169597367607084,0.168602812319641,0.6,15,13,30573364,NA
Gm13_30507057,30507057,0,0,175,36,6,0,-0.423892100192678,0.179723502304147,0.101642289006237,0.097323116016789,0.6,15,13,30573364,NA
Gm13_30507139,30507139,0,0,169,41,7,0,-0.364247115525048,0.205069124423963,0.0998343289589977,0.0952896349653587,0.6,15,13,30573364,NA
Gm13_30507180,30507180,1,0,16,197,4,0,-0.346938775510204,0.91705069124424,0.956644212121212,0.0814102186033755,0.6,15,13,30573364,NA
Gm13_30507195,30507195,4,0,186,30,1,0,-0.394927536231884,0.140552995391705,0.850162636363636,0.119630661787257,0.6,15,13,30573364,NA
Gm13_30507212,30507212,0,0,183,33,1,0,-0.329817512137954,0.154377880184332,0.127166936730068,0.123760661905274,0.6,15,13,30573364,NA
Gm13_30507225,30507225,0,0,169,41,7,0,-0.364247115525048,0.205069124423963,0.0998343289589977,0.0952896349653587,0.6,15,13,30573364,NA
Gm13_30507229,30507229,3,MG11,193,23,1,0,0.274300022763488,0.108294930875576,0.917185653846154,0.929605375,0.6,15,13,30573364,Gm13_30573364_MG11
Gm13_30507288,30507288,0,0,33,180,4,0,-0.339964157706093,0.838709677419355,0.076489173998861,0.079268628914557,0.6,15,13,30573364,NA
Gm13_30507322,30507322,0,0,143,73,1,0,-0.106480132128631,0.338709677419355,0.184448159433964,0.181235944074916,0.6,15,13,30573364,NA
Gm13_30507355,30507355,0,0,183,33,1,0,-0.329817512137954,0.154377880184332,0.127166936730068,0.123760661905274,0.6,15,13,30573364,NA
Gm13_30507421,30507421,0,0,139,70,8,0,-0.230552659019812,0.341013824884793,0.111660405914647,0.109019806880865,0.6,15,13,30573364,NA
Gm13_30507799,30507799,1,MG1,16,200,1,0,-0.351758793969849,0.923963133640553,0.99631696969697,1,0.6,15,13,30573364,Gm13_30573364_MG1
Gm13_30507809,30507809,0,0,183,33,1,0,-0.329817512137954,0.154377880184332,0.127166936730068,0.123760661905274,0.6,15,13,30573364,NA
Gm13_30507841,30507841,0,0,144,72,1,0,-0.11404538341158,0.334101382488479,0.183335571885877,0.180154059404852,0.6,15,13,30573364,NA
Gm13_30508204,30508204,3,MG11,194,23,0,0,0.27241847826087,0.105990783410138,0.918423384615385,0.93009025,0.6,15,13,30573364,Gm13_30573364_MG11
Gm13_30508248,30508248,3,MG11,193,23,1,0,0.274300022763488,0.108294930875576,0.917185653846154,0.929605375,0.6,15,13,30573364,Gm13_30573364_MG11
Gm13_30508292,30508292,0,0,24,191,2,0,-0.270938215102975,0.884792626728111,0.0835362075962415,0.0904660561914557,0.6,15,13,30573364,NA
Gm13_30508293,30508293,1,MG1,16,200,1,0,-0.351758793969849,0.923963133640553,0.99631696969697,1,0.6,15,13,30573364,Gm13_30573364_MG1
Gm13_30508301,30508301,0,0,175,36,6,0,-0.423892100192678,0.179723502304147,0.101642289006237,0.097323116016789,0.6,15,13,30573364,NA
Gm13_30508318,30508318,2,MG10,196,21,0,0,0.102110947471772,0.0967741935483871,0.993849941176471,1,0.6,15,13,30573364,Gm13_30573364_MG10
Gm13_30508351,30508351,1,MG1,16,200,1,0,-0.351758793969849,0.923963133640553,0.99631696969697,1,0.6,15,13,30573364,Gm13_30573364_MG1
Gm13_30508360,30508360,0,0,185,32,0,0,0.130976775956284,0.147465437788018,0.126412023028246,0.126933642213924,0.6,15,13,30573364,NA
Gm13_30508416,30508416,1,MG1,16,200,1,0,-0.351758793969849,0.923963133640553,0.99631696969697,1,0.6,15,13,30573364,Gm13_30573364_MG1
Gm13_30508465,30508465,0,0,150,66,1,0,-0.118550368550369,0.306451612903226,0.189000085477882,0.184886117816013,0.6,15,13,30573364,NA
Gm13_30508474,30508474,1,MG1,16,200,1,0,-0.351758793969849,0.923963133640553,0.99631696969697,1,0.6,15,13,30573364,Gm13_30573364_MG1
Gm13_30508516,30508516,0,0,169,41,7,0,-0.364247115525048,0.205069124423963,0.0998343289589977,0.0952896349653587,0.6,15,13,30573364,NA
Gm13_30508519,30508519,0,0,116,98,3,0,0.00823487289652691,0.45852534562212,0.164209724470843,0.162548918402321,0.6,15,13,30573364,NA
Gm13_30508543,30508543,0,0,143,73,1,0,-0.106480132128631,0.338709677419355,0.184448159433964,0.181235944074916,0.6,15,13,30573364,NA
Gm13_30508665,30508665,6,MG13,202,14,1,0,0.271335629544585,0.0668202764976959,0.918622266666667,0.918622266666667,0.6,15,13,30573364,Gm13_30573364_MG13
Gm13_30508758,30508758,0,0,144,72,1,0,-0.0931142410015648,0.334101382488479,0.183536934856264,0.180483848316245,0.6,15,13,30573364,NA
Gm13_30508788,30508788,6,MG13,202,14,1,0,0.271335629544585,0.0668202764976959,0.918622266666667,0.918622266666667,0.6,15,13,30573364,Gm13_30573364_MG13
Gm13_30509090,30509090,0,0,151,65,1,0,-0.12679401135777,0.30184331797235,0.187013778560273,0.183020611409198,0.6,15,13,30573364,NA
Gm13_30509289,30509289,0,0,143,65,9,0,-0.206219312602291,0.320276497695853,0.107948579439387,0.1031903393542,0.6,15,13,30573364,NA
Gm13_30509304,30509304,0,0,152,64,1,0,-0.090625,0.297235023041475,0.184425430809795,0.180451931024262,0.6,15,13,30573364,NA
Gm13_30509322,30509322,0,0,82,133,2,0,0.0151515151515151,0.617511520737327,0.138648937366264,0.135211731838376,0.6,15,13,30573364,NA
Gm13_30509340,30509340,0,0,157,59,1,0,-0.133406232914161,0.274193548387097,0.174289129398155,0.17087126954808,0.6,15,13,30573364,NA
Gm13_30509344,30509344,0,0,127,83,7,0,-0.0734457831325301,0.398617511520737,0.0944216680909756,0.0905746070104183,0.6,15,13,30573364,NA
Gm13_30509349,30509349,0,0,150,66,1,0,-0.118550368550369,0.306451612903226,0.189000085477882,0.184886117816013,0.6,15,13,30573364,NA
Gm13_30509351,30509351,0,0,150,66,1,0,-0.118550368550369,0.306451612903226,0.189000085477882,0.184886117816013,0.6,15,13,30573364,NA
Gm13_30509409,30509409,0,0,180,37,0,0,0.10507136349833,0.170506912442396,0.124037601376538,0.124446242625105,0.6,15,13,30573364,NA
Gm13_30509415,30509415,0,0,86,128,3,0,0.0144511347846223,0.596774193548387,0.133163672013189,0.130123188455253,0.6,15,13,30573364,NA
Gm13_30509425,30509425,0,0,53,163,1,0,-0.254273504273504,0.753456221198157,0.082334786295672,0.0840468931303797,0.6,15,13,30573364,NA
Gm13_30509431,30509431,0,0,126,90,1,0,0.00842293906810032,0.41705069124424,0.169559460914897,0.167073619366329,0.6,15,13,30573364,NA
Gm13_30509434,30509434,3,MG11,194,23,0,0,0.27241847826087,0.105990783410138,0.909439730769231,0.920357958333333,0.6,15,13,30573364,Gm13_30573364_MG11
Gm13_30509483,30509483,0,0,75,136,6,0,-0.324234488315874,0.640552995391705,0.0909462641283759,0.0899326762750148,0.6,15,13,30573364,NA
Gm13_30509512,30509512,0,0,205,12,0,0,-0.0915435139573071,0.0552995391705069,0.0868699525911162,0.0833384753449367,0.6,15,13,30573364,NA
Gm13_30509973,30509973,3,MG11,194,23,0,0,0.27241847826087,0.105990783410138,0.918423384615385,0.93009025,0.6,15,13,30573364,Gm13_30573364_MG11
Gm13_30510041,30510041,0,0,189,24,4,0,0.238636363636364,0.119815668202765,0.0651557712518679,0.0662103436066878,0.6,15,13,30573364,NA
Gm13_30510123,30510123,0,0,185,32,0,0,0.130976775956284,0.147465437788018,0.126412023028246,0.126933642213924,0.6,15,13,30573364,NA
Gm13_30510485,30510485,1,MG1,16,200,1,0,-0.351758793969849,0.923963133640553,0.99631696969697,1,0.6,15,13,30573364,Gm13_30573364_MG1
Gm13_30511060,30511060,0,0,150,66,1,0,-0.118550368550369,0.306451612903226,0.189000085477882,0.184886117816013,0.6,15,13,30573364,NA
Gm13_30511119,30511119,0,0,185,32,0,0,0.130976775956284,0.147465437788018,0.126412023028246,0.126933642213924,0.6,15,13,30573364,NA
Gm13_30511363,30511363,0,0,150,66,1,0,-0.118550368550369,0.306451612903226,0.189000085477882,0.184886117816013,0.6,15,13,30573364,NA
Gm13_30511501,30511501,0,0,205,12,0,0,-0.0915435139573071,0.0552995391705069,0.0868699525911162,0.0833384753449367,0.6,15,13,30573364,NA
Gm13_30511748,30511748,0,0,156,54,7,0,-0.271765271765272,0.264976958525346,0.104404194333417,0.0999591012075316,0.6,15,13,30573364,NA
Gm13_30511780,30511780,3,MG11,193,23,1,0,0.274300022763488,0.108294930875576,0.917185653846154,0.929605375,0.6,15,13,30573364,Gm13_30573364_MG11
Gm13_30511808,30511808,0,0,183,33,1,0,-0.329817512137954,0.154377880184332,0.127166936730068,0.123760661905274,0.6,15,13,30573364,NA
Gm13_30511809,30511809,0,0,183,33,1,0,-0.329817512137954,0.154377880184332,0.127166936730068,0.123760661905274,0.6,15,13,30573364,NA
Gm13_30512050,30512050,1,MG1,16,200,1,0,-0.351758793969849,0.923963133640553,0.99631696969697,1,0.6,15,13,30573364,Gm13_30573364_MG1
Gm13_30512129,30512129,0,0,169,41,7,0,-0.364247115525048,0.205069124423963,0.0998343289589977,0.0952896349653587,0.6,15,13,30573364,NA
Gm13_30512778,30512778,0,0,183,33,1,0,-0.329817512137954,0.154377880184332,0.127166936730068,0.123760661905274,0.6,15,13,30573364,NA
Gm13_30513794,30513794,0,0,156,56,5,0,-0.288961038961039,0.269585253456221,0.104091619506219,0.0995530573485865,0.6,15,13,30573364,NA
Gm13_30513844,30513844,0,0,156,54,7,0,-0.271765271765272,0.264976958525346,0.104404194333417,0.0999591012075316,0.6,15,13,30573364,NA
Gm13_30513889,30513889,1,MG1,16,200,1,0,-0.351758793969849,0.923963133640553,0.99631696969697,1,0.6,15,13,30573364,Gm13_30573364_MG1
Gm13_30514055,30514055,0,0,81,133,3,0,-0.324545541067859,0.619815668202765,0.066157839084738,0.0659035932286498,0.6,15,13,30573364,NA
Gm13_30514365,30514365,0,0,183,33,1,0,-0.329817512137954,0.154377880184332,0.127166936730068,0.123760661905274,0.6,15,13,30573364,NA
Gm13_30514606,30514606,3,MG11,193,23,1,0,0.274300022763488,0.108294930875576,0.917185653846154,0.929605375,0.6,15,13,30573364,Gm13_30573364_MG11
Gm13_30514652,30514652,0,0,66,149,2,0,-0.251559251559252,0.691244239631336,0.0821500425318968,0.0829451549609762,0.6,15,13,30573364,NA
Gm13_30514824,30514824,0,0,183,33,1,0,-0.329817512137954,0.154377880184332,0.127166936730068,0.123760661905274,0.6,15,13,30573364,NA
Gm13_30514857,30514857,3,MG11,193,23,1,0,0.274300022763488,0.108294930875576,0.917185653846154,0.929605375,0.6,15,13,30573364,Gm13_30573364_MG11
Gm13_30515072,30515072,0,0,181,33,3,0,-0.326730997122058,0.158986175115207,0.125182131362187,0.121949923318987,0.6,15,13,30573364,NA
Gm13_30517677,30517677,0,0,58,153,6,0,0.162280701754386,0.71889400921659,0.104780439618267,0.103514538803205,0.6,15,13,30573364,NA
Gm13_30517941,30517941,0,0,166,50,1,0,0.0675609756097562,0.232718894009217,0.0923285833966515,0.0917569966479536,0.6,15,13,30573364,NA
Gm13_30518013,30518013,0,0,206,11,0,0,0.156417112299465,0.0506912442396313,0.0766369811275626,0.0733825048291139,0.6,15,13,30573364,NA
Gm13_30518114,30518114,0,0,103,111,3,0,-0.0165016501650164,0.518433179723502,0.128459451566529,0.125228889471006,0.6,15,13,30573364,NA
Gm13_30518150,30518150,0,0,103,111,3,0,-0.0165016501650164,0.518433179723502,0.128459451566529,0.125228889471006,0.6,15,13,30573364,NA
Gm13_30518152,30518152,0,0,166,50,1,0,0.0675609756097562,0.232718894009217,0.0923285833966515,0.0917569966479536,0.6,15,13,30573364,NA
Gm13_30518329,30518329,3,MG11,194,23,0,0,0.27241847826087,0.105990783410138,0.918423384615385,0.93009025,0.6,15,13,30573364,Gm13_30573364_MG11
Gm13_30518513,30518513,2,MG10,196,21,0,0,0.102110947471772,0.0967741935483871,0.993849941176471,1,0.6,15,13,30573364,Gm13_30573364_MG10
Gm13_30518593,30518593,0,0,166,50,1,0,0.0675609756097562,0.232718894009217,0.0923285833966515,0.0917569966479536,0.6,15,13,30573364,NA
Gm13_30518895,30518895,0,0,160,57,0,0,-0.099711303575394,0.262672811059908,0.0979276712668633,0.0967060746965253,0.6,15,13,30573364,NA
Gm13_30518945,30518945,0,0,96,118,3,0,0.107422402159244,0.550691244239631,0.123161674077062,0.122641726413143,0.6,15,13,30573364,NA
Gm13_30519035,30519035,0,0,200,16,1,0,0.285092127303183,0.076036866359447,0.0500219627357631,0.0493321505295359,0.6,15,13,30573364,NA
Gm13_30519189,30519189,0,0,200,16,1,0,0.285092127303183,0.076036866359447,0.0500219627357631,0.0493321505295359,0.6,15,13,30573364,NA
Gm13_30519274,30519274,0,0,200,16,1,0,0.285092127303183,0.076036866359447,0.0500219627357631,0.0493321505295359,0.6,15,13,30573364,NA
Gm13_30519418,30519418,5,MG2,19,197,1,0,-0.357142857142857,0.910138248847926,0.979031636363636,0.98450255,0.6,15,13,30573364,Gm13_30573364_MG2
Gm13_30519546,30519546,5,0,21,195,1,0,-0.360824742268041,0.900921658986175,0.890419272727273,0.0828663220451266,0.6,15,13,30573364,NA
Gm13_30519724,30519724,0,0,188,25,4,0,-0.728817204301075,0.124423963133641,0.107086555873349,0.105298290228692,0.6,15,13,30573364,NA
Gm13_30519733,30519733,0,0,156,53,8,0,-0.230825777995589,0.262672811059908,0.0869322233908861,0.0832364586396392,0.6,15,13,30573364,NA
Gm13_30520172,30520172,0,0,198,18,1,0,-0.062358276643991,0.0852534562211982,0.0882306432196811,0.0884137442266667,0.6,15,13,30573364,NA
Gm13_30520202,30520202,1,MG1,16,200,1,0,-0.351758793969849,0.923963133640553,0.99631696969697,1,0.6,15,13,30573364,Gm13_30573364_MG1
Gm13_30520337,30520337,0,0,103,107,7,0,-0.13565281761821,0.509216589861751,0.0684553614888383,0.0684511623493671,0.6,15,13,30573364,NA
Gm13_30520415,30520415,0,0,200,16,1,0,0.285092127303183,0.076036866359447,0.0500219627357631,0.0493321505295359,0.6,15,13,30573364,NA
Gm13_30528544,30528544,0,0,201,15,1,0,0.355,0.0714285714285714,0.0499145737129841,0.0496022998514768,0.6,15,13,30573364,NA
Gm13_30528598,30528598,0,0,110,100,7,0,-0.089333704012603,0.476958525345622,0.102770335863426,0.101454916371401,0.6,15,13,30573364,NA
Gm13_30528655,30528655,4,MG12,187,29,1,0,-0.299720410065238,0.135944700460829,0.904308212121212,0.909603483870968,0.6,15,13,30573364,Gm13_30573364_MG12
Gm13_30528657,30528657,0,0,110,100,7,0,-0.089333704012603,0.476958525345622,0.102770335863426,0.101454916371401,0.6,15,13,30573364,NA
Gm13_30529240,30529240,1,MG1,16,200,1,0,-0.351758793969849,0.923963133640553,0.99631696969697,1,0.6,15,13,30573364,Gm13_30573364_MG1
Gm13_30529250,30529250,1,MG1,16,200,1,0,-0.351758793969849,0.923963133640553,0.99631696969697,1,0.6,15,13,30573364,Gm13_30573364_MG1
Gm13_30529309,30529309,0,0,48,167,2,0,-0.230581902076391,0.774193548387097,0.0657965170738497,0.0708894381133333,0.6,15,13,30573364,NA
Gm13_30529397,30529397,6,MG13,203,13,1,0,0.351485148514852,0.0622119815668203,0.952265466666667,0.952265466666667,0.6,15,13,30573364,Gm13_30573364_MG13
Gm13_30529402,30529402,1,MG1,16,200,1,0,-0.351758793969849,0.923963133640553,0.99631696969697,1,0.6,15,13,30573364,Gm13_30573364_MG1
Gm13_30529421,30529421,0,0,177,37,3,0,0.111042471042471,0.17741935483871,0.0998630400365877,0.0991863810465443,0.6,15,13,30573364,NA
Gm13_30529758,30529758,0,0,171,43,3,0,0.204073207651025,0.205069124423963,0.0905505547492027,0.093666687821097,0.6,15,13,30573364,NA
Gm13_30529826,30529826,1,MG1,16,200,1,0,-0.351758793969849,0.923963133640553,0.99631696969697,1,0.6,15,13,30573364,Gm13_30573364_MG1
Gm13_30529836,30529836,6,MG13,203,13,1,0,0.351485148514852,0.0622119815668203,0.952265466666667,0.952265466666667,0.6,15,13,30573364,Gm13_30573364_MG13
Gm13_30529886,30529886,6,MG13,203,13,1,0,0.351485148514852,0.0622119815668203,0.952265466666667,0.952265466666667,0.6,15,13,30573364,Gm13_30573364_MG13
Gm13_30530519,30530519,4,MG12,189,27,1,0,-0.346207169736581,0.126728110599078,0.950863515151515,0.954515096774194,0.6,15,13,30573364,Gm13_30573364_MG12
Gm13_30532542,30532542,1,MG1,16,200,1,0,-0.351758793969849,0.923963133640553,0.99631696969697,1,0.6,15,13,30573364,Gm13_30573364_MG1
Gm13_30532621,30532621,0,0,107,103,7,0,-0.060488346281909,0.490783410138249,0.103065278335558,0.101563760504873,0.6,15,13,30573364,NA
Gm13_30532992,30532992,4,MG12,189,27,1,0,-0.346207169736581,0.126728110599078,0.950863515151515,0.954515096774194,0.6,15,13,30573364,Gm13_30573364_MG12
Gm13_30533749,30533749,1,MG1,16,200,1,0,-0.351758793969849,0.923963133640553,0.99631696969697,1,0.6,15,13,30573364,Gm13_30573364_MG1
Gm13_30536047,30536047,2,MG10,196,21,0,0,0.102110947471772,0.0967741935483871,0.993849941176471,1,0.6,15,13,30573364,Gm13_30573364_MG10
Gm13_30536575,30536575,0,0,94,118,5,0,-0.0152910832719233,0.555299539170507,0.133791174379271,0.132241552918143,0.6,15,13,30573364,NA
Gm13_30536733,30536733,0,0,191,25,1,0,0.0133333333333332,0.117511520737327,0.09632567078041,0.101335015094093,0.6,15,13,30573364,NA
Gm13_30537557,30537557,0,0,137,74,6,0,0.233033033033033,0.354838709677419,0.10659967187713,0.105943830630295,0.6,15,13,30573364,NA
Gm13_30537604,30537604,0,0,62,148,7,0,0.14954954954955,0.69815668202765,0.123620076887933,0.123901612877221,0.6,15,13,30573364,NA
Gm13_30537615,30537615,0,0,190,26,1,0,0.0274140752864156,0.122119815668203,0.0792801520601093,0.0809784587012405,0.6,15,13,30573364,NA
Gm13_30537661,30537661,0,0,163,47,7,0,0.187392625875512,0.232718894009217,0.102344421861503,0.102524016070042,0.6,15,13,30573364,NA
Gm13_30537727,30537727,0,0,172,41,4,0,0.175466284074606,0.19815668202765,0.114154220883144,0.115004425923418,0.6,15,13,30573364,NA
Gm13_30537925,30537925,2,MG10,196,21,0,0,0.102110947471772,0.0967741935483871,0.993849941176471,1,0.6,15,13,30573364,Gm13_30573364_MG10
Gm13_30538120,30538120,0,0,177,40,0,0,0.129285714285714,0.184331797235023,0.116812334370615,0.116568948942405,0.6,15,13,30573364,NA
Gm13_30538128,30538128,0,0,177,40,0,0,0.129285714285714,0.184331797235023,0.116812334370615,0.116568948942405,0.6,15,13,30573364,NA
Gm13_30538269,30538269,0,0,35,180,2,0,-0.388888888888889,0.834101382488479,0.0733625986182232,0.0756435894375527,0.6,15,13,30573364,NA
Gm13_30538404,30538404,2,MG10,196,21,0,0,0.102110947471772,0.0967741935483871,0.993849941176471,1,0.6,15,13,30573364,Gm13_30573364_MG10
Gm13_30538439,30538439,8,MG4,105,106,6,0,0.0670452463821214,0.502304147465438,0.970234375,0.973742466666667,0.6,15,13,30573364,Gm13_30573364_MG4
Gm13_30539407,30539407,6,MG13,203,13,1,0,0.351485148514852,0.0622119815668203,0.952265466666667,0.952265466666667,0.6,15,13,30573364,Gm13_30573364_MG13
Gm13_30539921,30539921,8,MG4,105,106,6,0,0.0670452463821214,0.502304147465438,0.970234375,0.973742466666667,0.6,15,13,30573364,Gm13_30573364_MG4
Gm13_30539941,30539941,0,0,140,70,7,0,-0.0383022774327122,0.338709677419355,0.0945875799667426,0.0933763754544304,0.6,15,13,30573364,NA
Gm13_30539965,30539965,0,0,189,27,1,0,0.125371360665478,0.126728110599078,0.0896131828596811,0.0943318610113924,0.6,15,13,30573364,NA
Gm13_30540007,30540007,8,MG4,105,106,6,0,0.0670452463821214,0.502304147465438,0.970234375,0.973742466666667,0.6,15,13,30573364,Gm13_30573364_MG4
Gm13_30540284,30540284,0,0,130,81,6,0,-0.201937984496124,0.387096774193548,0.124750176501238,0.122673502877729,0.6,15,13,30573364,NA
Gm13_30540352,30540352,0,0,161,55,1,0,-0.116295025728988,0.255760368663594,0.154800298773804,0.152604804611962,0.6,15,13,30573364,NA
Gm13_30540416,30540416,1,MG1,16,200,1,0,-0.351758793969849,0.923963133640553,0.99631696969697,1,0.6,15,13,30573364,Gm13_30573364_MG1
Gm13_30540474,30540474,7,0,175,38,4,0,-0.395775085430258,0.184331797235023,0.924672947368421,0.117670182358629,0.6,15,13,30573364,NA
Gm13_30540480,30540480,0,0,177,36,4,0,0.266031746031746,0.175115207373272,0.101891563502186,0.0986270530642605,0.6,15,13,30573364,NA
Gm13_30540653,30540653,0,0,113,99,5,0,0.0764400764400763,0.467741935483871,0.154412353753557,0.151462379410995,0.6,15,13,30573364,NA
Gm13_30540660,30540660,0,0,113,99,5,0,0.0764400764400763,0.467741935483871,0.154412353753557,0.151462379410995,0.6,15,13,30573364,NA
Gm13_30540662,30540662,0,0,47,168,2,0,-0.169617287164801,0.778801843317972,0.0985211250275308,0.103674550356764,0.6,15,13,30573364,NA
Gm13_30540708,30540708,5,MG2,19,197,1,0,-0.357142857142857,0.910138248847926,0.979031636363636,0.98450255,0.6,15,13,30573364,Gm13_30573364_MG2
Gm13_30540778,30540778,0,0,155,58,4,0,0.243520396664413,0.276497695852535,0.115245671013781,0.113318912536395,0.6,15,13,30573364,NA
Gm13_30540827,30540827,0,0,155,58,4,0,0.243520396664413,0.276497695852535,0.115245671013781,0.113318912536395,0.6,15,13,30573364,NA
Gm13_30540841,30540841,0,0,169,44,4,0,-0.325442967884828,0.211981566820276,0.0961551417259453,0.0984089640331013,0.6,15,13,30573364,NA
Gm13_30540885,30540885,0,0,171,41,5,0,-0.341176470588235,0.200460829493088,0.109289818761435,0.111637422186224,0.6,15,13,30573364,NA
Gm13_30540937,30540937,0,0,154,60,3,0,0.251315789473684,0.283410138248848,0.116369872722323,0.114589463159346,0.6,15,13,30573364,NA
Gm13_30540940,30540940,0,0,149,61,7,0,-0.163063063063063,0.297235023041475,0.129950139559909,0.131496595499578,0.6,15,13,30573364,NA
Gm13_30541066,30541066,0,0,155,58,4,0,0.243520396664413,0.276497695852535,0.115245671013781,0.113318912536395,0.6,15,13,30573364,NA
Gm13_30541377,30541377,4,MG12,189,28,0,0,-0.359434682964095,0.129032258064516,0.957660545454545,0.961729290322581,0.6,15,13,30573364,Gm13_30573364_MG12
Gm13_30542375,30542375,0,0,156,59,2,0,0.24356152322254,0.276497695852535,0.115962680962005,0.11427976404331,0.6,15,13,30573364,NA
Gm13_30542424,30542424,0,0,154,59,4,0,0.248773416592328,0.28110599078341,0.116423776534601,0.114653493330148,0.6,15,13,30573364,NA
Gm13_30542743,30542743,0,0,177,36,4,0,0.266031746031746,0.175115207373272,0.101815421303211,0.098531520571961,0.6,15,13,30573364,NA
Gm13_30543159,30543159,8,MG4,105,106,6,0,0.0670452463821214,0.502304147465438,0.970234375,0.973742466666667,0.6,15,13,30573364,Gm13_30573364_MG4
Gm13_30543201,30543201,8,MG4,105,106,6,0,0.0670452463821214,0.502304147465438,0.970234375,0.973742466666667,0.6,15,13,30573364,Gm13_30573364_MG4
Gm13_30543320,30543320,8,MG4,105,106,6,0,0.0670452463821214,0.502304147465438,0.970234375,0.973742466666667,0.6,15,13,30573364,Gm13_30573364_MG4
Gm13_30544560,30544560,1,MG1,16,200,1,0,-0.351758793969849,0.923963133640553,0.99631696969697,1,0.6,15,13,30573364,Gm13_30573364_MG1
Gm13_30545045,30545045,4,MG12,186,31,0,0,-0.292601683029453,0.142857142857143,0.904269242424242,0.911475193548387,0.6,15,13,30573364,Gm13_30573364_MG12
Gm13_30545073,30545073,4,MG12,186,31,0,0,-0.292601683029453,0.142857142857143,0.904269242424242,0.911475193548387,0.6,15,13,30573364,Gm13_30573364_MG12
Gm13_30545528,30545528,0,0,123,90,4,0,0.0553719008264462,0.423963133640553,0.145871078661048,0.142277171525738,0.6,15,13,30573364,NA
Gm13_30545542,30545542,0,0,155,58,4,0,0.243520396664413,0.276497695852535,0.115245671013781,0.113318912536395,0.6,15,13,30573364,NA
Gm13_30545893,30545893,0,0,122,90,5,0,0.05,0.426267281105991,0.145661388140911,0.142096968953291,0.6,15,13,30573364,NA
Gm13_30546147,30546147,8,MG4,104,107,6,0,0.0734835990470954,0.506912442396313,0.9748838125,0.977468866666667,0.6,15,13,30573364,Gm13_30573364_MG4
Gm13_30546237,30546237,2,MG10,196,21,0,0,0.102110947471772,0.0967741935483871,0.993849941176471,1,0.6,15,13,30573364,Gm13_30573364_MG10
Gm13_30546287,30546287,7,MG7,174,37,6,0,-0.390333975594091,0.184331797235023,0.937860842105263,0.9492262,0.6,15,13,30573364,Gm13_30573364_MG7
Gm13_30546651,30546651,4,MG12,185,31,1,0,-0.291027674951525,0.145161290322581,0.901352696969697,0.908875838709677,0.6,15,13,30573364,Gm13_30573364_MG12
Gm13_30546749,30546749,0,0,176,37,4,0,0.271202236719478,0.179723502304147,0.103380066641207,0.100048443401667,0.6,15,13,30573364,NA
Gm13_30546791,30546791,8,MG4,104,107,6,0,0.0734835990470954,0.506912442396313,0.9748838125,0.977468866666667,0.6,15,13,30573364,Gm13_30573364_MG4
Gm13_30546815,30546815,8,MG4,104,107,6,0,0.0734835990470954,0.506912442396313,0.9748838125,0.977468866666667,0.6,15,13,30573364,Gm13_30573364_MG4
Gm13_30546962,30546962,2,MG10,196,21,0,0,0.102110947471772,0.0967741935483871,0.993849941176471,1,0.6,15,13,30573364,Gm13_30573364_MG10
Gm13_30547100,30547100,5,MG2,19,197,1,0,-0.357142857142857,0.910138248847926,0.979031636363636,0.98450255,0.6,15,13,30573364,Gm13_30573364_MG2
Gm13_30547133,30547133,7,MG7,176,37,4,0,-0.381746031746032,0.179723502304147,0.951220789473684,0.962305666666667,0.6,15,13,30573364,Gm13_30573364_MG7
Gm13_30547542,30547542,4,MG12,188,28,1,0,-0.357910906298003,0.131336405529954,0.948949272727273,0.953073032258065,0.6,15,13,30573364,Gm13_30573364_MG12
Gm13_30547833,30547833,4,MG12,187,30,0,0,-0.313513513513514,0.138248847926267,0.912291727272727,0.917967612903226,0.6,15,13,30573364,Gm13_30573364_MG12
Gm13_30548204,30548204,0,0,90,118,9,0,0.0159861325115562,0.564516129032258,0.148116502471508,0.146043230101249,0.6,15,13,30573364,NA
Gm13_30548373,30548373,8,MG4,104,106,7,0,0.0800961894191639,0.504608294930876,0.976429875,0.9782274,0.6,15,13,30573364,Gm13_30573364_MG4
Gm13_30549380,30549380,5,MG2,19,197,1,0,-0.357142857142857,0.910138248847926,0.979031636363636,0.98450255,0.6,15,13,30573364,Gm13_30573364_MG2
Gm13_30549497,30549497,3,MG11,194,22,1,0,0.263257575757576,0.1036866359447,0.938918230769231,0.946223083333333,0.6,15,13,30573364,Gm13_30573364_MG11
Gm13_30550146,30550146,0,0,180,35,2,0,0.256500802568218,0.165898617511521,0.0566591892700911,0.0559181461805274,0.6,15,13,30573364,NA
Gm13_30550342,30550342,4,MG12,186,30,1,0,-0.31195652173913,0.140552995391705,0.924789909090909,0.931811064516129,0.6,15,13,30573364,Gm13_30573364_MG12
Gm13_30550346,30550346,4,MG12,186,30,1,0,-0.31195652173913,0.140552995391705,0.924789909090909,0.931811064516129,0.6,15,13,30573364,Gm13_30573364_MG12
Gm13_30550390,30550390,0,0,206,11,0,0,-0.226827094474153,0.0506912442396313,0.0993620854865604,0.0960155790772152,0.6,15,13,30573364,NA
Gm13_30550418,30550418,4,MG12,188,29,0,0,-0.335743418613274,0.133640552995392,0.93741796969697,0.942526,0.6,15,13,30573364,Gm13_30573364_MG12
Gm13_30550696,30550696,0,0,206,11,0,0,-0.226827094474153,0.0506912442396313,0.0993620854865604,0.0960155790772152,0.6,15,13,30573364,NA
Gm13_30550749,30550749,0,0,204,13,0,0,-0.0578827113480578,0.0599078341013825,0.0775821249817768,0.0745268711329114,0.6,15,13,30573364,NA
Gm13_30550871,30550871,0,0,205,11,1,0,0.15808329601433,0.0529953917050691,0.0399028857959909,0.0425489553933333,0.6,15,13,30573364,NA
Gm13_30551290,30551290,0,0,168,44,5,0,-0.32391031889709,0.214285714285714,0.112054129257175,0.112510632371097,0.6,15,13,30573364,NA
Gm13_30551294,30551294,0,0,165,51,1,0,-0.156501864549501,0.237327188940092,0.170288960881321,0.168011891617932,0.6,15,13,30573364,NA
Gm13_30551315,30551315,2,0,195,22,0,0,0.114696184644371,0.101382488479263,0.94766231372549,0.109140117431646,0.6,15,13,30573364,NA
Gm13_30551368,30551368,0,0,166,50,1,0,-0.167317073170732,0.232718894009217,0.170741924415262,0.168562284426793,0.6,15,13,30573364,NA
Gm13_30551638,30551638,4,MG12,187,29,1,0,-0.334203168685927,0.135944700460829,0.943208151515152,0.949265709677419,0.6,15,13,30573364,Gm13_30573364_MG12
Gm13_30551650,30551650,2,MG10,196,21,0,0,0.102110947471772,0.0967741935483871,0.993849941176471,1,0.6,15,13,30573364,Gm13_30573364_MG10
Gm13_30551712,30551712,0,0,142,67,8,0,-0.161831076724694,0.327188940092166,0.129474273175581,0.129203563426329,0.6,15,13,30573364,NA
Gm13_30551769,30551769,0,0,149,63,5,0,-0.142857142857143,0.30184331797235,0.170049468528421,0.16671687886915,0.6,15,13,30573364,NA
Gm13_30551795,30551795,2,MG10,196,21,0,0,0.102110947471772,0.0967741935483871,0.993849941176471,1,0.6,15,13,30573364,Gm13_30573364_MG10
Gm13_30551798,30551798,2,MG10,196,21,0,0,0.102110947471772,0.0967741935483871,0.993849941176471,1,0.6,15,13,30573364,Gm13_30573364_MG10
Gm13_30551857,30551857,0,0,166,50,1,0,-0.167317073170732,0.232718894009217,0.170741924415262,0.168562284426793,0.6,15,13,30573364,NA
Gm13_30551908,30551908,0,0,150,63,4,0,-0.138030888030888,0.299539170506912,0.169786500017792,0.166418349681035,0.6,15,13,30573364,NA
Gm13_30551971,30551971,0,0,166,50,1,0,-0.167317073170732,0.232718894009217,0.170741924415262,0.168562284426793,0.6,15,13,30573364,NA
Gm13_30552017,30552017,2,0,195,22,0,0,0.114696184644371,0.101382488479263,0.949594803921569,0.107095860187764,0.6,15,13,30573364,NA
Gm13_30552065,30552065,8,MG4,105,105,7,0,0.0736939435968562,0.5,0.9716949375,0.971970533333333,0.6,15,13,30573364,Gm13_30573364_MG4
Gm13_30552144,30552144,4,MG12,189,28,0,0,-0.359434682964095,0.129032258064516,0.957660545454545,0.961729290322581,0.6,15,13,30573364,Gm13_30573364_MG12
Gm13_30552169,30552169,4,MG12,187,29,1,0,-0.334203168685927,0.135944700460829,0.943208151515152,0.949265709677419,0.6,15,13,30573364,Gm13_30573364_MG12
Gm13_30552280,30552280,0,0,206,11,0,0,-0.226827094474153,0.0506912442396313,0.0993620854865604,0.0960155790772152,0.6,15,13,30573364,NA
Gm13_30552396,30552396,0,0,138,71,8,0,-0.12992700729927,0.345622119815668,0.135546076722715,0.135076217028,0.6,15,13,30573364,NA
Gm13_30552644,30552644,4,MG12,187,29,1,0,-0.334203168685927,0.135944700460829,0.943208151515152,0.949265709677419,0.6,15,13,30573364,Gm13_30573364_MG12
Gm13_30552665,30552665,3,MG11,194,22,1,0,0.263257575757576,0.1036866359447,0.938918230769231,0.946223083333333,0.6,15,13,30573364,Gm13_30573364_MG11
Gm13_30552983,30552983,8,MG4,105,105,7,0,0.0736939435968562,0.5,0.9716949375,0.971970533333333,0.6,15,13,30573364,Gm13_30573364_MG4
Gm13_30553034,30553034,0,0,166,50,1,0,-0.167317073170732,0.232718894009217,0.170741924415262,0.168562284426793,0.6,15,13,30573364,NA
Gm13_30553147,30553147,0,0,150,63,4,0,-0.138030888030888,0.299539170506912,0.17037183173278,0.166997871248292,0.6,15,13,30573364,NA
Gm13_30553152,30553152,5,MG2,19,197,1,0,-0.357142857142857,0.910138248847926,0.979031636363636,0.98450255,0.6,15,13,30573364,Gm13_30573364_MG2
Gm13_30553169,30553169,0,0,166,50,1,0,-0.167317073170732,0.232718894009217,0.170741924415262,0.168562284426793,0.6,15,13,30573364,NA
Gm13_30554709,30554709,7,MG7,178,36,3,0,-0.363034705407587,0.172811059907834,0.978046894736842,0.991483066666667,0.6,15,13,30573364,Gm13_30573364_MG7
Gm13_30554740,30554740,0,0,205,12,0,0,0.261494252873563,0.0552995391705069,0.0717029279123007,0.068741946771097,0.6,15,13,30573364,NA
Gm13_30554756,30554756,4,MG12,189,28,0,0,-0.359434682964095,0.129032258064516,0.957660545454545,0.961729290322581,0.6,15,13,30573364,Gm13_30573364_MG12
Gm13_30554783,30554783,8,MG4,107,104,6,0,0.0733516483516483,0.493087557603687,0.9553488125,0.952995333333333,0.6,15,13,30573364,Gm13_30573364_MG4
Gm13_30554992,30554992,4,MG12,189,28,0,0,-0.359434682964095,0.129032258064516,0.957660545454545,0.961729290322581,0.6,15,13,30573364,Gm13_30573364_MG12
Gm13_30554999,30554999,2,MG10,196,21,0,0,0.102110947471772,0.0967741935483871,0.993849941176471,1,0.6,15,13,30573364,Gm13_30573364_MG10
Gm13_30555336,30555336,4,MG12,189,28,0,0,-0.359434682964095,0.129032258064516,0.957660545454545,0.961729290322581,0.6,15,13,30573364,Gm13_30573364_MG12
Gm13_30555439,30555439,5,0,20,196,1,0,-0.358974358974359,0.905529953917051,0.932731909090909,0.084718861843038,0.6,15,13,30573364,NA
Gm13_30555440,30555440,4,MG12,189,28,0,0,-0.359434682964095,0.129032258064516,0.957660545454545,0.961729290322581,0.6,15,13,30573364,Gm13_30573364_MG12
Gm13_30555643,30555643,2,MG10,196,21,0,0,0.102110947471772,0.0967741935483871,0.993849941176471,1,0.6,15,13,30573364,Gm13_30573364_MG10
Gm13_30556005,30556005,4,MG12,189,28,0,0,-0.359434682964095,0.129032258064516,0.957660545454545,0.961729290322581,0.6,15,13,30573364,Gm13_30573364_MG12
Gm13_30556040,30556040,0,0,94,116,7,0,0.0179910044977512,0.550691244239631,0.150473521092588,0.148475425999549,0.6,15,13,30573364,NA
Gm13_30556240,30556240,5,MG2,19,197,1,0,-0.357142857142857,0.910138248847926,0.979031636363636,0.98450255,0.6,15,13,30573364,Gm13_30573364_MG2
Gm13_30556245,30556245,7,MG7,178,36,3,0,-0.363034705407587,0.172811059907834,0.978046894736842,0.991483066666667,0.6,15,13,30573364,Gm13_30573364_MG7
Gm13_30556257,30556257,3,MG11,193,24,0,0,0.231020942408377,0.110599078341014,0.903475846153846,0.903457583333333,0.6,15,13,30573364,Gm13_30573364_MG11
Gm13_30556271,30556271,3,MG11,193,24,0,0,0.231020942408377,0.110599078341014,0.903475846153846,0.903457583333333,0.6,15,13,30573364,Gm13_30573364_MG11
Gm13_30556358,30556358,0,0,149,63,5,0,-0.142857142857143,0.30184331797235,0.170049468528421,0.16671687886915,0.6,15,13,30573364,NA
Gm13_30556412,30556412,2,MG10,196,21,0,0,0.102110947471772,0.0967741935483871,0.993849941176471,1,0.6,15,13,30573364,Gm13_30573364_MG10
Gm13_30556516,30556516,0,0,206,11,0,0,-0.226827094474153,0.0506912442396313,0.0993620854865604,0.0960155790772152,0.6,15,13,30573364,NA
Gm13_30556743,30556743,7,MG7,178,36,3,0,-0.363034705407587,0.172811059907834,0.978046894736842,0.991483066666667,0.6,15,13,30573364,Gm13_30573364_MG7
Gm13_30556763,30556763,7,MG7,178,36,3,0,-0.363034705407587,0.172811059907834,0.978046894736842,0.991483066666667,0.6,15,13,30573364,Gm13_30573364_MG7
Gm13_30556862,30556862,0,0,149,63,5,0,-0.142857142857143,0.30184331797235,0.170049468528421,0.16671687886915,0.6,15,13,30573364,NA
Gm13_30557154,30557154,0,0,203,12,2,0,-0.00497512437810932,0.0599078341013825,0.0335627200518633,0.0323083413286245,0.6,15,13,30573364,NA
Gm13_30557401,30557401,0,0,203,12,2,0,-0.00497512437810932,0.0599078341013825,0.0335627200518633,0.0323083413286245,0.6,15,13,30573364,NA
Gm13_30557764,30557764,4,MG12,189,28,0,0,-0.359434682964095,0.129032258064516,0.957660545454545,0.961729290322581,0.6,15,13,30573364,Gm13_30573364_MG12
Gm13_30557766,30557766,0,0,202,13,2,0,0.273076923076923,0.0645161290322581,0.0673833786633713,0.0643699715427637,0.6,15,13,30573364,NA
Gm13_30557819,30557819,0,0,190,25,2,0,0.281702127659574,0.119815668202765,0.0785978539886333,0.0771641535042405,0.6,15,13,30573364,NA
Gm13_30557902,30557902,2,0,195,22,0,0,0.114696184644371,0.101382488479263,0.949594803921569,0.107095860187764,0.6,15,13,30573364,NA
Gm13_30558254,30558254,0,0,175,38,4,0,-0.307271067843018,0.184331797235023,0.122309245186173,0.119135786765253,0.6,15,13,30573364,NA
Gm13_30558686,30558686,7,MG7,178,36,3,0,-0.363034705407587,0.172811059907834,0.978046894736842,0.991483066666667,0.6,15,13,30573364,Gm13_30573364_MG7
Gm13_30558802,30558802,4,MG12,187,29,1,0,-0.334203168685927,0.135944700460829,0.943208151515152,0.949265709677419,0.6,15,13,30573364,Gm13_30573364_MG12
Gm13_30558803,30558803,0,0,194,22,1,0,0.268465909090909,0.1036866359447,0.0748791196538041,0.0745943520844304,0.6,15,13,30573364,NA
Gm13_30558836,30558836,2,MG10,196,21,0,0,0.102110947471772,0.0967741935483871,0.993849941176471,1,0.6,15,13,30573364,Gm13_30573364_MG10
Gm13_30558851,30558851,0,0,176,37,4,0,0.303976390183287,0.179723502304147,0.107509064366223,0.104453955429688,0.6,15,13,30573364,NA
Gm13_30558899,30558899,0,0,137,73,7,0,-0.130718954248366,0.352534562211982,0.136017633000911,0.135714576893249,0.6,15,13,30573364,NA
Gm13_30558956,30558956,0,0,170,43,4,0,-0.305156382079459,0.207373271889401,0.10888647206697,0.109580837062025,0.6,15,13,30573364,NA
Gm13_30558991,30558991,0,0,137,73,7,0,-0.130718954248366,0.352534562211982,0.136017633000911,0.135714576893249,0.6,15,13,30573364,NA
Gm13_30558996,30558996,0,0,137,73,7,0,-0.130718954248366,0.352534562211982,0.136017633000911,0.135714576893249,0.6,15,13,30573364,NA
Gm13_30559063,30559063,2,MG10,196,21,0,0,0.102110947471772,0.0967741935483871,0.993849941176471,1,0.6,15,13,30573364,Gm13_30573364_MG10
Gm13_30559272,30559272,0,0,176,37,4,0,0.303976390183287,0.179723502304147,0.107509064366223,0.104453955429688,0.6,15,13,30573364,NA
Gm13_30559396,30559396,0,0,165,50,2,0,-0.165521472392638,0.235023041474654,0.171342875631929,0.169163008021977,0.6,15,13,30573364,NA
Gm13_30559466,30559466,2,MG10,196,21,0,0,0.102110947471772,0.0967741935483871,0.993849941176471,1,0.6,15,13,30573364,Gm13_30573364_MG10
Gm13_30559497,30559497,2,MG10,196,21,0,0,0.102110947471772,0.0967741935483871,0.993849941176471,1,0.6,15,13,30573364,Gm13_30573364_MG10
Gm13_30559976,30559976,4,MG12,186,30,1,0,-0.31195652173913,0.140552995391705,0.909210333333333,0.91522635483871,0.6,15,13,30573364,Gm13_30573364_MG12
Gm13_30560541,30560541,3,MG11,192,25,0,0,0.237894736842105,0.115207373271889,0.882499038461538,0.877188458333333,0.6,15,13,30573364,Gm13_30573364_MG11
Gm13_30560577,30560577,4,MG12,187,29,1,0,-0.334203168685927,0.135944700460829,0.943208151515152,0.949265709677419,0.6,15,13,30573364,Gm13_30573364_MG12
Gm13_30560750,30560750,2,MG10,196,21,0,0,0.102110947471772,0.0967741935483871,0.993849941176471,1,0.6,15,13,30573364,Gm13_30573364_MG10
Gm13_30560834,30560834,0,0,176,37,4,0,0.303976390183287,0.179723502304147,0.107509064366223,0.104453955429688,0.6,15,13,30573364,NA
Gm13_30560903,30560903,0,0,206,11,0,0,-0.226827094474153,0.0506912442396313,0.0993620854865604,0.0960155790772152,0.6,15,13,30573364,NA
Gm13_30561017,30561017,0,0,176,37,4,0,0.303976390183287,0.179723502304147,0.107509064366223,0.104453955429688,0.6,15,13,30573364,NA
Gm13_30561131,30561131,5,MG2,19,197,1,0,-0.357142857142857,0.910138248847926,0.979031636363636,0.98450255,0.6,15,13,30573364,Gm13_30573364_MG2
Gm13_30561428,30561428,4,MG12,189,28,0,0,-0.359434682964095,0.129032258064516,0.957660545454545,0.961729290322581,0.6,15,13,30573364,Gm13_30573364_MG12
Gm13_30561484,30561484,0,0,24,192,1,0,-0.317778283633053,0.887096774193548,0.0655706015904328,0.0716207641101266,0.6,15,13,30573364,NA
Gm13_30561893,30561893,2,MG10,196,21,0,0,0.102110947471772,0.0967741935483871,0.993849941176471,1,0.6,15,13,30573364,Gm13_30573364_MG10
Gm13_30561897,30561897,4,MG12,188,28,1,0,-0.357910906298003,0.131336405529954,0.948949272727273,0.953073032258065,0.6,15,13,30573364,Gm13_30573364_MG12
Gm13_30561920,30561920,0,0,96,116,5,0,0.0320983125458547,0.546082949308756,0.1514065066482,0.149328148002046,0.6,15,13,30573364,NA
Gm13_30562001,30562001,0,0,176,38,3,0,0.306110102843315,0.182027649769585,0.108121931327289,0.105086438464093,0.6,15,13,30573364,NA
Gm13_30562078,30562078,0,0,150,63,4,0,-0.138030888030888,0.299539170506912,0.17037183173278,0.166997871248292,0.6,15,13,30573364,NA
Gm13_30562484,30562484,0,0,176,38,3,0,0.306110102843315,0.182027649769585,0.108121931327289,0.105086438464093,0.6,15,13,30573364,NA
Gm13_30562577,30562577,1,0,15,201,1,0,-0.355,0.928571428571429,0.967164787878788,0.0831830995780591,0.6,15,13,30573364,NA
Gm13_30562587,30562587,2,0,194,22,1,0,0.116477272727273,0.1036866359447,0.934369803921569,0.108369737213713,0.6,15,13,30573364,NA
Gm13_30562608,30562608,0,0,134,75,8,0,-0.113696403170087,0.36405529953917,0.134339163443589,0.133929440784252,0.6,15,13,30573364,NA
Gm13_30562682,30562682,3,MG11,192,25,0,0,0.237894736842105,0.115207373271889,0.882499038461538,0.877188458333333,0.6,15,13,30573364,Gm13_30573364_MG11
Gm13_30563018,30563018,4,MG12,189,28,0,0,-0.359434682964095,0.129032258064516,0.957660545454545,0.961729290322581,0.6,15,13,30573364,Gm13_30573364_MG12
Gm13_30563563,30563563,0,0,150,63,4,0,-0.138030888030888,0.299539170506912,0.17037183173278,0.166997871248292,0.6,15,13,30573364,NA
Gm13_30563565,30563565,8,MG4,107,105,5,0,0.0761904761904761,0.495391705069124,0.952497375,0.949640733333333,0.6,15,13,30573364,Gm13_30573364_MG4
Gm13_30563566,30563566,0,0,176,38,3,0,0.306110102843315,0.182027649769585,0.108121931327289,0.105086438464093,0.6,15,13,30573364,NA
Gm13_30563919,30563919,0,0,205,12,0,0,0.261494252873563,0.0552995391705069,0.0717029279123007,0.068741946771097,0.6,15,13,30573364,NA
Gm13_30564322,30564322,2,MG10,196,21,0,0,0.102110947471772,0.0967741935483871,0.993849941176471,1,0.6,15,13,30573364,Gm13_30573364_MG10
Gm13_30564343,30564343,4,MG12,189,28,0,0,-0.359434682964095,0.129032258064516,0.957660545454545,0.961729290322581,0.6,15,13,30573364,Gm13_30573364_MG12
Gm13_30564459,30564459,0,0,184,31,2,0,0.0448422545196738,0.147465437788018,0.0913603825119932,0.094999480301192,0.6,15,13,30573364,NA
Gm13_30564883,30564883,2,MG10,196,21,0,0,0.102110947471772,0.0967741935483871,0.993849941176471,1,0.6,15,13,30573364,Gm13_30573364_MG10
Gm13_30564909,30564909,4,MG12,187,29,1,0,-0.334203168685927,0.135944700460829,0.943208151515152,0.949265709677419,0.6,15,13,30573364,Gm13_30573364_MG12
Gm13_30570825,30570825,2,MG10,196,21,0,0,0.102110947471772,0.0967741935483871,0.993849941176471,1,0.6,15,13,30573364,Gm13_30573364_MG10
Gm13_30571310,30571310,0,0,137,74,6,0,-0.138900080580177,0.354838709677419,0.136554458923346,0.136200880036601,0.6,15,13,30573364,NA
Gm13_30572111,30572111,6,MG13,203,13,1,0,0.351485148514852,0.0622119815668203,0.952265466666667,0.952265466666667,0.6,15,13,30573364,Gm13_30573364_MG13
Gm13_30573324,30573324,0,0,204,10,3,0,-0.0732673267326731,0.0529953917050691,0.0325512754038223,0.0316284104347637,0.6,15,13,30573364,NA
Gm13_30573364,30573364,6,MG13,203,14,0,0,0.351485148514852,0.0645161290322581,0.939078733333333,0.939078733333333,0.6,15,13,30573364,Gm13_30573364_MG13
Gm13_30574104,30574104,0,0,157,58,2,0,-0.157953281423804,0.271889400921659,0.16556535809795,0.162832114120253,0.6,15,13,30573364,NA
Gm13_30574173,30574173,0,0,22,193,2,0,-0.211309523809524,0.894009216589862,0.0664671419075171,0.0726863521907173,0.6,15,13,30573364,NA
Gm13_30574318,30574318,8,0,108,105,4,0,0.0821203953279424,0.493087557603687,0.948746,0.160067161424314,0.6,15,13,30573364,NA
Gm13_30574321,30574321,0,0,205,10,2,0,0.244827586206896,0.0506912442396313,0.0773910564920273,0.0742269876160338,0.6,15,13,30573364,NA
Gm13_30574390,30574390,0,0,150,63,4,0,-0.138030888030888,0.299539170506912,0.17037183173278,0.166997871248292,0.6,15,13,30573364,NA
Gm13_30574394,30574394,0,0,151,62,4,0,-0.146893266940896,0.294930875576037,0.171641223728018,0.167983147862025,0.6,15,13,30573364,NA
Gm13_30574464,30574464,3,MG11,192,25,0,0,0.237894736842105,0.115207373271889,0.882499038461538,0.877188458333333,0.6,15,13,30573364,Gm13_30573364_MG11
Gm13_30574715,30574715,0,0,186,31,0,0,-0.292601683029453,0.142857142857143,0.109866522362187,0.106966222166667,0.6,15,13,30573364,NA
Gm13_30574774,30574774,0,0,176,37,4,0,0.303976390183287,0.179723502304147,0.107709713151645,0.104828413482008,0.6,15,13,30573364,NA
Gm13_30574776,30574776,0,0,181,35,1,0,-0.320670391061453,0.163594470046083,0.112875080410934,0.109751766498734,0.6,15,13,30573364,NA
Gm13_30574839,30574839,5,MG2,18,198,1,0,-0.360406091370558,0.914746543778802,0.980373863636364,0.9884522,0.6,15,13,30573364,Gm13_30573364_MG2
Gm13_30575008,30575008,0,0,180,36,1,0,-0.241260923845193,0.168202764976959,0.109963592276806,0.106697956933582,0.6,15,13,30573364,NA
Gm13_30575029,30575029,0,0,170,43,4,0,-0.305156382079459,0.207373271889401,0.10888647206697,0.109580837062025,0.6,15,13,30573364,NA
Gm13_30575070,30575070,8,MG4,107,105,5,0,0.0761904761904761,0.495391705069124,0.952497375,0.949640733333333,0.6,15,13,30573364,Gm13_30573364_MG4
Gm13_30575138,30575138,0,0,176,38,3,0,0.306110102843315,0.182027649769585,0.107558522949248,0.104676500324937,0.6,15,13,30573364,NA
Gm13_30575285,30575285,0,0,155,62,0,0,-0.125237191650854,0.285714285714286,0.154116616721185,0.151363866461181,0.6,15,13,30573364,NA
Gm13_30575412,30575412,0,0,150,63,4,0,-0.138030888030888,0.299539170506912,0.17037183173278,0.166997871248292,0.6,15,13,30573364,NA
Gm13_30575482,30575482,0,0,150,63,4,0,-0.138030888030888,0.299539170506912,0.17037183173278,0.166997871248292,0.6,15,13,30573364,NA
Gm13_30575500,30575500,0,0,180,36,1,0,-0.241260923845193,0.168202764976959,0.109963592276806,0.106697956933582,0.6,15,13,30573364,NA
Gm13_30575626,30575626,0,0,151,63,3,0,-0.139980824544583,0.297235023041475,0.169618503690661,0.166246313996203,0.6,15,13,30573364,NA
Gm13_30575762,30575762,7,MG7,178,36,3,0,-0.363034705407587,0.172811059907834,0.978046894736842,0.991483066666667,0.6,15,13,30573364,Gm13_30573364_MG7
Gm13_30575775,30575775,2,MG10,196,21,0,0,0.102110947471772,0.0967741935483871,0.993849941176471,1,0.6,15,13,30573364,Gm13_30573364_MG10
Gm13_30575783,30575783,0,0,180,36,1,0,-0.241260923845193,0.168202764976959,0.109963592276806,0.106697956933582,0.6,15,13,30573364,NA
Gm13_30575869,30575869,0,0,176,38,3,0,0.306110102843315,0.182027649769585,0.107558522949248,0.104676500324937,0.6,15,13,30573364,NA
Gm13_30576004,30576004,0,0,150,63,4,0,-0.138030888030888,0.299539170506912,0.17037183173278,0.166997871248292,0.6,15,13,30573364,NA
Gm13_30576085,30576085,0,0,180,36,1,0,-0.241260923845193,0.168202764976959,0.109963592276806,0.106697956933582,0.6,15,13,30573364,NA
Gm13_30576148,30576148,2,MG10,196,21,0,0,0.102110947471772,0.0967741935483871,0.993849941176471,1,0.6,15,13,30573364,Gm13_30573364_MG10
Gm13_30576973,30576973,2,0,195,22,0,0,0.114696184644371,0.101382488479263,0.949594803921569,0.107095860187764,0.6,15,13,30573364,NA
Gm13_30577111,30577111,2,MG10,196,21,0,0,0.102110947471772,0.0967741935483871,0.993849941176471,1,0.6,15,13,30573364,Gm13_30573364_MG10
Gm13_30577310,30577310,0,0,169,45,3,0,0.165269461077844,0.214285714285714,0.109185768482232,0.108985525239873,0.6,15,13,30573364,NA
Gm13_30577846,30577846,5,MG2,18,198,1,0,-0.360406091370558,0.914746543778802,0.980373863636364,0.9884522,0.6,15,13,30573364,Gm13_30573364_MG2
Gm13_30577921,30577921,0,0,161,54,2,0,0.124039133473096,0.253456221198157,0.104193055725788,0.104088700682745,0.6,15,13,30573364,NA
Gm13_30578452,30578452,0,0,112,99,6,0,0.0414141414141413,0.470046082949309,0.164989473546014,0.16224508364211,0.6,15,13,30573364,NA
Gm13_30579037,30579037,0,0,112,99,6,0,0.0414141414141413,0.470046082949309,0.164989473546014,0.16224508364211,0.6,15,13,30573364,NA
Gm13_30579149,30579149,3,MG11,191,25,1,0,0.234497354497354,0.117511520737327,0.875001038461538,0.868184291666667,0.6,15,13,30573364,Gm13_30573364_MG11
Gm13_30579273,30579273,0,0,182,33,2,0,0.107575757575758,0.15668202764977,0.068953476122041,0.0671120238345485,0.6,15,13,30573364,NA
Gm13_30579309,30579309,0,0,112,99,6,0,0.0414141414141413,0.470046082949309,0.164989473546014,0.16224508364211,0.6,15,13,30573364,NA
Gm13_30579913,30579913,0,0,118,93,6,0,0.00287356321839094,0.442396313364055,0.167360064622323,0.165646055420253,0.6,15,13,30573364,NA
Gm13_30579925,30579925,0,0,129,82,6,0,-0.0709621663145765,0.391705069124424,0.174034831287084,0.172462124757447,0.6,15,13,30573364,NA
Gm13_30580098,30580098,0,0,200,15,2,0,0.215151515151515,0.0737327188940092,0.0685953939705298,0.0696082172427481,0.6,15,13,30573364,NA
Gm13_30580123,30580123,0,0,111,101,5,0,0.0127168680170768,0.476958525345622,0.147202786683371,0.145119622012658,0.6,15,13,30573364,NA
Gm13_30580220,30580220,0,0,200,15,2,0,0.215151515151515,0.0737327188940092,0.0685953939705298,0.0696082172427481,0.6,15,13,30573364,NA
Gm13_30580249,30580249,2,MG10,196,21,0,0,0.102110947471772,0.0967741935483871,0.993849941176471,1,0.6,15,13,30573364,Gm13_30573364_MG10
Gm13_30580254,30580254,4,0,187,29,1,0,-0.299720410065238,0.135944700460829,0.877657848484849,0.111021269388819,0.6,15,13,30573364,NA
Gm13_30580326,30580326,0,0,200,15,2,0,0.215151515151515,0.0737327188940092,0.0685953939705298,0.0696082172427481,0.6,15,13,30573364,NA
Gm13_30580343,30580343,0,0,200,15,2,0,0.215151515151515,0.0737327188940092,0.0685953939705298,0.0696082172427481,0.6,15,13,30573364,NA
Gm13_30580347,30580347,7,MG7,178,36,3,0,-0.363034705407587,0.172811059907834,0.978046894736842,0.991483066666667,0.6,15,13,30573364,Gm13_30573364_MG7
Gm13_30580351,30580351,0,0,200,15,2,0,0.215151515151515,0.0737327188940092,0.0685953939705298,0.0696082172427481,0.6,15,13,30573364,NA
Gm13_30580410,30580410,0,0,200,15,2,0,0.215151515151515,0.0737327188940092,0.0685953939705298,0.0696082172427481,0.6,15,13,30573364,NA
Gm13_30580438,30580438,2,MG10,196,21,0,0,0.102110947471772,0.0967741935483871,0.993849941176471,1,0.6,15,13,30573364,Gm13_30573364_MG10
Gm13_30580456,30580456,0,0,41,174,2,0,-0.219942196531792,0.806451612903226,0.109660535584761,0.117843998864367,0.6,15,13,30573364,NA
Gm13_30580527,30580527,0,0,200,15,2,0,0.215151515151515,0.0737327188940092,0.0685953939705298,0.0696082172427481,0.6,15,13,30573364,NA
Gm13_30580540,30580540,0,0,200,15,2,0,0.215151515151515,0.0737327188940092,0.0685953939705298,0.0696082172427481,0.6,15,13,30573364,NA
Gm13_30580568,30580568,3,0,190,26,1,0,0.19721767594108,0.122119815668203,0.843555423076923,0.0783681350042194,0.6,15,13,30573364,NA
Gm13_30580615,30580615,3,0,190,26,1,0,0.19721767594108,0.122119815668203,0.843555423076923,0.0783681350042194,0.6,15,13,30573364,NA
Gm13_30580620,30580620,0,0,206,11,0,0,-0.226827094474153,0.0506912442396313,0.0993620854865604,0.0960155790772152,0.6,15,13,30573364,NA
Gm13_30580630,30580630,9,MG3,56,157,4,0,-0.251981351981352,0.732718894009217,0.997941269230769,0.999466581967213,0.6,15,13,30573364,Gm13_30573364_MG3
Gm13_30580683,30580683,9,0,57,155,5,0,-0.25974025974026,0.725806451612903,0.969300669230769,0.141562149240127,0.6,15,13,30573364,NA
Gm13_30580839,30580839,9,MG3,56,157,4,0,-0.251981351981352,0.732718894009217,0.997941269230769,0.999466581967213,0.6,15,13,30573364,Gm13_30573364_MG3
Gm13_30580925,30580925,9,MG3,56,157,4,0,-0.251981351981352,0.732718894009217,0.997941269230769,0.999466581967213,0.6,15,13,30573364,Gm13_30573364_MG3
Gm13_30580942,30580942,9,MG3,56,157,4,0,-0.251981351981352,0.732718894009217,0.997941269230769,0.999466581967213,0.6,15,13,30573364,Gm13_30573364_MG3
Gm13_30581003,30581003,0,0,145,68,4,0,-0.162002487562189,0.32258064516129,0.138122522230592,0.139564702234662,0.6,15,13,30573364,NA
Gm13_30581273,30581273,9,MG3,56,157,4,0,-0.251981351981352,0.732718894009217,0.997941269230769,0.999466581967213,0.6,15,13,30573364,Gm13_30573364_MG3
Gm13_30581312,30581312,9,MG3,56,157,4,0,-0.251981351981352,0.732718894009217,0.997941269230769,0.999466581967213,0.6,15,13,30573364,Gm13_30573364_MG3
Gm13_30581380,30581380,9,0,57,156,4,0,-0.257142857142857,0.728110599078341,0.974930661538462,0.142742541645316,0.6,15,13,30573364,NA
Gm13_30581383,30581383,9,MG3,56,157,4,0,-0.251981351981352,0.732718894009217,0.997941269230769,0.999466581967213,0.6,15,13,30573364,Gm13_30573364_MG3
Gm13_30581393,30581393,9,MG3,56,157,4,0,-0.251981351981352,0.732718894009217,0.997941269230769,0.999466581967213,0.6,15,13,30573364,Gm13_30573364_MG3
Gm13_30581396,30581396,9,MG3,56,157,4,0,-0.251981351981352,0.732718894009217,0.997941269230769,0.999466581967213,0.6,15,13,30573364,Gm13_30573364_MG3
Gm13_30581562,30581562,0,0,145,68,4,0,-0.162002487562189,0.32258064516129,0.138122522230592,0.139564702234662,0.6,15,13,30573364,NA
Gm13_30581575,30581575,0,0,39,175,3,0,-0.145795523290986,0.813364055299539,0.121960836622142,0.129087883074094,0.6,15,13,30573364,NA
Gm13_30581629,30581629,9,MG3,56,157,4,0,-0.251981351981352,0.732718894009217,0.997941269230769,0.999466581967213,0.6,15,13,30573364,Gm13_30573364_MG3
Gm13_30581685,30581685,5,MG2,18,198,1,0,-0.360406091370558,0.914746543778802,0.980373863636364,0.9884522,0.6,15,13,30573364,Gm13_30573364_MG2
Gm13_30581703,30581703,5,MG2,18,198,1,0,-0.360406091370558,0.914746543778802,0.980373863636364,0.9884522,0.6,15,13,30573364,Gm13_30573364_MG2
Gm13_30581706,30581706,9,MG3,56,157,4,0,-0.251981351981352,0.732718894009217,0.997941269230769,0.999466581967213,0.6,15,13,30573364,Gm13_30573364_MG3
Gm13_30581738,30581738,0,0,48,166,3,0,-0.205544809800129,0.771889400921659,0.124187261763759,0.134553175989219,0.6,15,13,30573364,NA
Gm13_30581746,30581746,9,MG3,56,157,4,0,-0.251981351981352,0.732718894009217,0.997941269230769,0.999466581967213,0.6,15,13,30573364,Gm13_30573364_MG3
Gm13_30581923,30581923,0,0,193,22,2,0,0.0116611137553546,0.105990783410138,0.0797489499418907,0.0785787900651688,0.6,15,13,30573364,NA
Gm13_30581942,30581942,9,MG3,56,157,4,0,-0.251981351981352,0.732718894009217,0.997941269230769,0.999466581967213,0.6,15,13,30573364,Gm13_30573364_MG3
Gm13_30581956,30581956,9,MG3,56,157,4,0,-0.251981351981352,0.732718894009217,0.997941269230769,0.999466581967213,0.6,15,13,30573364,Gm13_30573364_MG3
Gm13_30581963,30581963,9,MG3,56,157,4,0,-0.251981351981352,0.732718894009217,0.997941269230769,0.999466581967213,0.6,15,13,30573364,Gm13_30573364_MG3
Gm13_30582044,30582044,2,MG10,196,21,0,0,0.102110947471772,0.0967741935483871,0.993849941176471,1,0.6,15,13,30573364,Gm13_30573364_MG10
Gm13_30582094,30582094,9,MG3,56,157,4,0,-0.251981351981352,0.732718894009217,0.997941269230769,0.999466581967213,0.6,15,13,30573364,Gm13_30573364_MG3
Gm13_30582178,30582178,0,0,48,166,3,0,-0.205544809800129,0.771889400921659,0.124187261763759,0.134553175989219,0.6,15,13,30573364,NA
Gm13_30582235,30582235,2,MG10,196,21,0,0,0.102110947471772,0.0967741935483871,0.993849941176471,1,0.6,15,13,30573364,Gm13_30573364_MG10
Gm13_30582260,30582260,0,0,77,136,4,0,-0.251169590643275,0.63594470046083,0.0927475366890592,0.102719790836492,0.6,15,13,30573364,NA
Gm13_30582354,30582354,9,MG3,56,157,4,0,-0.251981351981352,0.732718894009217,0.997941269230769,0.999466581967213,0.6,15,13,30573364,Gm13_30573364_MG3
Gm13_30582418,30582418,9,MG3,56,157,4,0,-0.251981351981352,0.732718894009217,0.997941269230769,0.999466581967213,0.6,15,13,30573364,Gm13_30573364_MG3
Gm13_30582459,30582459,9,MG3,56,157,4,0,-0.251981351981352,0.732718894009217,0.997941269230769,0.999466581967213,0.6,15,13,30573364,Gm13_30573364_MG3
Gm13_30582471,30582471,9,MG3,56,157,4,0,-0.251981351981352,0.732718894009217,0.997941269230769,0.999466581967213,0.6,15,13,30573364,Gm13_30573364_MG3
Gm13_30582489,30582489,2,MG10,196,21,0,0,0.102110947471772,0.0967741935483871,0.993849941176471,1,0.6,15,13,30573364,Gm13_30573364_MG10
Gm13_30582528,30582528,9,MG3,56,157,4,0,-0.251981351981352,0.732718894009217,0.997941269230769,0.999466581967213,0.6,15,13,30573364,Gm13_30573364_MG3
Gm13_30582723,30582723,0,0,29,187,1,0,-0.135176651305684,0.86405529953917,0.115377544547608,0.120690523536709,0.6,15,13,30573364,NA
Gm13_30582724,30582724,0,0,29,187,1,0,-0.135176651305684,0.86405529953917,0.115377544547608,0.120690523536709,0.6,15,13,30573364,NA
Gm13_30582762,30582762,9,MG3,56,157,4,0,-0.251981351981352,0.732718894009217,0.997941269230769,0.999466581967213,0.6,15,13,30573364,Gm13_30573364_MG3
Gm13_30582779,30582779,9,MG3,56,157,4,0,-0.251981351981352,0.732718894009217,0.997941269230769,0.999466581967213,0.6,15,13,30573364,Gm13_30573364_MG3
Gm13_30582911,30582911,9,MG3,56,157,4,0,-0.251981351981352,0.732718894009217,0.997941269230769,0.999466581967213,0.6,15,13,30573364,Gm13_30573364_MG3
Gm13_30582926,30582926,9,MG3,56,157,4,0,-0.251981351981352,0.732718894009217,0.997941269230769,0.999466581967213,0.6,15,13,30573364,Gm13_30573364_MG3
Gm13_30582969,30582969,9,MG3,56,157,4,0,-0.251981351981352,0.732718894009217,0.997941269230769,0.999466581967213,0.6,15,13,30573364,Gm13_30573364_MG3
Gm13_30583032,30583032,9,MG3,56,157,4,0,-0.251981351981352,0.732718894009217,0.997941269230769,0.999466581967213,0.6,15,13,30573364,Gm13_30573364_MG3
Gm13_30583123,30583123,9,MG3,56,157,4,0,-0.251981351981352,0.732718894009217,0.997941269230769,0.999466581967213,0.6,15,13,30573364,Gm13_30573364_MG3
Gm13_30583178,30583178,9,MG3,56,157,4,0,-0.251981351981352,0.732718894009217,0.997941269230769,0.999466581967213,0.6,15,13,30573364,Gm13_30573364_MG3
Gm13_30583186,30583186,2,MG10,196,21,0,0,0.102110947471772,0.0967741935483871,0.993849941176471,1,0.6,15,13,30573364,Gm13_30573364_MG10
Gm13_30583199,30583199,9,MG3,56,157,4,0,-0.251981351981352,0.732718894009217,0.997941269230769,0.999466581967213,0.6,15,13,30573364,Gm13_30573364_MG3
Gm13_30583357,30583357,9,MG3,56,157,4,0,-0.251981351981352,0.732718894009217,0.997941269230769,0.999466581967213,0.6,15,13,30573364,Gm13_30573364_MG3
Gm13_30583373,30583373,9,MG3,56,157,4,0,-0.251981351981352,0.732718894009217,0.997941269230769,0.999466581967213,0.6,15,13,30573364,Gm13_30573364_MG3
Gm13_30583482,30583482,0,0,193,22,2,0,0.0116611137553546,0.105990783410138,0.0797489499418907,0.0785787900651688,0.6,15,13,30573364,NA
Gm13_30583616,30583616,0,0,145,68,4,0,-0.162002487562189,0.32258064516129,0.138122522230592,0.139564702234662,0.6,15,13,30573364,NA
Gm13_30583637,30583637,9,MG3,56,157,4,0,-0.251981351981352,0.732718894009217,0.997941269230769,0.999466581967213,0.6,15,13,30573364,Gm13_30573364_MG3
Gm13_30583709,30583709,9,MG3,56,157,4,0,-0.251981351981352,0.732718894009217,0.997941269230769,0.999466581967213,0.6,15,13,30573364,Gm13_30573364_MG3
Gm13_30583731,30583731,0,0,29,186,2,0,-0.137065637065637,0.861751152073733,0.115647428216173,0.12079148834789,0.6,15,13,30573364,NA
Gm13_30583749,30583749,0,0,56,159,2,0,0.120713463751438,0.737327188940092,0.0863159617021371,0.0872398436333928,0.6,15,13,30573364,NA
Gm13_30583830,30583830,2,MG10,196,21,0,0,0.102110947471772,0.0967741935483871,0.993849941176471,1,0.6,15,13,30573364,Gm13_30573364_MG10
Gm13_30583976,30583976,0,0,59,154,4,0,-0.267297723687176,0.71889400921659,0.126490430780911,0.138561144351941,0.6,15,13,30573364,NA
Gm13_30584015,30584015,9,MG3,56,157,4,0,-0.251981351981352,0.732718894009217,0.997941269230769,0.999466581967213,0.6,15,13,30573364,Gm13_30573364_MG3
Gm13_30584331,30584331,9,MG3,56,157,4,0,-0.251981351981352,0.732718894009217,0.997941269230769,0.999466581967213,0.6,15,13,30573364,Gm13_30573364_MG3
Gm13_30584366,30584366,9,MG3,56,157,4,0,-0.251981351981352,0.732718894009217,0.997941269230769,0.999466581967213,0.6,15,13,30573364,Gm13_30573364_MG3
Gm13_30584548,30584548,9,MG3,56,157,4,0,-0.251981351981352,0.732718894009217,0.997941269230769,0.999466581967213,0.6,15,13,30573364,Gm13_30573364_MG3
Gm13_30584636,30584636,2,MG10,196,21,0,0,0.102110947471772,0.0967741935483871,0.993849941176471,1,0.6,15,13,30573364,Gm13_30573364_MG10
Gm13_30584638,30584638,0,0,29,187,1,0,-0.135176651305684,0.86405529953917,0.115377544547608,0.120690523536709,0.6,15,13,30573364,NA
Gm13_30584678,30584678,9,MG3,56,157,4,0,-0.251981351981352,0.732718894009217,0.997941269230769,0.999466581967213,0.6,15,13,30573364,Gm13_30573364_MG3
Gm13_30584680,30584680,0,0,48,166,3,0,-0.205544809800129,0.771889400921659,0.124187261763759,0.134553175989219,0.6,15,13,30573364,NA
Gm13_30584698,30584698,5,MG2,18,198,1,0,-0.360406091370558,0.914746543778802,0.980373863636364,0.9884522,0.6,15,13,30573364,Gm13_30573364_MG2
Gm13_30584708,30584708,9,MG3,56,157,4,0,-0.251981351981352,0.732718894009217,0.997941269230769,0.999466581967213,0.6,15,13,30573364,Gm13_30573364_MG3
Gm13_30584732,30584732,9,MG3,56,157,4,0,-0.251981351981352,0.732718894009217,0.997941269230769,0.999466581967213,0.6,15,13,30573364,Gm13_30573364_MG3
Gm13_30584768,30584768,9,MG3,56,157,4,0,-0.251981351981352,0.732718894009217,0.997941269230769,0.999466581967213,0.6,15,13,30573364,Gm13_30573364_MG3
Gm13_30584787,30584787,2,MG10,196,21,0,0,0.102110947471772,0.0967741935483871,0.993849941176471,1,0.6,15,13,30573364,Gm13_30573364_MG10
Gm13_30584818,30584818,0,0,189,26,2,0,0.193747429041547,0.124423963133641,0.0782679023120729,0.0789641089135021,0.6,15,13,30573364,NA
Gm13_30584866,30584866,0,0,48,166,3,0,-0.205544809800129,0.771889400921659,0.124187261763759,0.134553175989219,0.6,15,13,30573364,NA
Gm13_30584876,30584876,9,MG3,56,157,4,0,-0.251981351981352,0.732718894009217,0.997941269230769,0.999466581967213,0.6,15,13,30573364,Gm13_30573364_MG3
Gm13_30584900,30584900,0,0,29,187,1,0,-0.135176651305684,0.86405529953917,0.115377544547608,0.120690523536709,0.6,15,13,30573364,NA
Gm13_30584906,30584906,5,MG2,18,198,1,0,-0.360406091370558,0.914746543778802,0.980373863636364,0.9884522,0.6,15,13,30573364,Gm13_30573364_MG2
Gm13_30584953,30584953,9,MG3,56,157,4,0,-0.251981351981352,0.732718894009217,0.997941269230769,0.999466581967213,0.6,15,13,30573364,Gm13_30573364_MG3
Gm13_30585017,30585017,9,MG3,56,157,4,0,-0.251981351981352,0.732718894009217,0.997941269230769,0.999466581967213,0.6,15,13,30573364,Gm13_30573364_MG3
Gm13_30585288,30585288,0,0,126,86,5,0,-0.0459489872468117,0.407834101382488,0.172753791031207,0.171565006883333,0.6,15,13,30573364,NA
Gm13_30585291,30585291,9,MG3,56,157,4,0,-0.251981351981352,0.732718894009217,0.997941269230769,0.999466581967213,0.6,15,13,30573364,Gm13_30573364_MG3
Gm13_30585508,30585508,7,MG7,178,36,3,0,-0.363034705407587,0.172811059907834,0.978046894736842,0.991483066666667,0.6,15,13,30573364,Gm13_30573364_MG7
Gm13_30585690,30585690,9,MG3,56,157,4,0,-0.251981351981352,0.732718894009217,0.997941269230769,0.999466581967213,0.6,15,13,30573364,Gm13_30573364_MG3
Gm13_30585932,30585932,9,MG3,56,157,4,0,-0.251981351981352,0.732718894009217,0.997941269230769,0.999466581967213,0.6,15,13,30573364,Gm13_30573364_MG3
Gm13_30586644,30586644,9,MG3,56,157,4,0,-0.251981351981352,0.732718894009217,0.997941269230769,0.999466581967213,0.6,15,13,30573364,Gm13_30573364_MG3
Gm13_30586769,30586769,9,MG3,56,157,4,0,-0.251981351981352,0.732718894009217,0.997941269230769,0.999466581967213,0.6,15,13,30573364,Gm13_30573364_MG3
Gm13_30586780,30586780,9,MG3,56,157,4,0,-0.251981351981352,0.732718894009217,0.997941269230769,0.999466581967213,0.6,15,13,30573364,Gm13_30573364_MG3
Gm13_30586854,30586854,9,MG3,56,157,4,0,-0.251981351981352,0.732718894009217,0.997941269230769,0.999466581967213,0.6,15,13,30573364,Gm13_30573364_MG3
Gm13_30586869,30586869,9,MG3,56,157,4,0,-0.251981351981352,0.732718894009217,0.997941269230769,0.999466581967213,0.6,15,13,30573364,Gm13_30573364_MG3
Gm13_30586929,30586929,0,0,48,166,3,0,-0.205544809800129,0.771889400921659,0.124187261763759,0.134553175989219,0.6,15,13,30573364,NA
Gm13_30586951,30586951,9,MG3,56,157,4,0,-0.251981351981352,0.732718894009217,0.997941269230769,0.999466581967213,0.6,15,13,30573364,Gm13_30573364_MG3
Gm13_30587059,30587059,0,0,29,187,1,0,-0.135176651305684,0.86405529953917,0.115377544547608,0.120690523536709,0.6,15,13,30573364,NA
Gm13_30587083,30587083,9,MG3,56,157,4,0,-0.251981351981352,0.732718894009217,0.997941269230769,0.999466581967213,0.6,15,13,30573364,Gm13_30573364_MG3
Gm13_30587185,30587185,9,MG3,56,157,4,0,-0.251981351981352,0.732718894009217,0.997941269230769,0.999466581967213,0.6,15,13,30573364,Gm13_30573364_MG3
Gm13_30587253,30587253,0,0,77,136,4,0,-0.251169590643275,0.63594470046083,0.0927475366890592,0.102719790836492,0.6,15,13,30573364,NA
Gm13_30587359,30587359,0,0,144,68,5,0,-0.16010854816825,0.324884792626728,0.138538411132082,0.140005133516844,0.6,15,13,30573364,NA
Gm13_30587501,30587501,9,0,57,156,4,0,-0.257142857142857,0.728110599078341,0.975646353846154,0.142531186244684,0.6,15,13,30573364,NA
Gm13_30587562,30587562,2,MG10,196,21,0,0,0.102110947471772,0.0967741935483871,0.993849941176471,1,0.6,15,13,30573364,Gm13_30573364_MG10
Gm13_30587563,30587563,0,0,202,15,0,0,0.14,0.0691244239631336,0.0869896282134396,0.0846489814044304,0.6,15,13,30573364,NA
Gm13_30587687,30587687,5,MG2,18,198,1,0,-0.360406091370558,0.914746543778802,0.980373863636364,0.9884522,0.6,15,13,30573364,Gm13_30573364_MG2
Gm13_30587737,30587737,0,0,193,22,2,0,0.0116611137553546,0.105990783410138,0.0797489499418907,0.0785787900651688,0.6,15,13,30573364,NA
Gm13_30587784,30587784,0,0,48,166,3,0,-0.205544809800129,0.771889400921659,0.124187261763759,0.134553175989219,0.6,15,13,30573364,NA
Gm13_30587834,30587834,9,0,57,156,4,0,-0.257142857142857,0.728110599078341,0.975646353846154,0.142531186244684,0.6,15,13,30573364,NA
Gm13_30587861,30587861,7,MG7,178,36,3,0,-0.363034705407587,0.172811059907834,0.978046894736842,0.991483066666667,0.6,15,13,30573364,Gm13_30573364_MG7
Gm13_30587879,30587879,9,0,57,156,4,0,-0.257142857142857,0.728110599078341,0.975646353846154,0.142531186244684,0.6,15,13,30573364,NA
Gm13_30587913,30587913,9,MG3,56,157,4,0,-0.251981351981352,0.732718894009217,0.997941269230769,0.999466581967213,0.6,15,13,30573364,Gm13_30573364_MG3
Gm13_30587927,30587927,9,MG3,56,157,4,0,-0.251981351981352,0.732718894009217,0.997941269230769,0.999466581967213,0.6,15,13,30573364,Gm13_30573364_MG3
Gm13_30587931,30587931,9,MG3,56,157,4,0,-0.251981351981352,0.732718894009217,0.997941269230769,0.999466581967213,0.6,15,13,30573364,Gm13_30573364_MG3
Gm13_30588151,30588151,9,MG3,56,157,4,0,-0.251981351981352,0.732718894009217,0.997941269230769,0.999466581967213,0.6,15,13,30573364,Gm13_30573364_MG3
Gm13_30588169,30588169,2,MG10,196,21,0,0,0.102110947471772,0.0967741935483871,0.993849941176471,1,0.6,15,13,30573364,Gm13_30573364_MG10
Gm13_30588231,30588231,9,MG3,56,157,4,0,-0.251981351981352,0.732718894009217,0.997941269230769,0.999466581967213,0.6,15,13,30573364,Gm13_30573364_MG3
Gm13_30588254,30588254,9,MG3,56,157,4,0,-0.251981351981352,0.732718894009217,0.997941269230769,0.999466581967213,0.6,15,13,30573364,Gm13_30573364_MG3
Gm13_30588501,30588501,9,MG3,56,157,4,0,-0.251981351981352,0.732718894009217,0.997941269230769,0.999466581967213,0.6,15,13,30573364,Gm13_30573364_MG3
Gm13_30591742,30591742,0,0,49,165,3,0,-0.265243902439024,0.767281105990783,0.113471628605239,0.124011902284177,0.6,15,13,30573364,NA
Gm13_30591765,30591765,9,MG3,56,157,4,0,-0.251981351981352,0.732718894009217,0.997941269230769,0.999466581967213,0.6,15,13,30573364,Gm13_30573364_MG3
Gm13_30591815,30591815,9,MG3,56,157,4,0,-0.251981351981352,0.732718894009217,0.997941269230769,0.999466581967213,0.6,15,13,30573364,Gm13_30573364_MG3
Gm13_30591926,30591926,9,MG3,56,157,4,0,-0.251981351981352,0.732718894009217,0.997941269230769,0.999466581967213,0.6,15,13,30573364,Gm13_30573364_MG3
Gm13_30591954,30591954,0,0,202,15,0,0,0.14,0.0691244239631336,0.0869896282134396,0.0846489814044304,0.6,15,13,30573364,NA
Gm13_30591989,30591989,9,MG3,56,157,4,0,-0.251981351981352,0.732718894009217,0.997941269230769,0.999466581967213,0.6,15,13,30573364,Gm13_30573364_MG3
Gm13_30592339,30592339,9,0,59,158,0,0,-0.26334285086756,0.728110599078341,0.976244823076923,0.144211277315745,0.6,15,13,30573364,NA
Gm13_30592525,30592525,9,MG3,56,157,4,0,-0.251981351981352,0.732718894009217,0.997941269230769,0.999466581967213,0.6,15,13,30573364,Gm13_30573364_MG3
Gm13_30592527,30592527,9,MG3,56,157,4,0,-0.251981351981352,0.732718894009217,0.997941269230769,0.999466581967213,0.6,15,13,30573364,Gm13_30573364_MG3
Gm13_30592560,30592560,9,MG3,56,157,4,0,-0.251981351981352,0.732718894009217,0.997941269230769,0.999466581967213,0.6,15,13,30573364,Gm13_30573364_MG3
Gm13_30592600,30592600,9,MG3,56,157,4,0,-0.251981351981352,0.732718894009217,0.997941269230769,0.999466581967213,0.6,15,13,30573364,Gm13_30573364_MG3
Gm13_30593421,30593421,9,0,59,157,1,0,-0.259504862953139,0.725806451612903,0.971645269230769,0.144715905878477,0.6,15,13,30573364,NA
Gm13_30593756,30593756,0,0,176,36,5,0,-0.195402298850575,0.17741935483871,0.105588077049431,0.103696269292616,0.6,15,13,30573364,NA
Gm13_30593803,30593803,9,MG3,56,157,4,0,-0.251981351981352,0.732718894009217,0.997941269230769,0.999466581967213,0.6,15,13,30573364,Gm13_30573364_MG3
Gm13_30593835,30593835,9,MG3,56,157,4,0,-0.251981351981352,0.732718894009217,0.997941269230769,0.999466581967213,0.6,15,13,30573364,Gm13_30573364_MG3
Gm13_30593894,30593894,0,0,202,13,2,0,0.186153846153846,0.0645161290322581,0.0473619466944009,0.0488562309870084,0.6,15,13,30573364,NA
Gm13_30594040,30594040,9,MG3,56,157,4,0,-0.251981351981352,0.732718894009217,0.997941269230769,0.999466581967213,0.6,15,13,30573364,Gm13_30573364_MG3
Gm13_30594098,30594098,9,MG3,56,157,4,0,-0.251981351981352,0.732718894009217,0.997941269230769,0.999466581967213,0.6,15,13,30573364,Gm13_30573364_MG3
Gm13_30594245,30594245,9,MG3,56,157,4,0,-0.251981351981352,0.732718894009217,0.997941269230769,0.999466581967213,0.6,15,13,30573364,Gm13_30573364_MG3
Gm13_30594652,30594652,9,0,59,157,1,0,-0.259504862953139,0.725806451612903,0.971645269230769,0.144715905878477,0.6,15,13,30573364,NA
Gm13_30594795,30594795,9,MG3,56,157,4,0,-0.251981351981352,0.732718894009217,0.997941269230769,0.999466581967213,0.6,15,13,30573364,Gm13_30573364_MG3
Gm13_30594802,30594802,9,MG3,56,157,4,0,-0.251981351981352,0.732718894009217,0.997941269230769,0.999466581967213,0.6,15,13,30573364,Gm13_30573364_MG3
Gm13_30598661,30598661,0,0,187,27,3,0,0.155355355355355,0.131336405529954,0.0796889221252847,0.0802034894789029,0.6,15,13,30573364,NA
Gm13_30598937,30598937,9,MG3,56,157,4,0,-0.251981351981352,0.732718894009217,0.997941269230769,0.999466581967213,0.6,15,13,30573364,Gm13_30573364_MG3
Gm13_30598998,30598998,9,MG3,56,157,4,0,-0.251981351981352,0.732718894009217,0.997941269230769,0.999466581967213,0.6,15,13,30573364,Gm13_30573364_MG3
Gm13_30599117,30599117,9,MG3,56,157,4,0,-0.251981351981352,0.732718894009217,0.997941269230769,0.999466581967213,0.6,15,13,30573364,Gm13_30573364_MG3
Gm13_30599160,30599160,5,MG2,18,198,1,0,-0.360406091370558,0.914746543778802,0.980373863636364,0.9884522,0.6,15,13,30573364,Gm13_30573364_MG2
Gm13_30599847,30599847,0,0,144,69,4,0,-0.168449197860963,0.327188940092166,0.137630823561815,0.139109797349445,0.6,15,13,30573364,NA
Gm13_30599942,30599942,9,MG3,56,157,4,0,-0.251981351981352,0.732718894009217,0.997941269230769,0.999466581967213,0.6,15,13,30573364,Gm13_30573364_MG3
Gm13_30600113,30600113,9,MG3,56,157,4,0,-0.251981351981352,0.732718894009217,0.997941269230769,0.999466581967213,0.6,15,13,30573364,Gm13_30573364_MG3
Gm13_30600134,30600134,9,MG3,56,157,4,0,-0.251981351981352,0.732718894009217,0.997941269230769,0.999466581967213,0.6,15,13,30573364,Gm13_30573364_MG3
Gm13_30600202,30600202,9,MG3,56,157,4,0,-0.251981351981352,0.732718894009217,0.997941269230769,0.999466581967213,0.6,15,13,30573364,Gm13_30573364_MG3
Gm13_30600267,30600267,0,0,77,136,4,0,-0.251169590643275,0.63594470046083,0.0927475366890592,0.102719790836492,0.6,15,13,30573364,NA
Gm13_30600775,30600775,9,MG3,56,157,4,0,-0.251981351981352,0.732718894009217,0.997941269230769,0.999466581967213,0.6,15,13,30573364,Gm13_30573364_MG3
Gm13_30601340,30601340,9,MG3,56,157,4,0,-0.251981351981352,0.732718894009217,0.997941269230769,0.999466581967213,0.6,15,13,30573364,Gm13_30573364_MG3
Gm13_30601516,30601516,2,MG10,196,21,0,0,0.102110947471772,0.0967741935483871,0.993849941176471,1,0.6,15,13,30573364,Gm13_30573364_MG10
Gm13_30601574,30601574,9,MG3,56,157,4,0,-0.251981351981352,0.732718894009217,0.997941269230769,0.999466581967213,0.6,15,13,30573364,Gm13_30573364_MG3
Gm13_30601829,30601829,9,MG3,56,157,4,0,-0.251981351981352,0.732718894009217,0.997941269230769,0.999466581967213,0.6,15,13,30573364,Gm13_30573364_MG3
Gm13_30601873,30601873,5,MG2,18,198,1,0,-0.360406091370558,0.914746543778802,0.980373863636364,0.9884522,0.6,15,13,30573364,Gm13_30573364_MG2
Gm13_30602820,30602820,9,MG3,56,157,4,0,-0.251981351981352,0.732718894009217,0.997941269230769,0.999466581967213,0.6,15,13,30573364,Gm13_30573364_MG3
Gm13_30603047,30603047,9,MG3,56,157,4,0,-0.251981351981352,0.732718894009217,0.997941269230769,0.999466581967213,0.6,15,13,30573364,Gm13_30573364_MG3
Gm13_30603488,30603488,5,MG2,18,198,1,0,-0.360406091370558,0.914746543778802,0.980373863636364,0.9884522,0.6,15,13,30573364,Gm13_30573364_MG2
Gm13_30603603,30603603,9,MG3,56,157,4,0,-0.251981351981352,0.732718894009217,0.997941269230769,0.999466581967213,0.6,15,13,30573364,Gm13_30573364_MG3
Gm13_30603607,30603607,9,MG3,56,157,4,0,-0.251981351981352,0.732718894009217,0.997941269230769,0.999466581967213,0.6,15,13,30573364,Gm13_30573364_MG3
Gm13_30603643,30603643,2,MG10,196,21,0,0,0.102110947471772,0.0967741935483871,0.993849941176471,1,0.6,15,13,30573364,Gm13_30573364_MG10
Gm13_30603731,30603731,0,0,202,13,2,0,0.186153846153846,0.0645161290322581,0.0473619466944009,0.0488562309870084,0.6,15,13,30573364,NA
Gm13_30603766,30603766,2,MG10,196,21,0,0,0.102110947471772,0.0967741935483871,0.993849941176471,1,0.6,15,13,30573364,Gm13_30573364_MG10
Gm13_30603881,30603881,2,MG10,196,21,0,0,0.102110947471772,0.0967741935483871,0.993849941176471,1,0.6,15,13,30573364,Gm13_30573364_MG10
Gm13_30603949,30603949,9,MG3,56,157,4,0,-0.251981351981352,0.732718894009217,0.997941269230769,0.999466581967213,0.6,15,13,30573364,Gm13_30573364_MG3
Gm13_30604088,30604088,9,MG3,56,157,4,0,-0.251981351981352,0.732718894009217,0.997941269230769,0.999466581967213,0.6,15,13,30573364,Gm13_30573364_MG3
Gm13_30604697,30604697,9,MG3,56,157,4,0,-0.251981351981352,0.732718894009217,0.997941269230769,0.999466581967213,0.6,15,13,30573364,Gm13_30573364_MG3
Gm13_30604938,30604938,9,MG3,56,157,4,0,-0.251981351981352,0.732718894009217,0.997941269230769,0.999466581967213,0.6,15,13,30573364,Gm13_30573364_MG3
Gm13_30605017,30605017,0,0,29,187,1,0,-0.135176651305684,0.86405529953917,0.115377544547608,0.120690523536709,0.6,15,13,30573364,NA
Gm13_30605484,30605484,0,0,191,22,4,0,0.0151515151515151,0.110599078341014,0.0793074368705444,0.0780693893906519,0.6,15,13,30573364,NA
Gm13_30605722,30605722,0,0,206,11,0,0,-0.226827094474153,0.0506912442396313,0.0993620854865604,0.0960155790772152,0.6,15,13,30573364,NA
Gm13_30605884,30605884,2,MG10,196,21,0,0,0.102110947471772,0.0967741935483871,0.993849941176471,1,0.6,15,13,30573364,Gm13_30573364_MG10
Gm13_30606103,30606103,0,0,48,166,3,0,-0.205544809800129,0.771889400921659,0.124187261763759,0.134553175989219,0.6,15,13,30573364,NA
Gm13_30606639,30606639,7,MG7,179,36,2,0,-0.358908507223114,0.170506912442396,0.975904105263158,0.987728933333333,0.6,15,13,30573364,Gm13_30573364_MG7
Gm13_30606924,30606924,9,MG3,56,157,4,0,-0.251981351981352,0.732718894009217,0.997941269230769,0.999466581967213,0.6,15,13,30573364,Gm13_30573364_MG3
Gm13_30606977,30606977,2,MG10,196,21,0,0,0.102110947471772,0.0967741935483871,0.993849941176471,1,0.6,15,13,30573364,Gm13_30573364_MG10
Gm13_30607028,30607028,9,MG3,56,157,4,0,-0.251981351981352,0.732718894009217,0.997941269230769,0.999466581967213,0.6,15,13,30573364,Gm13_30573364_MG3
Gm13_30607191,30607191,0,0,29,187,1,0,-0.135176651305684,0.86405529953917,0.115377544547608,0.120690523536709,0.6,15,13,30573364,NA
Gm13_30607500,30607500,0,0,29,187,1,0,-0.135176651305684,0.86405529953917,0.115377544547608,0.120690523536709,0.6,15,13,30573364,NA
Gm13_30607679,30607679,9,MG3,56,157,4,0,-0.251981351981352,0.732718894009217,0.997941269230769,0.999466581967213,0.6,15,13,30573364,Gm13_30573364_MG3
Gm13_30607786,30607786,7,MG7,179,36,2,0,-0.358908507223114,0.170506912442396,0.975904105263158,0.987728933333333,0.6,15,13,30573364,Gm13_30573364_MG7
Gm13_30607791,30607791,9,MG3,56,157,4,0,-0.251981351981352,0.732718894009217,0.997941269230769,0.999466581967213,0.6,15,13,30573364,Gm13_30573364_MG3
Gm13_30607847,30607847,9,MG3,56,157,4,0,-0.251981351981352,0.732718894009217,0.997941269230769,0.999466581967213,0.6,15,13,30573364,Gm13_30573364_MG3
Gm13_30607954,30607954,9,MG3,56,157,4,0,-0.251981351981352,0.732718894009217,0.997941269230769,0.999466581967213,0.6,15,13,30573364,Gm13_30573364_MG3
Gm13_30608055,30608055,9,MG3,56,157,4,0,-0.251981351981352,0.732718894009217,0.997941269230769,0.999466581967213,0.6,15,13,30573364,Gm13_30573364_MG3
Gm13_30608240,30608240,9,MG3,56,157,4,0,-0.251981351981352,0.732718894009217,0.997941269230769,0.999466581967213,0.6,15,13,30573364,Gm13_30573364_MG3
Gm13_30608745,30608745,0,0,206,11,0,0,-0.226827094474153,0.0506912442396313,0.0993620854865604,0.0960155790772152,0.6,15,13,30573364,NA
Gm13_30609540,30609540,7,MG7,179,36,2,0,-0.358908507223114,0.170506912442396,0.975904105263158,0.987728933333333,0.6,15,13,30573364,Gm13_30573364_MG7
Gm13_30609685,30609685,9,MG3,56,157,4,0,-0.251981351981352,0.732718894009217,0.997941269230769,0.999466581967213,0.6,15,13,30573364,Gm13_30573364_MG3
Gm13_30609739,30609739,9,MG3,56,157,4,0,-0.251981351981352,0.732718894009217,0.997941269230769,0.999466581967213,0.6,15,13,30573364,Gm13_30573364_MG3
Gm13_30610130,30610130,9,MG3,56,157,4,0,-0.251981351981352,0.732718894009217,0.997941269230769,0.999466581967213,0.6,15,13,30573364,Gm13_30573364_MG3
Gm13_30610315,30610315,9,MG3,56,157,4,0,-0.251981351981352,0.732718894009217,0.997941269230769,0.999466581967213,0.6,15,13,30573364,Gm13_30573364_MG3
Gm13_30610327,30610327,0,0,187,26,4,0,0.148232848232848,0.129032258064516,0.0791303172824601,0.0796124440232067,0.6,15,13,30573364,NA
Gm13_30610361,30610361,0,0,202,13,2,0,0.186153846153846,0.0645161290322581,0.0473619466944009,0.0488562309870084,0.6,15,13,30573364,NA
Gm13_30610904,30610904,9,MG3,56,157,4,0,-0.251981351981352,0.732718894009217,0.997941269230769,0.999466581967213,0.6,15,13,30573364,Gm13_30573364_MG3
Gm13_30616710,30616710,9,MG3,56,157,4,0,-0.251981351981352,0.732718894009217,0.997941269230769,0.999466581967213,0.6,15,13,30573364,Gm13_30573364_MG3
Gm13_30617111,30617111,0,0,146,68,3,0,-0.178795676788471,0.320276497695853,0.127780146469248,0.129690114978903,0.6,15,13,30573364,NA
Gm13_30617749,30617749,0,0,202,13,2,0,0.186153846153846,0.0645161290322581,0.0473619466944009,0.0488562309870084,0.6,15,13,30573364,NA
Gm13_30618405,30618405,9,MG3,56,157,4,0,-0.251981351981352,0.732718894009217,0.987544430769231,0.988675926229508,0.6,15,13,30573364,Gm13_30573364_MG3
Gm13_30618919,30618919,0,0,186,26,5,0,0.150083612040134,0.131336405529954,0.0789992242642369,0.0794764564388186,0.6,15,13,30573364,NA
Gm13_30618922,30618922,0,0,186,26,5,0,0.150083612040134,0.131336405529954,0.0789992242642369,0.0794764564388186,0.6,15,13,30573364,NA
Gm13_30618942,30618942,9,MG3,56,157,4,0,-0.251981351981352,0.732718894009217,0.997941269230769,0.999466581967213,0.6,15,13,30573364,Gm13_30573364_MG3
Gm13_30619042,30619042,9,MG3,56,156,5,0,-0.248093841642229,0.730414746543779,0.993115830769231,0.994523204918033,0.6,15,13,30573364,Gm13_30573364_MG3
Gm13_30619774,30619774,9,MG3,56,156,5,0,-0.248093841642229,0.730414746543779,0.993115830769231,0.994523204918033,0.6,15,13,30573364,Gm13_30573364_MG3
Gm13_30619890,30619890,9,MG3,56,156,5,0,-0.248093841642229,0.730414746543779,0.993115830769231,0.994523204918033,0.6,15,13,30573364,Gm13_30573364_MG3
Gm13_30619944,30619944,0,0,48,165,4,0,-0.201738453554748,0.769585253456221,0.124655556287016,0.135011016924051,0.6,15,13,30573364,NA
Gm13_30620161,30620161,9,MG3,56,156,5,0,-0.248093841642229,0.730414746543779,0.993115830769231,0.994523204918033,0.6,15,13,30573364,Gm13_30573364_MG3
Gm13_30620248,30620248,2,MG10,196,21,0,0,0.102110947471772,0.0967741935483871,0.993849941176471,1,0.6,15,13,30573364,Gm13_30573364_MG10
Gm13_30620271,30620271,9,MG3,56,156,5,0,-0.248093841642229,0.730414746543779,0.993115830769231,0.994523204918033,0.6,15,13,30573364,Gm13_30573364_MG3
Gm13_30620585,30620585,0,0,94,118,5,0,0.00644804716285918,0.555299539170507,0.15472900223385,0.157584004849494,0.6,15,13,30573364,NA
Gm13_30620644,30620644,9,MG3,56,156,5,0,-0.248093841642229,0.730414746543779,0.993115830769231,0.994523204918033,0.6,15,13,30573364,Gm13_30573364_MG3
Gm13_30620680,30620680,0,0,77,135,5,0,-0.246857816182247,0.633640552995392,0.0928652653112116,0.10285985401186,0.6,15,13,30573364,NA
Gm13_30620693,30620693,9,MG3,56,156,5,0,-0.248093841642229,0.730414746543779,0.993115830769231,0.994523204918033,0.6,15,13,30573364,Gm13_30573364_MG3
Gm13_30620720,30620720,9,MG3,56,156,5,0,-0.248093841642229,0.730414746543779,0.993115830769231,0.994523204918033,0.6,15,13,30573364,Gm13_30573364_MG3
Gm13_30620742,30620742,9,MG3,56,156,5,0,-0.248093841642229,0.730414746543779,0.993115830769231,0.994523204918033,0.6,15,13,30573364,Gm13_30573364_MG3
Gm13_30620993,30620993,10,0,173,40,4,0,0.162573099415205,0.193548387096774,0.967153195402299,0.102116754440063,0.6,15,13,30573364,NA
Gm13_30621184,30621184,10,MG5,174,39,4,0,0.155336911150865,0.188940092165899,0.99664975862069,0.996962139534884,0.6,15,13,30573364,Gm13_30573364_MG5
Gm13_30621356,30621356,7,MG7,179,36,2,0,-0.358908507223114,0.170506912442396,0.975904105263158,0.987728933333333,0.6,15,13,30573364,Gm13_30573364_MG7
Gm13_30621357,30621357,10,MG5,174,39,4,0,0.155336911150865,0.188940092165899,0.99664975862069,0.996962139534884,0.6,15,13,30573364,Gm13_30573364_MG5
Gm13_30621808,30621808,10,MG5,174,39,4,0,0.155336911150865,0.188940092165899,0.99664975862069,0.996962139534884,0.6,15,13,30573364,Gm13_30573364_MG5
Gm13_30621900,30621900,10,MG5,174,39,4,0,0.155336911150865,0.188940092165899,0.99664975862069,0.996962139534884,0.6,15,13,30573364,Gm13_30573364_MG5
Gm13_30621947,30621947,10,MG5,174,39,4,0,0.155336911150865,0.188940092165899,0.99664975862069,0.996962139534884,0.6,15,13,30573364,Gm13_30573364_MG5
Gm13_30622147,30622147,10,MG5,174,39,4,0,0.155336911150865,0.188940092165899,0.99664975862069,0.996962139534884,0.6,15,13,30573364,Gm13_30573364_MG5
Gm13_30622332,30622332,10,MG5,174,39,4,0,0.155336911150865,0.188940092165899,0.99664975862069,0.996962139534884,0.6,15,13,30573364,Gm13_30573364_MG5
Gm13_30622536,30622536,10,MG5,174,39,4,0,0.155336911150865,0.188940092165899,0.99664975862069,0.996962139534884,0.6,15,13,30573364,Gm13_30573364_MG5
Gm13_30622601,30622601,10,MG5,174,39,4,0,0.155336911150865,0.188940092165899,0.99664975862069,0.996962139534884,0.6,15,13,30573364,Gm13_30573364_MG5
Gm13_30622644,30622644,10,MG5,174,39,4,0,0.155336911150865,0.188940092165899,0.99664975862069,0.996962139534884,0.6,15,13,30573364,Gm13_30573364_MG5
Gm13_30623691,30623691,10,MG5,174,39,4,0,0.155336911150865,0.188940092165899,0.99664975862069,0.996962139534884,0.6,15,13,30573364,Gm13_30573364_MG5
Gm13_30623793,30623793,10,MG5,174,39,4,0,0.155336911150865,0.188940092165899,0.99664975862069,0.996962139534884,0.6,15,13,30573364,Gm13_30573364_MG5
Gm13_30623810,30623810,10,MG5,174,39,4,0,0.155336911150865,0.188940092165899,0.99664975862069,0.996962139534884,0.6,15,13,30573364,Gm13_30573364_MG5
Gm13_30623850,30623850,10,MG5,174,39,4,0,0.155336911150865,0.188940092165899,0.99664975862069,0.996962139534884,0.6,15,13,30573364,Gm13_30573364_MG5
Gm13_30623970,30623970,10,MG5,174,39,4,0,0.155336911150865,0.188940092165899,0.99664975862069,0.996962139534884,0.6,15,13,30573364,Gm13_30573364_MG5
Gm13_30624026,30624026,10,MG5,174,39,4,0,0.155336911150865,0.188940092165899,0.99664975862069,0.996962139534884,0.6,15,13,30573364,Gm13_30573364_MG5
Gm13_30624111,30624111,10,MG5,174,39,4,0,0.155336911150865,0.188940092165899,0.99664975862069,0.996962139534884,0.6,15,13,30573364,Gm13_30573364_MG5
Gm13_30624538,30624538,10,MG5,174,39,4,0,0.155336911150865,0.188940092165899,0.99664975862069,0.996962139534884,0.6,15,13,30573364,Gm13_30573364_MG5
Gm13_30624680,30624680,10,MG5,174,39,4,0,0.155336911150865,0.188940092165899,0.99664975862069,0.996962139534884,0.6,15,13,30573364,Gm13_30573364_MG5
Gm13_30624766,30624766,10,MG5,174,39,4,0,0.155336911150865,0.188940092165899,0.99664975862069,0.996962139534884,0.6,15,13,30573364,Gm13_30573364_MG5
Gm13_30625115,30625115,10,MG5,174,39,4,0,0.155336911150865,0.188940092165899,0.99664975862069,0.996962139534884,0.6,15,13,30573364,Gm13_30573364_MG5
Gm13_30625255,30625255,10,MG5,174,39,4,0,0.155336911150865,0.188940092165899,0.99664975862069,0.996962139534884,0.6,15,13,30573364,Gm13_30573364_MG5
Gm13_30625610,30625610,10,MG5,174,39,4,0,0.155336911150865,0.188940092165899,0.99664975862069,0.996962139534884,0.6,15,13,30573364,Gm13_30573364_MG5
Gm13_30625925,30625925,10,MG5,174,39,4,0,0.155336911150865,0.188940092165899,0.99664975862069,0.996962139534884,0.6,15,13,30573364,Gm13_30573364_MG5
Gm13_30626264,30626264,0,0,177,39,1,0,-0.158681318681319,0.182027649769585,0.0915179971214123,0.0899177229457806,0.6,15,13,30573364,NA
Gm13_30626924,30626924,0,0,177,35,5,0,0.148571428571429,0.172811059907834,0.0659820353434688,0.0665075979367679,0.6,15,13,30573364,NA
Gm13_30627242,30627242,10,MG5,174,39,4,0,0.155336911150865,0.188940092165899,0.99664975862069,0.996962139534884,0.6,15,13,30573364,Gm13_30573364_MG5
Gm13_30627293,30627293,10,MG5,174,39,4,0,0.155336911150865,0.188940092165899,0.99664975862069,0.996962139534884,0.6,15,13,30573364,Gm13_30573364_MG5
Gm13_30627335,30627335,10,MG5,174,39,4,0,0.155336911150865,0.188940092165899,0.99664975862069,0.996962139534884,0.6,15,13,30573364,Gm13_30573364_MG5
Gm13_30627468,30627468,10,MG5,174,39,4,0,0.155336911150865,0.188940092165899,0.99664975862069,0.996962139534884,0.6,15,13,30573364,Gm13_30573364_MG5
Gm13_30627786,30627786,10,MG5,174,39,4,0,0.155336911150865,0.188940092165899,0.99664975862069,0.996962139534884,0.6,15,13,30573364,Gm13_30573364_MG5
Gm13_30627795,30627795,5,MG2,18,197,2,0,-0.357142857142857,0.912442396313364,0.981308363636364,0.98825095,0.6,15,13,30573364,Gm13_30573364_MG2
Gm13_30628076,30628076,0,0,188,28,1,0,-0.0291858678955454,0.131336405529954,0.0922952141448451,0.0962420434738122,0.6,15,13,30573364,NA
Gm13_30628350,30628350,10,MG5,174,39,4,0,0.155336911150865,0.188940092165899,0.99664975862069,0.996962139534884,0.6,15,13,30573364,Gm13_30573364_MG5
Gm13_30628894,30628894,10,MG5,174,39,4,0,0.155336911150865,0.188940092165899,0.99664975862069,0.996962139534884,0.6,15,13,30573364,Gm13_30573364_MG5
Gm13_30629171,30629171,10,MG5,174,39,4,0,0.155336911150865,0.188940092165899,0.99664975862069,0.996962139534884,0.6,15,13,30573364,Gm13_30573364_MG5
Gm13_30629274,30629274,10,MG5,174,39,4,0,0.155336911150865,0.188940092165899,0.99664975862069,0.996962139534884,0.6,15,13,30573364,Gm13_30573364_MG5
Gm13_30629877,30629877,10,MG5,174,39,4,0,0.155336911150865,0.188940092165899,0.99664975862069,0.996962139534884,0.6,15,13,30573364,Gm13_30573364_MG5
Gm13_30630010,30630010,10,MG5,174,39,4,0,0.155336911150865,0.188940092165899,0.99664975862069,0.996962139534884,0.6,15,13,30573364,Gm13_30573364_MG5
Gm13_30630116,30630116,10,MG5,174,39,4,0,0.155336911150865,0.188940092165899,0.99664975862069,0.996962139534884,0.6,15,13,30573364,Gm13_30573364_MG5
Gm13_30630170,30630170,10,MG5,174,39,4,0,0.155336911150865,0.188940092165899,0.99664975862069,0.996962139534884,0.6,15,13,30573364,Gm13_30573364_MG5
Gm13_30630673,30630673,5,MG2,18,197,2,0,-0.357142857142857,0.912442396313364,0.981308363636364,0.98825095,0.6,15,13,30573364,Gm13_30573364_MG2
Gm13_30630801,30630801,10,MG5,174,39,4,0,0.155336911150865,0.188940092165899,0.99664975862069,0.996962139534884,0.6,15,13,30573364,Gm13_30573364_MG5
Gm13_30631340,30631340,0,0,177,37,3,0,-0.271464646464646,0.17741935483871,0.0951482693715262,0.0984177345023207,0.6,15,13,30573364,NA
Gm13_30631470,30631470,7,0,181,34,2,0,-0.328282828282828,0.161290322580645,0.932012842105263,0.106030952186749,0.6,15,13,30573364,NA
Gm13_30631566,30631566,10,MG5,174,39,4,0,0.155336911150865,0.188940092165899,0.99664975862069,0.996962139534884,0.6,15,13,30573364,Gm13_30573364_MG5
Gm13_30631743,30631743,10,MG5,174,39,4,0,0.155336911150865,0.188940092165899,0.99664975862069,0.996962139534884,0.6,15,13,30573364,Gm13_30573364_MG5
Gm13_30631925,30631925,10,MG5,174,39,4,0,0.155336911150865,0.188940092165899,0.99664975862069,0.996962139534884,0.6,15,13,30573364,Gm13_30573364_MG5
Gm13_30632152,30632152,10,MG5,174,39,4,0,0.155336911150865,0.188940092165899,0.99664975862069,0.996962139534884,0.6,15,13,30573364,Gm13_30573364_MG5
Gm13_30632193,30632193,10,MG5,174,39,4,0,0.155336911150865,0.188940092165899,0.99664975862069,0.996962139534884,0.6,15,13,30573364,Gm13_30573364_MG5
Gm13_30632376,30632376,10,MG5,174,39,4,0,0.155336911150865,0.188940092165899,0.99664975862069,0.996962139534884,0.6,15,13,30573364,Gm13_30573364_MG5
Gm13_30632755,30632755,10,MG5,174,39,4,0,0.155336911150865,0.188940092165899,0.99664975862069,0.996962139534884,0.6,15,13,30573364,Gm13_30573364_MG5
Gm13_30632759,30632759,0,0,178,35,4,0,0.146590909090909,0.170506912442396,0.0663355368776993,0.066908717000654,0.6,15,13,30573364,NA
Gm13_30632785,30632785,10,MG5,174,39,4,0,0.155336911150865,0.188940092165899,0.99664975862069,0.996962139534884,0.6,15,13,30573364,Gm13_30573364_MG5
Gm13_30632805,30632805,10,MG5,174,39,4,0,0.155336911150865,0.188940092165899,0.99664975862069,0.996962139534884,0.6,15,13,30573364,Gm13_30573364_MG5
Gm13_30632876,30632876,10,MG5,174,39,4,0,0.155336911150865,0.188940092165899,0.99664975862069,0.996962139534884,0.6,15,13,30573364,Gm13_30573364_MG5
Gm13_30633011,30633011,10,MG5,174,39,4,0,0.155336911150865,0.188940092165899,0.99664975862069,0.996962139534884,0.6,15,13,30573364,Gm13_30573364_MG5
Gm13_30633109,30633109,10,MG5,174,39,4,0,0.155336911150865,0.188940092165899,0.99664975862069,0.996962139534884,0.6,15,13,30573364,Gm13_30573364_MG5
Gm13_30633247,30633247,10,MG5,174,39,4,0,0.155336911150865,0.188940092165899,0.99664975862069,0.996962139534884,0.6,15,13,30573364,Gm13_30573364_MG5
Gm13_30633745,30633745,10,MG5,173,39,5,0,0.157444894287,0.191244239631336,0.994972344827586,0.995353860465116,0.6,15,13,30573364,Gm13_30573364_MG5
Gm13_30634362,30634362,10,MG5,174,39,4,0,0.155336911150865,0.188940092165899,0.99664975862069,0.996962139534884,0.6,15,13,30573364,Gm13_30573364_MG5
Gm13_30634534,30634534,10,MG5,173,39,5,0,0.157444894287,0.191244239631336,0.994972344827586,0.995353860465116,0.6,15,13,30573364,Gm13_30573364_MG5
Gm13_30634537,30634537,10,MG5,173,39,5,0,0.157444894287,0.191244239631336,0.994972344827586,0.995353860465116,0.6,15,13,30573364,Gm13_30573364_MG5
Gm13_30634562,30634562,10,MG5,173,39,5,0,0.157444894287,0.191244239631336,0.994972344827586,0.995353860465116,0.6,15,13,30573364,Gm13_30573364_MG5
Gm13_30634733,30634733,10,MG5,173,39,5,0,0.157444894287,0.191244239631336,0.994972344827586,0.995353860465116,0.6,15,13,30573364,Gm13_30573364_MG5
Gm13_30634925,30634925,10,MG5,173,39,5,0,0.157444894287,0.191244239631336,0.994972344827586,0.995353860465116,0.6,15,13,30573364,Gm13_30573364_MG5
Gm13_30634951,30634951,0,0,181,32,4,0,0.122032122905028,0.15668202764977,0.0645386587895057,0.0652656975408692,0.6,15,13,30573364,NA
Gm13_30635008,30635008,10,MG5,173,39,5,0,0.157444894287,0.191244239631336,0.994972344827586,0.995353860465116,0.6,15,13,30573364,Gm13_30573364_MG5
Gm13_30635038,30635038,0,0,189,24,4,0,0.0452317290552584,0.119815668202765,0.0800574419603645,0.0830379411827004,0.6,15,13,30573364,NA
Gm13_30635121,30635121,10,MG5,173,39,5,0,0.157444894287,0.191244239631336,0.994972344827586,0.995353860465116,0.6,15,13,30573364,Gm13_30573364_MG5
Gm13_30635287,30635287,10,MG5,173,39,5,0,0.157444894287,0.191244239631336,0.994972344827586,0.995353860465116,0.6,15,13,30573364,Gm13_30573364_MG5
Gm13_30635447,30635447,0,0,188,28,1,0,-0.0291858678955454,0.131336405529954,0.0922952141448451,0.0962420434738122,0.6,15,13,30573364,NA
Gm13_30635518,30635518,0,0,188,28,1,0,-0.0291858678955454,0.131336405529954,0.0922952141448451,0.0962420434738122,0.6,15,13,30573364,NA
Gm13_30635874,30635874,10,MG5,173,39,5,0,0.157444894287,0.191244239631336,0.994972344827586,0.995353860465116,0.6,15,13,30573364,Gm13_30573364_MG5
Gm13_30636579,30636579,0,0,177,35,5,0,0.148571428571429,0.172811059907834,0.0659820353434688,0.0665075979367679,0.6,15,13,30573364,NA
Gm13_30636659,30636659,10,MG5,173,39,5,0,0.157444894287,0.191244239631336,0.994972344827586,0.995353860465116,0.6,15,13,30573364,Gm13_30573364_MG5
Gm13_30636750,30636750,10,MG5,173,39,5,0,0.157444894287,0.191244239631336,0.994972344827586,0.995353860465116,0.6,15,13,30573364,Gm13_30573364_MG5
Gm13_30637311,30637311,0,0,191,24,2,0,-0.00529100529100512,0.115207373271889,0.0859346353026492,0.0879784099111034,0.6,15,13,30573364,NA
Gm13_30637406,30637406,10,MG5,173,39,5,0,0.157444894287,0.191244239631336,0.994972344827586,0.995353860465116,0.6,15,13,30573364,Gm13_30573364_MG5
Gm13_30637412,30637412,10,MG5,173,39,5,0,0.157444894287,0.191244239631336,0.994972344827586,0.995353860465116,0.6,15,13,30573364,Gm13_30573364_MG5
Gm13_30637541,30637541,10,MG5,173,39,5,0,0.157444894287,0.191244239631336,0.994972344827586,0.995353860465116,0.6,15,13,30573364,Gm13_30573364_MG5
Gm13_30637819,30637819,10,MG5,173,39,5,0,0.157444894287,0.191244239631336,0.994972344827586,0.995353860465116,0.6,15,13,30573364,Gm13_30573364_MG5
Gm13_30637987,30637987,0,0,191,24,2,0,-0.00529100529100512,0.115207373271889,0.0859346353026492,0.0879784099111034,0.6,15,13,30573364,NA
Gm13_30638107,30638107,10,MG5,173,39,5,0,0.157444894287,0.191244239631336,0.994972344827586,0.995353860465116,0.6,15,13,30573364,Gm13_30573364_MG5
Gm13_30638187,30638187,0,0,189,24,4,0,0.0452317290552584,0.119815668202765,0.0800574419603645,0.0830379411827004,0.6,15,13,30573364,NA
Gm13_30638354,30638354,10,MG5,173,39,5,0,0.157444894287,0.191244239631336,0.994972344827586,0.995353860465116,0.6,15,13,30573364,Gm13_30573364_MG5
Gm13_30638576,30638576,10,MG5,173,39,5,0,0.157444894287,0.191244239631336,0.994972344827586,0.995353860465116,0.6,15,13,30573364,Gm13_30573364_MG5
Gm13_30638931,30638931,10,MG5,173,39,5,0,0.157444894287,0.191244239631336,0.994972344827586,0.995353860465116,0.6,15,13,30573364,Gm13_30573364_MG5
Gm13_30638934,30638934,10,MG5,173,39,5,0,0.157444894287,0.191244239631336,0.994972344827586,0.995353860465116,0.6,15,13,30573364,Gm13_30573364_MG5
Gm13_30639090,30639090,0,0,166,46,5,0,0.120625662778367,0.223502304147465,0.0851659323589977,0.090997873028692,0.6,15,13,30573364,NA
Gm13_30639229,30639229,2,MG10,196,21,0,0,0.102110947471772,0.0967741935483871,0.993849941176471,1,0.6,15,13,30573364,Gm13_30573364_MG10
Gm13_30639235,30639235,10,MG5,173,39,5,0,0.157444894287,0.191244239631336,0.994972344827586,0.995353860465116,0.6,15,13,30573364,Gm13_30573364_MG5
Gm13_30639395,30639395,10,MG5,173,39,5,0,0.157444894287,0.191244239631336,0.994972344827586,0.995353860465116,0.6,15,13,30573364,Gm13_30573364_MG5
Gm13_30639487,30639487,10,MG5,173,39,5,0,0.157444894287,0.191244239631336,0.994972344827586,0.995353860465116,0.6,15,13,30573364,Gm13_30573364_MG5
Gm13_30639491,30639491,10,MG5,173,39,5,0,0.157444894287,0.191244239631336,0.994972344827586,0.995353860465116,0.6,15,13,30573364,Gm13_30573364_MG5
Gm13_30639860,30639860,10,MG5,173,39,5,0,0.157444894287,0.191244239631336,0.994972344827586,0.995353860465116,0.6,15,13,30573364,Gm13_30573364_MG5
Gm13_30639936,30639936,0,0,166,46,5,0,0.120625662778367,0.223502304147465,0.0851659323589977,0.090997873028692,0.6,15,13,30573364,NA
Gm13_30639956,30639956,10,MG5,173,39,5,0,0.157444894287,0.191244239631336,0.994972344827586,0.995353860465116,0.6,15,13,30573364,Gm13_30573364_MG5
Gm13_30640065,30640065,10,MG5,173,39,5,0,0.157444894287,0.191244239631336,0.994972344827586,0.995353860465116,0.6,15,13,30573364,Gm13_30573364_MG5
Gm13_30640086,30640086,0,0,177,39,1,0,-0.158681318681319,0.182027649769585,0.0915179971214123,0.0899177229457806,0.6,15,13,30573364,NA
Gm13_30640134,30640134,10,MG5,173,39,5,0,0.157444894287,0.191244239631336,0.994972344827586,0.995353860465116,0.6,15,13,30573364,Gm13_30573364_MG5
Gm13_30640241,30640241,10,MG5,173,39,5,0,0.157444894287,0.191244239631336,0.994972344827586,0.995353860465116,0.6,15,13,30573364,Gm13_30573364_MG5
Gm13_30640290,30640290,10,MG5,173,39,5,0,0.157444894287,0.191244239631336,0.994972344827586,0.995353860465116,0.6,15,13,30573364,Gm13_30573364_MG5
Gm13_30640524,30640524,10,MG5,173,39,5,0,0.157444894287,0.191244239631336,0.994972344827586,0.995353860465116,0.6,15,13,30573364,Gm13_30573364_MG5
Gm13_30640534,30640534,2,MG10,196,21,0,0,0.102110947471772,0.0967741935483871,0.993849941176471,1,0.6,15,13,30573364,Gm13_30573364_MG10
Gm13_30640612,30640612,10,MG5,173,39,5,0,0.157444894287,0.191244239631336,0.994972344827586,0.995353860465116,0.6,15,13,30573364,Gm13_30573364_MG5
Gm13_30640754,30640754,10,MG5,173,39,5,0,0.157444894287,0.191244239631336,0.994972344827586,0.995353860465116,0.6,15,13,30573364,Gm13_30573364_MG5
Gm13_30641011,30641011,0,0,144,67,6,0,0.141475719991591,0.32258064516129,0.067291436267426,0.0724287299396624,0.6,15,13,30573364,NA
Gm13_30641113,30641113,7,0,181,34,2,0,-0.328282828282828,0.161290322580645,0.932012842105263,0.106030952186749,0.6,15,13,30573364,NA
Gm13_30641556,30641556,6,MG13,203,13,1,0,0.351485148514852,0.0622119815668203,0.952265466666667,0.952265466666667,0.6,15,13,30573364,Gm13_30573364_MG13
Gm13_30641589,30641589,0,0,188,28,1,0,0.217357910906298,0.131336405529954,0.0744269103717895,0.0764338477915941,0.6,15,13,30573364,NA
Gm13_30641700,30641700,0,0,183,31,3,0,0.154517911245767,0.149769585253456,0.0749778497994123,0.07689100091127,0.6,15,13,30573364,NA
Gm13_30641706,30641706,0,0,184,31,2,0,0.158099964551577,0.147465437788018,0.074876140250272,0.0768015489237751,0.6,15,13,30573364,NA
Gm13_30641718,30641718,0,0,184,31,2,0,0.158099964551577,0.147465437788018,0.074876140250272,0.0768015489237751,0.6,15,13,30573364,NA
Gm13_30641768,30641768,0,0,183,31,3,0,0.154517911245767,0.149769585253456,0.0749778497994123,0.07689100091127,0.6,15,13,30573364,NA
Gm13_30641818,30641818,0,0,184,31,2,0,0.158099964551577,0.147465437788018,0.074876140250272,0.0768015489237751,0.6,15,13,30573364,NA
Gm13_30641954,30641954,0,0,157,55,5,0,-0.199430199430199,0.264976958525346,0.0819703165412984,0.0820115804085021,0.6,15,13,30573364,NA
Gm13_30641959,30641959,11,0,200,15,2,0,0.138383838383838,0.0737327188940092,0.9105992,0.0465635963993895,0.6,15,13,30573364,NA
Gm13_30642043,30642043,11,MG8,201,14,2,0,0.122397702799713,0.0691244239631336,0.9737081,0.977596357142857,0.6,15,13,30573364,Gm13_30573364_MG8
Gm13_30642053,30642053,11,MG8,201,14,2,0,0.122397702799713,0.0691244239631336,0.9737081,0.977596357142857,0.6,15,13,30573364,Gm13_30573364_MG8
Gm13_30642130,30642130,11,MG8,201,14,2,0,0.122397702799713,0.0691244239631336,0.9737081,0.977596357142857,0.6,15,13,30573364,Gm13_30573364_MG8
Gm13_30642187,30642187,11,MG8,201,14,2,0,0.122397702799713,0.0691244239631336,0.9737081,0.977596357142857,0.6,15,13,30573364,Gm13_30573364_MG8
Gm13_30642218,30642218,11,MG8,202,14,1,0,0.125714285714286,0.0668202764976959,0.968537333333333,0.972053714285714,0.6,15,13,30573364,Gm13_30573364_MG8
Gm13_30642233,30642233,11,MG8,202,14,1,0,0.125714285714286,0.0668202764976959,0.968537333333333,0.972053714285714,0.6,15,13,30573364,Gm13_30573364_MG8
Gm13_30642253,30642253,11,MG8,202,14,1,0,0.125714285714286,0.0668202764976959,0.968537333333333,0.972053714285714,0.6,15,13,30573364,Gm13_30573364_MG8
Gm13_30642262,30642262,11,MG8,202,14,1,0,0.125714285714286,0.0668202764976959,0.968537333333333,0.972053714285714,0.6,15,13,30573364,Gm13_30573364_MG8
Gm13_30642280,30642280,11,MG8,202,14,1,0,0.125714285714286,0.0668202764976959,0.968537333333333,0.972053714285714,0.6,15,13,30573364,Gm13_30573364_MG8
Gm13_30642291,30642291,11,MG8,202,14,1,0,0.125714285714286,0.0668202764976959,0.968537333333333,0.972053714285714,0.6,15,13,30573364,Gm13_30573364_MG8
Gm13_30642298,30642298,11,MG8,202,14,1,0,0.125714285714286,0.0668202764976959,0.968537333333333,0.972053714285714,0.6,15,13,30573364,Gm13_30573364_MG8
Gm13_30642314,30642314,11,MG8,202,14,1,0,0.125714285714286,0.0668202764976959,0.968537333333333,0.972053714285714,0.6,15,13,30573364,Gm13_30573364_MG8
Gm13_30642373,30642373,11,MG8,201,14,2,0,0.122397702799713,0.0691244239631336,0.9737081,0.977596357142857,0.6,15,13,30573364,Gm13_30573364_MG8
Gm13_30642389,30642389,0,0,131,81,5,0,-0.0881424059718632,0.384792626728111,0.147269495646072,0.147669275292459,0.6,15,13,30573364,NA
Gm13_30642605,30642605,7,0,181,34,2,0,-0.328282828282828,0.161290322580645,0.932012842105263,0.106030952186749,0.6,15,13,30573364,NA
Gm13_30642621,30642621,11,MG8,201,14,2,0,0.122397702799713,0.0691244239631336,0.9737081,0.977596357142857,0.6,15,13,30573364,Gm13_30573364_MG8
Gm13_30642635,30642635,11,MG8,201,14,2,0,0.122397702799713,0.0691244239631336,0.9737081,0.977596357142857,0.6,15,13,30573364,Gm13_30573364_MG8
Gm13_30642668,30642668,11,MG8,201,14,2,0,0.122397702799713,0.0691244239631336,0.9737081,0.977596357142857,0.6,15,13,30573364,Gm13_30573364_MG8
Gm13_30642678,30642678,11,MG8,201,14,2,0,0.122397702799713,0.0691244239631336,0.9737081,0.977596357142857,0.6,15,13,30573364,Gm13_30573364_MG8
Gm13_30642979,30642979,11,MG8,201,14,2,0,0.122397702799713,0.0691244239631336,0.9737081,0.977596357142857,0.6,15,13,30573364,Gm13_30573364_MG8
Gm13_30643287,30643287,11,MG8,201,14,2,0,0.122397702799713,0.0691244239631336,0.9737081,0.977596357142857,0.6,15,13,30573364,Gm13_30573364_MG8
Gm13_30643288,30643288,11,MG8,201,14,2,0,0.122397702799713,0.0691244239631336,0.9737081,0.977596357142857,0.6,15,13,30573364,Gm13_30573364_MG8
Gm13_30643310,30643310,11,MG8,202,13,2,0,0.104230769230769,0.0645161290322581,0.928933333333333,0.934925357142857,0.6,15,13,30573364,Gm13_30573364_MG8
Gm13_30643340,30643340,11,MG8,203,13,1,0,0.107539226942212,0.0622119815668203,0.924144866666667,0.929781785714286,0.6,15,13,30573364,Gm13_30573364_MG8
Gm13_30643348,30643348,11,MG8,203,13,1,0,0.107539226942212,0.0622119815668203,0.924144866666667,0.929781785714286,0.6,15,13,30573364,Gm13_30573364_MG8
Gm13_30643523,30643523,11,MG8,202,13,2,0,0.104230769230769,0.0645161290322581,0.928933333333333,0.934925357142857,0.6,15,13,30573364,Gm13_30573364_MG8
Gm13_30643524,30643524,11,MG8,202,13,2,0,0.104230769230769,0.0645161290322581,0.928933333333333,0.934925357142857,0.6,15,13,30573364,Gm13_30573364_MG8
Gm13_30643780,30643780,11,MG8,202,13,2,0,0.104230769230769,0.0645161290322581,0.928933333333333,0.934925357142857,0.6,15,13,30573364,Gm13_30573364_MG8
Gm13_30643808,30643808,0,0,206,11,0,0,0.25222816399287,0.0506912442396313,0.0794831235904328,0.0764024323691983,0.6,15,13,30573364,NA
Gm13_30643809,30643809,11,MG8,201,14,2,0,0.122397702799713,0.0691244239631336,0.9737081,0.977596357142857,0.6,15,13,30573364,Gm13_30573364_MG8
Gm13_30644139,30644139,0,0,60,151,6,0,-0.169943502824859,0.709677419354839,0.0962172693442642,0.101113899666945,0.6,15,13,30573364,NA
Gm13_30644172,30644172,0,0,59,152,6,0,-0.16396437542818,0.714285714285714,0.0973750699788155,0.10243446797616,0.6,15,13,30573364,NA
Gm13_30644184,30644184,0,0,59,152,6,0,-0.16396437542818,0.714285714285714,0.0973750699788155,0.10243446797616,0.6,15,13,30573364,NA
Gm13_30644363,30644363,0,0,60,152,5,0,-0.167471096643843,0.711981566820276,0.0976957083494989,0.102870503724536,0.6,15,13,30573364,NA
Gm13_30644467,30644467,0,0,59,152,6,0,-0.16396437542818,0.714285714285714,0.0973750699788155,0.10243446797616,0.6,15,13,30573364,NA
Gm13_30644746,30644746,11,MG8,201,14,2,0,0.122397702799713,0.0691244239631336,0.9737081,0.977596357142857,0.6,15,13,30573364,Gm13_30573364_MG8
Gm13_30646021,30646021,0,0,112,99,6,0,-0.0535353535353535,0.470046082949309,0.115109945282232,0.115861240039873,0.6,15,13,30573364,NA
Gm13_30646059,30646059,0,0,46,168,3,0,-0.159281437125748,0.78110599078341,0.0928813633550524,0.0948988717992996,0.6,15,13,30573364,NA
Gm13_30646132,30646132,11,0,203,13,1,0,0.189437428243399,0.0622119815668203,0.898733533333333,0.0467272361638819,0.6,15,13,30573364,NA
Gm13_30646414,30646414,0,0,158,52,7,0,-0.157986761583614,0.255760368663594,0.0902920859435376,0.0900271726017152,0.6,15,13,30573364,NA
Gm13_30646449,30646449,0,0,204,12,1,0,0.174917491749175,0.0576036866359447,0.0541411265105467,0.0540907878230591,0.6,15,13,30573364,NA
Gm13_30646478,30646478,0,0,99,111,7,0,0.0145815919011794,0.527649769585253,0.0984978940050114,0.0987391514940928,0.6,15,13,30573364,NA
Gm13_30646544,30646544,0,0,160,52,5,0,-0.161672216056234,0.251152073732719,0.0895809165117312,0.08949995979673,0.6,15,13,30573364,NA
Gm13_30646794,30646794,5,MG2,18,197,2,0,-0.357142857142857,0.912442396313364,0.981308363636364,0.98825095,0.6,15,13,30573364,Gm13_30573364_MG2
Gm13_30646854,30646854,0,0,176,39,2,0,0.0627763041556144,0.184331797235023,0.0966571530727563,0.0973640488374262,0.6,15,13,30573364,NA
Gm13_30646971,30646971,0,0,176,39,2,0,0.0627763041556144,0.184331797235023,0.0966571530727563,0.0973640488374262,0.6,15,13,30573364,NA
Gm13_30647085,30647085,0,0,201,15,1,0,-0.288442211055276,0.0714285714285714,0.0889098079148064,0.0851209800666667,0.6,15,13,30573364,NA
Gm13_30647095,30647095,0,0,176,39,2,0,0.0627763041556144,0.184331797235023,0.0966571530727563,0.0973640488374262,0.6,15,13,30573364,NA
Gm13_30647224,30647224,0,0,176,39,2,0,0.0627763041556144,0.184331797235023,0.0966571530727563,0.0973640488374262,0.6,15,13,30573364,NA
Gm13_30647390,30647390,0,0,188,29,0,0,0.182424916573971,0.133640552995392,0.105092161184852,0.104574655432806,0.6,15,13,30573364,NA
Gm13_30647416,30647416,0,0,200,16,1,0,-0.181818181818182,0.076036866359447,0.0907529352036446,0.0868038945599156,0.6,15,13,30573364,NA
Gm13_30647532,30647532,0,0,200,16,1,0,-0.181818181818182,0.076036866359447,0.0907529352036446,0.0868038945599156,0.6,15,13,30573364,NA
Gm13_30647660,30647660,12,MG6,171,45,1,0,0.0543063773833004,0.209677419354839,0.996835152173913,0.99826425,0.6,15,13,30573364,Gm13_30573364_MG6
Gm13_30647678,30647678,0,0,203,13,1,0,-0.30195177956372,0.0622119815668203,0.098345393370615,0.0941041916027426,0.6,15,13,30573364,NA
Gm13_30647699,30647699,13,MG9,185,32,0,0,0.204405737704918,0.147465437788018,0.999297846153846,1,0.6,15,13,30573364,Gm13_30573364_MG9
Gm13_30647712,30647712,12,MG6,171,45,1,0,0.0543063773833004,0.209677419354839,0.996835152173913,0.99826425,0.6,15,13,30573364,Gm13_30573364_MG6
Gm13_30647729,30647729,6,MG13,201,14,2,0,0.35,0.0691244239631336,0.911139,0.911139,0.6,15,13,30573364,Gm13_30573364_MG13
Gm13_30647732,30647732,12,MG6,171,45,1,0,0.0543063773833004,0.209677419354839,0.996835152173913,0.99826425,0.6,15,13,30573364,Gm13_30573364_MG6
Gm13_30647741,30647741,13,MG9,185,32,0,0,0.204405737704918,0.147465437788018,0.999297846153846,1,0.6,15,13,30573364,Gm13_30573364_MG9
Gm13_30647770,30647770,0,0,22,192,3,0,-0.260782847170282,0.891705069124424,0.0837489254117995,0.0906745663624051,0.6,15,13,30573364,NA
Gm13_30647772,30647772,12,MG6,171,45,1,0,0.0543063773833004,0.209677419354839,0.996835152173913,0.99826425,0.6,15,13,30573364,Gm13_30573364_MG6
Gm13_30647830,30647830,12,MG6,171,45,1,0,0.0543063773833004,0.209677419354839,0.996835152173913,0.99826425,0.6,15,13,30573364,Gm13_30573364_MG6
Gm13_30647844,30647844,12,MG6,171,45,1,0,0.0543063773833004,0.209677419354839,0.996835152173913,0.99826425,0.6,15,13,30573364,Gm13_30573364_MG6
Gm13_30647893,30647893,0,0,127,84,6,0,-0.073047619047619,0.400921658986175,0.145551763113964,0.146369031660401,0.6,15,13,30573364,NA
Gm13_30647909,30647909,13,MG9,185,32,0,0,0.204405737704918,0.147465437788018,0.999297846153846,1,0.6,15,13,30573364,Gm13_30573364_MG9
Gm13_30647921,30647921,0,0,202,13,2,0,-0.300384615384615,0.0645161290322581,0.097351875247836,0.0932027637632911,0.6,15,13,30573364,NA
Gm13_30647929,30647929,13,MG9,185,32,0,0,0.204405737704918,0.147465437788018,0.999297846153846,1,0.6,15,13,30573364,Gm13_30573364_MG9
Gm13_30647960,30647960,0,0,195,20,2,0,-0.239119170984456,0.0967741935483871,0.0742786803104556,0.0717740802220464,0.6,15,13,30573364,NA
Gm13_30647967,30647967,13,MG9,185,32,0,0,0.204405737704918,0.147465437788018,0.999297846153846,1,0.6,15,13,30573364,Gm13_30573364_MG9
Gm13_30648002,30648002,13,MG9,185,32,0,0,0.204405737704918,0.147465437788018,0.999297846153846,1,0.6,15,13,30573364,Gm13_30573364_MG9
Gm13_30648040,30648040,13,MG9,185,32,0,0,0.204405737704918,0.147465437788018,0.999297846153846,1,0.6,15,13,30573364,Gm13_30573364_MG9
Gm13_30648060,30648060,0,0,169,46,2,0,0.275793650793651,0.216589861751152,0.0805626644797494,0.0802771213472785,0.6,15,13,30573364,NA
Gm13_30648077,30648077,13,MG9,185,32,0,0,0.204405737704918,0.147465437788018,0.999297846153846,1,0.6,15,13,30573364,Gm13_30573364_MG9
Gm13_30648079,30648079,13,MG9,185,32,0,0,0.204405737704918,0.147465437788018,0.999297846153846,1,0.6,15,13,30573364,Gm13_30573364_MG9
Gm13_30648086,30648086,6,MG13,201,14,2,0,0.35,0.0691244239631336,0.911139,0.911139,0.6,15,13,30573364,Gm13_30573364_MG13
Gm13_30648097,30648097,13,MG9,185,32,0,0,0.204405737704918,0.147465437788018,0.999297846153846,1,0.6,15,13,30573364,Gm13_30573364_MG9
Gm13_30648138,30648138,13,MG9,185,32,0,0,0.204405737704918,0.147465437788018,0.999297846153846,1,0.6,15,13,30573364,Gm13_30573364_MG9
Gm13_30648156,30648156,13,MG9,185,32,0,0,0.204405737704918,0.147465437788018,0.999297846153846,1,0.6,15,13,30573364,Gm13_30573364_MG9
Gm13_30648256,30648256,0,0,156,58,3,0,0.152485445588894,0.274193548387097,0.105555686374763,0.106518301558061,0.6,15,13,30573364,NA
Gm13_30648260,30648260,12,MG6,171,45,1,0,0.0543063773833004,0.209677419354839,0.996835152173913,0.99826425,0.6,15,13,30573364,Gm13_30573364_MG6
Gm13_30648265,30648265,0,0,206,11,0,0,0.25222816399287,0.0506912442396313,0.0794831235904328,0.0764024323691983,0.6,15,13,30573364,NA
Gm13_30648268,30648268,0,0,203,13,1,0,-0.30195177956372,0.0622119815668203,0.098345393370615,0.0941041916027426,0.6,15,13,30573364,NA
Gm13_30648307,30648307,0,0,206,11,0,0,0.25222816399287,0.0506912442396313,0.0794831235904328,0.0764024323691983,0.6,15,13,30573364,NA
Gm13_30648319,30648319,0,0,18,196,3,0,-0.358974358974359,0.910138248847926,0.0642132210273349,0.0705088421035232,0.6,15,13,30573364,NA
Gm13_30648339,30648339,13,MG9,185,32,0,0,0.204405737704918,0.147465437788018,0.999297846153846,1,0.6,15,13,30573364,Gm13_30573364_MG9
Gm13_30648351,30648351,0,0,98,113,6,0,-0.312776548672566,0.534562211981567,0.115617651145055,0.117189763083711,0.6,15,13,30573364,NA
Gm13_30648380,30648380,12,MG6,171,45,1,0,0.0543063773833004,0.209677419354839,0.996835152173913,0.99826425,0.6,15,13,30573364,Gm13_30573364_MG6
Gm13_30648433,30648433,0,0,158,55,4,0,0.321420146260911,0.262672811059908,0.0789040875249886,0.0779357666950844,0.6,15,13,30573364,NA
Gm13_30648438,30648438,0,0,188,29,0,0,0.182424916573971,0.133640552995392,0.105092161184852,0.104574655432806,0.6,15,13,30573364,NA
Gm13_30648443,30648443,13,MG9,185,32,0,0,0.204405737704918,0.147465437788018,0.999297846153846,1,0.6,15,13,30573364,Gm13_30573364_MG9
Gm13_30648492,30648492,13,MG9,185,32,0,0,0.204405737704918,0.147465437788018,0.999297846153846,1,0.6,15,13,30573364,Gm13_30573364_MG9
Gm13_30648507,30648507,12,MG6,171,45,1,0,0.0543063773833004,0.209677419354839,0.996835152173913,0.99826425,0.6,15,13,30573364,Gm13_30573364_MG6
Gm13_30648585,30648585,0,0,187,27,3,0,0.0256410256410255,0.131336405529954,0.072393765186016,0.0691296335794536,0.6,15,13,30573364,NA
Gm13_30648609,30648609,13,MG9,185,32,0,0,0.204405737704918,0.147465437788018,0.999297846153846,1,0.6,15,13,30573364,Gm13_30573364_MG9
Gm13_30648626,30648626,0,0,203,13,1,0,-0.30195177956372,0.0622119815668203,0.098345393370615,0.0941041916027426,0.6,15,13,30573364,NA
Gm13_30648662,30648662,13,MG9,185,32,0,0,0.204405737704918,0.147465437788018,0.999297846153846,1,0.6,15,13,30573364,Gm13_30573364_MG9
Gm13_30648704,30648704,0,0,203,13,1,0,-0.30195177956372,0.0622119815668203,0.098345393370615,0.0941041916027426,0.6,15,13,30573364,NA
Gm13_30648803,30648803,0,0,203,13,1,0,-0.30195177956372,0.0622119815668203,0.098345393370615,0.0941041916027426,0.6,15,13,30573364,NA
Gm13_30648807,30648807,13,MG9,185,32,0,0,0.204405737704918,0.147465437788018,0.999297846153846,1,0.6,15,13,30573364,Gm13_30573364_MG9
Gm13_30648819,30648819,13,MG9,185,32,0,0,0.204405737704918,0.147465437788018,0.999297846153846,1,0.6,15,13,30573364,Gm13_30573364_MG9
Gm13_30648820,30648820,0,0,194,22,1,0,-0.699337121212121,0.1036866359447,0.0876602906883827,0.0870430228421941,0.6,15,13,30573364,NA
Gm13_30648822,30648822,13,MG9,185,32,0,0,0.204405737704918,0.147465437788018,0.999297846153846,1,0.6,15,13,30573364,Gm13_30573364_MG9
Gm13_30648844,30648844,13,MG9,185,32,0,0,0.204405737704918,0.147465437788018,0.999297846153846,1,0.6,15,13,30573364,Gm13_30573364_MG9
Gm13_30648924,30648924,0,0,188,29,0,0,0.182424916573971,0.133640552995392,0.105092161184852,0.104574655432806,0.6,15,13,30573364,NA
Gm13_30648926,30648926,13,MG9,185,32,0,0,0.204405737704918,0.147465437788018,0.999297846153846,1,0.6,15,13,30573364,Gm13_30573364_MG9
Gm13_30648927,30648927,13,MG9,185,32,0,0,0.204405737704918,0.147465437788018,0.999297846153846,1,0.6,15,13,30573364,Gm13_30573364_MG9
Gm13_30648930,30648930,13,MG9,185,32,0,0,0.204405737704918,0.147465437788018,0.999297846153846,1,0.6,15,13,30573364,Gm13_30573364_MG9
Gm13_30648945,30648945,0,0,188,29,0,0,0.182424916573971,0.133640552995392,0.105092161184852,0.104574655432806,0.6,15,13,30573364,NA
Gm13_30651406,30651406,0,0,203,13,1,0,-0.30195177956372,0.0622119815668203,0.098345393370615,0.0941041916027426,0.6,15,13,30573364,NA
Gm13_30651409,30651409,0,0,169,46,2,0,0.275793650793651,0.216589861751152,0.0805626644797494,0.0802771213472785,0.6,15,13,30573364,NA
Gm13_30651466,30651466,12,MG6,171,45,1,0,0.0543063773833004,0.209677419354839,0.996835152173913,0.99826425,0.6,15,13,30573364,Gm13_30573364_MG6
Gm13_30651478,30651478,13,MG9,185,32,0,0,0.204405737704918,0.147465437788018,0.999297846153846,1,0.6,15,13,30573364,Gm13_30573364_MG9
Gm13_30651667,30651667,12,MG6,171,45,1,0,0.0543063773833004,0.209677419354839,0.996835152173913,0.99826425,0.6,15,13,30573364,Gm13_30573364_MG6
Gm13_30651789,30651789,0,0,140,73,4,0,0.229516386890487,0.345622119815668,0.0932594319253075,0.0925059134960127,0.6,15,13,30573364,NA
Gm13_30651799,30651799,0,0,203,13,1,0,-0.30195177956372,0.0622119815668203,0.098345393370615,0.0941041916027426,0.6,15,13,30573364,NA
Gm13_30651865,30651865,12,MG6,171,45,1,0,0.0543063773833004,0.209677419354839,0.996835152173913,0.99826425,0.6,15,13,30573364,Gm13_30573364_MG6
Gm13_30651929,30651929,12,MG6,171,45,1,0,0.0543063773833004,0.209677419354839,0.996835152173913,0.99826425,0.6,15,13,30573364,Gm13_30573364_MG6
Gm13_30651994,30651994,12,MG6,171,45,1,0,0.0543063773833004,0.209677419354839,0.996835152173913,0.99826425,0.6,15,13,30573364,Gm13_30573364_MG6
Gm13_30652004,30652004,13,MG9,185,32,0,0,0.204405737704918,0.147465437788018,0.999297846153846,1,0.6,15,13,30573364,Gm13_30573364_MG9
Gm13_30652212,30652212,13,MG9,185,32,0,0,0.204405737704918,0.147465437788018,0.999297846153846,1,0.6,15,13,30573364,Gm13_30573364_MG9
Gm13_30652704,30652704,0,0,127,85,5,0,-0.0804705882352941,0.403225806451613,0.144534528039738,0.145383291581108,0.6,15,13,30573364,NA
Gm13_30652885,30652885,0,0,193,23,1,0,-0.656498975643069,0.108294930875576,0.0819494947266515,0.0813095678691983,0.6,15,13,30573364,NA
Gm13_30652977,30652977,6,MG13,201,14,2,0,0.35,0.0691244239631336,0.911139,0.911139,0.6,15,13,30573364,Gm13_30573364_MG13
Gm13_30653068,30653068,0,0,186,28,3,0,0.335935935935936,0.135944700460829,0.056468613645672,0.0551370484397679,0.6,15,13,30573364,NA
Gm13_30653070,30653070,0,0,127,85,5,0,-0.0804705882352941,0.403225806451613,0.144534528039738,0.145383291581108,0.6,15,13,30573364,NA
Gm13_30653682,30653682,13,MG9,185,32,0,0,0.204405737704918,0.147465437788018,0.999297846153846,1,0.6,15,13,30573364,Gm13_30573364_MG9
Gm13_30654291,30654291,13,0,184,31,2,0,0.195852534562212,0.147465437788018,0.981913461538461,0.0999356726596401,0.6,15,13,30573364,NA
Gm13_30654449,30654449,0,0,188,28,1,0,0.176267281105991,0.131336405529954,0.103372329282916,0.102952146599578,0.6,15,13,30573364,NA
Gm13_30654707,30654707,0,0,161,50,6,0,0.118490566037736,0.244239631336406,0.0155462193778952,0.0151893232526203,0.6,15,13,30573364,NA
Gm13_30655563,30655563,0,0,144,70,3,0,0.210195601499949,0.329493087557604,0.0918060323740774,0.0913814794627004,0.6,15,13,30573364,NA
Gm13_30655598,30655598,13,MG9,185,32,0,0,0.204405737704918,0.147465437788018,0.999297846153846,1,0.6,15,13,30573364,Gm13_30573364_MG9
Gm13_30655702,30655702,0,0,133,80,4,0,-0.109923664122137,0.377880184331797,0.142836435937813,0.143203018727215,0.6,15,13,30573364,NA
Gm13_30655729,30655729,12,MG6,171,45,1,0,0.0543063773833004,0.209677419354839,0.996835152173913,0.99826425,0.6,15,13,30573364,Gm13_30573364_MG6
Gm13_30655777,30655777,0,0,203,13,1,0,-0.30195177956372,0.0622119815668203,0.098345393370615,0.0941041916027426,0.6,15,13,30573364,NA
Gm13_30655797,30655797,0,0,130,83,4,0,-0.0886671686746987,0.391705069124424,0.141254987578269,0.14192220895962,0.6,15,13,30573364,NA
Gm13_30655929,30655929,0,0,188,29,0,0,0.182424916573971,0.133640552995392,0.105092161184852,0.104574655432806,0.6,15,13,30573364,NA
Gm13_30656021,30656021,0,0,128,84,5,0,-0.0793650793650793,0.398617511520737,0.143562296618223,0.144243314167511,0.6,15,13,30573364,NA
Gm13_30656039,30656039,12,MG6,171,45,1,0,0.0543063773833004,0.209677419354839,0.996835152173913,0.99826425,0.6,15,13,30573364,Gm13_30573364_MG6
Gm13_30656126,30656126,0,0,203,13,1,0,-0.30195177956372,0.0622119815668203,0.098345393370615,0.0941041916027426,0.6,15,13,30573364,NA
Gm13_30656181,30656181,12,MG6,171,45,1,0,0.0543063773833004,0.209677419354839,0.996835152173913,0.99826425,0.6,15,13,30573364,Gm13_30573364_MG6
Gm13_30656224,30656224,12,MG6,171,45,1,0,0.0543063773833004,0.209677419354839,0.996835152173913,0.99826425,0.6,15,13,30573364,Gm13_30573364_MG6
Gm13_30656280,30656280,12,MG6,171,45,1,0,0.0543063773833004,0.209677419354839,0.996835152173913,0.99826425,0.6,15,13,30573364,Gm13_30573364_MG6
Gm13_30656370,30656370,12,MG6,171,45,1,0,0.0543063773833004,0.209677419354839,0.996835152173913,0.99826425,0.6,15,13,30573364,Gm13_30573364_MG6
Gm13_30656454,30656454,12,MG6,171,45,1,0,0.0543063773833004,0.209677419354839,0.996835152173913,0.99826425,0.6,15,13,30573364,Gm13_30573364_MG6
Gm13_30656546,30656546,13,MG9,185,32,0,0,0.204405737704918,0.147465437788018,0.999297846153846,1,0.6,15,13,30573364,Gm13_30573364_MG9
Gm13_30656596,30656596,13,MG9,185,32,0,0,0.204405737704918,0.147465437788018,0.999297846153846,1,0.6,15,13,30573364,Gm13_30573364_MG9
Gm13_30656729,30656729,13,MG9,185,32,0,0,0.204405737704918,0.147465437788018,0.999297846153846,1,0.6,15,13,30573364,Gm13_30573364_MG9
Gm13_30656732,30656732,0,0,203,13,1,0,-0.30195177956372,0.0622119815668203,0.098345393370615,0.0941041916027426,0.6,15,13,30573364,NA
Gm13_30656748,30656748,6,MG13,201,14,2,0,0.35,0.0691244239631336,0.911139,0.911139,0.6,15,13,30573364,Gm13_30573364_MG13
Gm13_30656781,30656781,13,MG9,185,32,0,0,0.204405737704918,0.147465437788018,0.999297846153846,1,0.6,15,13,30573364,Gm13_30573364_MG9
Gm13_30656878,30656878,0,0,188,29,0,0,0.182424916573971,0.133640552995392,0.105092161184852,0.104574655432806,0.6,15,13,30573364,NA
Gm13_30656966,30656966,12,MG6,171,45,1,0,0.0543063773833004,0.209677419354839,0.996835152173913,0.99826425,0.6,15,13,30573364,Gm13_30573364_MG6
Gm13_30657233,30657233,0,0,203,13,1,0,-0.30195177956372,0.0622119815668203,0.098345393370615,0.0941041916027426,0.6,15,13,30573364,NA
Gm13_30657284,30657284,13,MG9,185,32,0,0,0.204405737704918,0.147465437788018,0.999297846153846,1,0.6,15,13,30573364,Gm13_30573364_MG9
Gm13_30657918,30657918,0,0,174,42,1,0,0.0276854928017718,0.195852534562212,0.107430496590194,0.107815129985432,0.6,15,13,30573364,NA
Gm13_30658443,30658443,13,MG9,185,32,0,0,0.204405737704918,0.147465437788018,0.999297846153846,1,0.6,15,13,30573364,Gm13_30573364_MG9
Gm13_30658492,30658492,12,MG6,171,45,1,0,0.0543063773833004,0.209677419354839,0.996835152173913,0.99826425,0.6,15,13,30573364,Gm13_30573364_MG6
Gm13_30658520,30658520,12,MG6,171,45,1,0,0.0543063773833004,0.209677419354839,0.996835152173913,0.99826425,0.6,15,13,30573364,Gm13_30573364_MG6
Gm13_30658541,30658541,12,MG6,171,45,1,0,0.0543063773833004,0.209677419354839,0.996835152173913,0.99826425,0.6,15,13,30573364,Gm13_30573364_MG6
Gm13_30658564,30658564,12,MG6,171,45,1,0,0.0543063773833004,0.209677419354839,0.996835152173913,0.99826425,0.6,15,13,30573364,Gm13_30573364_MG6
Gm13_30658675,30658675,12,MG6,171,45,1,0,0.0543063773833004,0.209677419354839,0.996835152173913,0.99826425,0.6,15,13,30573364,Gm13_30573364_MG6
Gm13_30659032,30659032,12,MG6,171,45,1,0,0.0543063773833004,0.209677419354839,0.996835152173913,0.99826425,0.6,15,13,30573364,Gm13_30573364_MG6
Gm13_30659081,30659081,12,MG6,171,45,1,0,0.0543063773833004,0.209677419354839,0.996835152173913,0.99826425,0.6,15,13,30573364,Gm13_30573364_MG6
Gm13_30659111,30659111,13,MG9,185,32,0,0,0.204405737704918,0.147465437788018,0.999297846153846,1,0.6,15,13,30573364,Gm13_30573364_MG9
Gm13_30659147,30659147,0,0,175,42,0,0,0.114505917974126,0.193548387096774,0.103893874418251,0.105245855843063,0.6,15,13,30573364,NA
Gm13_30659207,30659207,0,0,177,40,0,0,0.0985714285714285,0.184331797235023,0.0996980409031663,0.10100800117403,0.6,15,13,30573364,NA
Gm13_30659330,30659330,13,MG9,185,32,0,0,0.204405737704918,0.147465437788018,0.999297846153846,1,0.6,15,13,30573364,Gm13_30573364_MG9
Gm13_30659407,30659407,0,0,127,84,6,0,-0.0849523809523809,0.400921658986175,0.143469946644191,0.144257170204219,0.6,15,13,30573364,NA
Gm13_30659666,30659666,12,MG6,171,45,1,0,0.0543063773833004,0.209677419354839,0.996835152173913,0.99826425,0.6,15,13,30573364,Gm13_30573364_MG6
Gm13_30659709,30659709,0,0,203,13,1,0,-0.30195177956372,0.0622119815668203,0.098345393370615,0.0941041916027426,0.6,15,13,30573364,NA
Gm13_30659724,30659724,0,0,200,16,1,0,-0.181818181818182,0.076036866359447,0.0907529352036446,0.0868038945599156,0.6,15,13,30573364,NA
Gm13_30659765,30659765,12,MG6,171,45,1,0,0.0543063773833004,0.209677419354839,0.996835152173913,0.99826425,0.6,15,13,30573364,Gm13_30573364_MG6
Gm13_30659780,30659780,12,MG6,171,45,1,0,0.0543063773833004,0.209677419354839,0.996835152173913,0.99826425,0.6,15,13,30573364,Gm13_30573364_MG6
Gm13_30660143,30660143,12,MG6,171,44,2,0,0.0477407208176439,0.207373271889401,0.9938115,0.99479275,0.6,15,13,30573364,Gm13_30573364_MG6
Gm13_30660278,30660278,0,0,188,29,0,0,0.182424916573971,0.133640552995392,0.105092161184852,0.104574655432806,0.6,15,13,30573364,NA
Gm13_30660563,30660563,12,MG6,171,44,2,0,0.0477407208176439,0.207373271889401,0.9938115,0.99479275,0.6,15,13,30573364,Gm13_30573364_MG6
Gm13_30660685,30660685,12,MG6,171,45,1,0,0.0543063773833004,0.209677419354839,0.996835152173913,0.99826425,0.6,15,13,30573364,Gm13_30573364_MG6
Gm13_30660696,30660696,12,MG6,171,44,2,0,0.0477407208176439,0.207373271889401,0.9938115,0.99479275,0.6,15,13,30573364,Gm13_30573364_MG6
Gm13_30660751,30660751,0,0,78,137,2,0,-0.0660968660968659,0.63594470046083,0.0136329209833677,0.013621257590081,0.6,15,13,30573364,NA
Gm13_30661029,30661029,12,MG6,171,44,2,0,0.0477407208176439,0.207373271889401,0.9938115,0.99479275,0.6,15,13,30573364,Gm13_30573364_MG6
Gm13_30661130,30661130,0,0,174,41,2,0,0.0503403289846851,0.193548387096774,0.101671431081785,0.102803609947054,0.6,15,13,30573364,NA
Gm13_30661146,30661146,12,MG6,171,44,2,0,0.0477407208176439,0.207373271889401,0.9938115,0.99479275,0.6,15,13,30573364,Gm13_30573364_MG6
Gm13_30661210,30661210,12,0,170,45,2,0,0.0563492063492064,0.211981566820276,0.968532586956522,0.108916466347975,0.6,15,13,30573364,NA
Gm13_30661221,30661221,0,0,174,41,2,0,0.0503403289846851,0.193548387096774,0.101671431081785,0.102803609947054,0.6,15,13,30573364,NA
Gm13_30661227,30661227,12,MG6,171,44,2,0,0.0477407208176439,0.207373271889401,0.9938115,0.99479275,0.6,15,13,30573364,Gm13_30573364_MG6
Gm13_30661240,30661240,12,0,170,45,2,0,0.0563492063492064,0.211981566820276,0.968532586956522,0.108916466347975,0.6,15,13,30573364,NA
Gm13_30661298,30661298,12,MG6,171,44,2,0,0.0477407208176439,0.207373271889401,0.9938115,0.99479275,0.6,15,13,30573364,Gm13_30573364_MG6
Gm13_30661309,30661309,12,MG6,171,44,2,0,0.0477407208176439,0.207373271889401,0.9938115,0.99479275,0.6,15,13,30573364,Gm13_30573364_MG6
Gm13_30661351,30661351,0,0,174,41,2,0,0.0503403289846851,0.193548387096774,0.101671431081785,0.102803609947054,0.6,15,13,30573364,NA
Gm13_30661591,30661591,12,MG6,171,44,2,0,0.0477407208176439,0.207373271889401,0.9938115,0.99479275,0.6,15,13,30573364,Gm13_30573364_MG6
Gm13_30661614,30661614,13,0,185,31,1,0,0.199365415124273,0.145161290322581,0.990681512820513,0.101779611478882,0.6,15,13,30573364,NA
Gm13_30661681,30661681,0,0,188,28,1,0,0.176267281105991,0.131336405529954,0.104882158820342,0.104388033451751,0.6,15,13,30573364,NA
Gm13_30662245,30662245,12,MG6,171,44,2,0,0.0477407208176439,0.207373271889401,0.9938115,0.99479275,0.6,15,13,30573364,Gm13_30573364_MG6
Gm13_30662262,30662262,12,MG6,171,44,2,0,0.0477407208176439,0.207373271889401,0.9938115,0.99479275,0.6,15,13,30573364,Gm13_30573364_MG6
Gm13_30667064,30667064,0,0,189,26,2,0,0.00978723404255311,0.124423963133641,0.0707854036555285,0.067494292731597,0.6,15,13,30573364,NA
Gm13_30667082,30667082,0,0,85,128,4,0,0.108527861445783,0.599078341013825,0.119606733799369,0.119739209362707,0.6,15,13,30573364,NA
Gm13_30667266,30667266,0,0,128,83,6,0,-0.0839548670873971,0.3963133640553,0.143320347794761,0.143792433084177,0.6,15,13,30573364,NA
Gm13_30667294,30667294,0,0,85,128,4,0,0.108527861445783,0.599078341013825,0.119606733799369,0.119739209362707,0.6,15,13,30573364,NA
Gm13_30667422,30667422,0,0,128,83,6,0,-0.0839548670873971,0.3963133640553,0.143320347794761,0.143792433084177,0.6,15,13,30573364,NA
Gm13_30667458,30667458,0,0,128,83,6,0,-0.0839548670873971,0.3963133640553,0.143320347794761,0.143792433084177,0.6,15,13,30573364,NA
Gm13_30667477,30667477,0,0,173,42,2,0,0.266917293233083,0.19815668202765,0.0939189524405239,0.0938629701092616,0.6,15,13,30573364,NA
Gm13_30671700,30671700,0,0,193,23,1,0,-0.656498975643069,0.108294930875576,0.0845756363917995,0.0837444274767933,0.6,15,13,30573364,NA
