ID,POS,cluster,MGs,ref,alt,het,miss,phenodiff,AltAF,premeanr2,meanr2,epsilon,MGmin,chr,gwas_pos,MG_ID
Gm13_29847458,29847458,0,0,137,79,1,0,0.234240212342402,0.366359447004608,0.0707969210017648,0.0708114138520325,0.4,15,13,29941996,NA
Gm13_29847711,29847711,0,0,143,73,1,0,0.22249581404511,0.338709677419355,0.0702028927412473,0.0702201636812588,0.4,15,13,29941996,NA
Gm13_29847744,29847744,0,0,79,135,3,0,-0.264014466546112,0.629032258064516,0.116553107816532,0.116587165429779,0.4,15,13,29941996,NA
Gm13_29864151,29864151,0,0,159,56,2,0,-0.595882620564149,0.262672811059908,0.138217486879718,0.140727436487009,0.4,15,13,29941996,NA
Gm13_29865949,29865949,0,0,175,38,4,0,-0.736081533313051,0.184331797235023,0.142740606623656,0.145441519672302,0.4,15,13,29941996,NA
Gm13_29877463,29877463,0,0,168,48,1,0,0.185993975903614,0.223502304147465,0.116970972442682,0.120769433598641,0.4,15,13,29941996,NA
Gm13_29877487,29877487,0,0,168,48,1,0,0.185993975903614,0.223502304147465,0.116970972442682,0.120769433598641,0.4,15,13,29941996,NA
Gm13_29877523,29877523,0,0,123,91,3,0,0.306111263359825,0.426267281105991,0.106614963478589,0.108134249087217,0.4,15,13,29941996,NA
Gm13_29877784,29877784,0,0,123,91,3,0,0.306111263359825,0.426267281105991,0.106614963478589,0.108134249087217,0.4,15,13,29941996,NA
Gm13_29878035,29878035,0,0,170,46,1,0,0.173395445134576,0.214285714285714,0.120318026323992,0.123889560370676,0.4,15,13,29941996,NA
Gm13_29878115,29878115,0,0,165,51,1,0,0.12666907253699,0.237327188940092,0.114713755467217,0.117447407630181,0.4,15,13,29941996,NA
Gm13_29878116,29878116,0,0,103,111,3,0,0.349425492117218,0.518433179723502,0.11983237317211,0.120534596881469,0.4,15,13,29941996,NA
Gm13_29878228,29878228,0,0,197,18,2,0,0.298319327731092,0.0875576036866359,0.0646439542705376,0.0639677421655137,0.4,15,13,29941996,NA
Gm13_29878273,29878273,0,0,166,50,1,0,0.119756097560976,0.232718894009217,0.111164266722659,0.113817416366785,0.4,15,13,29941996,NA
Gm13_29878448,29878448,0,0,175,39,3,0,0.242007722007722,0.186635944700461,0.0680582542585605,0.0677700034491144,0.4,15,13,29941996,NA
Gm13_29878490,29878490,0,0,172,44,1,0,0.160160427807487,0.205069124423963,0.124233446598793,0.127819880969443,0.4,15,13,29941996,NA
Gm13_29878503,29878503,0,0,172,44,1,0,0.160160427807487,0.205069124423963,0.124233446598793,0.127819880969443,0.4,15,13,29941996,NA
Gm13_29878511,29878511,0,0,172,44,1,0,0.160160427807487,0.205069124423963,0.124233446598793,0.127819880969443,0.4,15,13,29941996,NA
Gm13_29879710,29879710,0,0,199,16,2,0,0.0901015228426396,0.0783410138248848,0.0490177753694462,0.0489198055459922,0.4,15,13,29941996,NA
Gm13_29879797,29879797,0,0,161,55,1,0,0.152887364208119,0.255760368663594,0.106514442130129,0.109323199043974,0.4,15,13,29941996,NA
Gm13_29879800,29879800,0,0,194,21,2,0,0.308193163320673,0.101382488479263,0.0634475102693548,0.062848909110013,0.4,15,13,29941996,NA
Gm13_29879935,29879935,0,0,197,18,2,0,0.298319327731092,0.0875576036866359,0.0646439542705376,0.0639677421655137,0.4,15,13,29941996,NA
Gm13_29880063,29880063,0,0,161,55,1,0,0.152887364208119,0.255760368663594,0.106514442130129,0.109323199043974,0.4,15,13,29941996,NA
Gm13_29880103,29880103,0,0,199,16,2,0,0.0901015228426396,0.0783410138248848,0.0490177753694462,0.0489198055459922,0.4,15,13,29941996,NA
Gm13_29880124,29880124,0,0,165,51,1,0,0.12666907253699,0.237327188940092,0.110338501827667,0.112800281456156,0.4,15,13,29941996,NA
Gm13_29880130,29880130,0,0,180,37,0,0,0.10507136349833,0.170506912442396,0.122360634003481,0.125220918512133,0.4,15,13,29941996,NA
Gm13_29880172,29880172,0,0,161,55,1,0,0.152887364208119,0.255760368663594,0.106514442130129,0.109323199043974,0.4,15,13,29941996,NA
Gm13_29880212,29880212,0,0,172,44,1,0,0.160160427807487,0.205069124423963,0.124233446598793,0.127819880969443,0.4,15,13,29941996,NA
Gm13_29880214,29880214,0,0,172,44,1,0,0.160160427807487,0.205069124423963,0.124233446598793,0.127819880969443,0.4,15,13,29941996,NA
Gm13_29880828,29880828,0,0,191,24,2,0,0.321037601142313,0.115207373271889,0.0586490084052675,0.05813272138442,0.4,15,13,29941996,NA
Gm13_29880839,29880839,0,0,198,17,2,0,0.106542617046819,0.0829493087557604,0.0481784032682526,0.048048584150299,0.4,15,13,29941996,NA
Gm13_29880937,29880937,0,0,189,26,2,0,0.187830687830688,0.124423963133641,0.0641596739599126,0.0633606970041287,0.4,15,13,29941996,NA
Gm13_29881173,29881173,0,0,44,170,3,0,-0.244588744588744,0.790322580645161,0.13681929703414,0.135495837559688,0.4,15,13,29941996,NA
Gm13_29881331,29881331,0,0,149,66,2,0,-0.511750154607298,0.308755760368664,0.165993971907192,0.167672772170287,0.4,15,13,29941996,NA
Gm13_29881347,29881347,0,0,171,45,1,0,0.166863905325444,0.209677419354839,0.121966699034731,0.125589667128531,0.4,15,13,29941996,NA
Gm13_29881351,29881351,1,MG4,164,52,1,0,0.209639126305793,0.241935483870968,0.995468833333333,0.9995818,0.4,15,13,29941996,Gm13_29941996_MG4
Gm13_29881364,29881364,0,0,170,46,1,0,0.173395445134576,0.214285714285714,0.12064267563629,0.124459461161769,0.4,15,13,29941996,NA
Gm13_29881387,29881387,1,MG4,164,52,1,0,0.209639126305793,0.241935483870968,0.995468833333333,0.9995818,0.4,15,13,29941996,Gm13_29941996_MG4
Gm13_29881429,29881429,0,0,179,38,0,0,0.113440380612548,0.175115207373272,0.12169824000203,0.124801822659441,0.4,15,13,29941996,NA
Gm13_29881432,29881432,1,MG4,164,52,1,0,0.209639126305793,0.241935483870968,0.995468833333333,0.9995818,0.4,15,13,29941996,Gm13_29941996_MG4
Gm13_29881467,29881467,0,0,191,24,2,0,0.178718535469107,0.115207373271889,0.0638510741306062,0.0629516775781157,0.4,15,13,29941996,NA
Gm13_29881487,29881487,0,0,191,24,2,0,0.178718535469107,0.115207373271889,0.0638510741306062,0.0629516775781157,0.4,15,13,29941996,NA
Gm13_29881499,29881499,0,0,45,169,3,0,-0.249900199600798,0.785714285714286,0.134448296198292,0.133135060132027,0.4,15,13,29941996,NA
Gm13_29881505,29881505,0,0,167,49,1,0,0.185993975903614,0.228110599078341,0.114352832896326,0.11803732501283,0.4,15,13,29941996,NA
Gm13_29881550,29881550,1,MG4,164,52,1,0,0.209639126305793,0.241935483870968,0.995468833333333,0.9995818,0.4,15,13,29941996,Gm13_29941996_MG4
Gm13_29881650,29881650,0,0,171,45,1,0,0.166863905325444,0.209677419354839,0.121966699034731,0.125589667128531,0.4,15,13,29941996,NA
Gm13_29881659,29881659,1,MG4,164,52,1,0,0.209639126305793,0.241935483870968,0.995468833333333,0.9995818,0.4,15,13,29941996,Gm13_29941996_MG4
Gm13_29881686,29881686,2,MG1,34,182,1,0,-0.179084967320261,0.841013824884793,0.99664076,0.997196,0.4,15,13,29941996,Gm13_29941996_MG1
Gm13_29881687,29881687,1,MG4,164,52,1,0,0.209639126305793,0.241935483870968,0.995468833333333,0.9995818,0.4,15,13,29941996,Gm13_29941996_MG4
Gm13_29881710,29881710,1,MG4,164,52,1,0,0.209639126305793,0.241935483870968,0.995468833333333,0.9995818,0.4,15,13,29941996,Gm13_29941996_MG4
Gm13_29881737,29881737,0,0,168,48,1,0,0.185993975903614,0.223502304147465,0.116970972442682,0.120769433598641,0.4,15,13,29941996,NA
Gm13_29881838,29881838,0,0,170,46,1,0,0.173395445134576,0.214285714285714,0.12064267563629,0.124459461161769,0.4,15,13,29941996,NA
Gm13_29881869,29881869,0,0,170,46,1,0,0.173395445134576,0.214285714285714,0.12064267563629,0.124459461161769,0.4,15,13,29941996,NA
Gm13_29882115,29882115,0,0,168,48,1,0,0.185993975903614,0.223502304147465,0.113249095315618,0.116770074141508,0.4,15,13,29941996,NA
Gm13_29882123,29882123,1,MG4,164,52,1,0,0.209639126305793,0.241935483870968,0.995468833333333,0.9995818,0.4,15,13,29941996,Gm13_29941996_MG4
Gm13_29882162,29882162,1,MG4,164,52,1,0,0.209639126305793,0.241935483870968,0.995468833333333,0.9995818,0.4,15,13,29941996,Gm13_29941996_MG4
Gm13_29882163,29882163,0,0,171,45,1,0,0.166863905325444,0.209677419354839,0.121966699034731,0.125589667128531,0.4,15,13,29941996,NA
Gm13_29882175,29882175,0,0,123,93,1,0,-0.410379454367724,0.430875576036866,0.105315058764382,0.106356120223277,0.4,15,13,29941996,NA
Gm13_29886085,29886085,1,MG4,164,52,1,0,0.209639126305793,0.241935483870968,0.995468833333333,0.9995818,0.4,15,13,29941996,Gm13_29941996_MG4
Gm13_29886120,29886120,1,MG4,163,52,2,0,0.21201624462494,0.244239631336406,0.989919,0.9941452,0.4,15,13,29941996,Gm13_29941996_MG4
Gm13_29886161,29886161,0,0,141,74,2,0,0.272754137115839,0.345622119815668,0.0916184245669247,0.0917644879295084,0.4,15,13,29941996,NA
Gm13_29886176,29886176,1,0,165,51,1,0,0.203897509924215,0.237327188940092,0.978746888888889,0.114239680542392,0.4,15,13,29941996,NA
Gm13_29886191,29886191,1,0,165,51,1,0,0.203897509924215,0.237327188940092,0.978746888888889,0.114239680542392,0.4,15,13,29941996,NA
Gm13_29886208,29886208,1,0,165,51,1,0,0.203897509924215,0.237327188940092,0.978746888888889,0.114239680542392,0.4,15,13,29941996,NA
Gm13_29886248,29886248,1,MG4,164,52,1,0,0.209639126305793,0.241935483870968,0.995468833333333,0.9995818,0.4,15,13,29941996,Gm13_29941996_MG4
Gm13_29886271,29886271,0,0,81,135,1,0,0.459389213775179,0.624423963133641,0.128303927248794,0.128831943137975,0.4,15,13,29941996,NA
Gm13_29886403,29886403,1,MG4,164,52,1,0,0.209639126305793,0.241935483870968,0.995468833333333,0.9995818,0.4,15,13,29941996,Gm13_29941996_MG4
Gm13_29886406,29886406,0,0,141,74,2,0,0.272754137115839,0.345622119815668,0.0916184245669247,0.0917644879295084,0.4,15,13,29941996,NA
Gm13_29886414,29886414,1,MG4,164,52,1,0,0.209639126305793,0.241935483870968,0.995468833333333,0.9995818,0.4,15,13,29941996,Gm13_29941996_MG4
Gm13_29886442,29886442,1,MG4,164,52,1,0,0.209639126305793,0.241935483870968,0.995468833333333,0.9995818,0.4,15,13,29941996,Gm13_29941996_MG4
Gm13_29886447,29886447,0,0,170,46,1,0,0.173395445134576,0.214285714285714,0.12064267563629,0.124459461161769,0.4,15,13,29941996,NA
Gm13_29886474,29886474,0,0,81,136,0,0,0.460567532706836,0.626728110599078,0.128376869218454,0.128913799868049,0.4,15,13,29941996,NA
Gm13_29886756,29886756,0,0,141,74,2,0,0.272754137115839,0.345622119815668,0.0916184245669247,0.0917644879295084,0.4,15,13,29941996,NA
Gm13_29886870,29886870,0,0,81,136,0,0,0.460567532706836,0.626728110599078,0.128376869218454,0.128913799868049,0.4,15,13,29941996,NA
Gm13_29887047,29887047,0,0,172,45,0,0,0.164705882352941,0.207373271889401,0.105822545366703,0.109038265296264,0.4,15,13,29941996,NA
Gm13_29887122,29887122,0,0,172,45,0,0,0.164705882352941,0.207373271889401,0.105822545366703,0.109038265296264,0.4,15,13,29941996,NA
Gm13_29887145,29887145,0,0,181,36,0,0,0.129733085040348,0.165898617511521,0.122316602045208,0.125450200184181,0.4,15,13,29941996,NA
Gm13_29887387,29887387,0,0,137,79,1,0,0.274812778462413,0.366359447004608,0.0959211224917515,0.095850312839874,0.4,15,13,29941996,NA
Gm13_29891258,29891258,0,0,138,78,1,0,0.290045766590389,0.361751152073733,0.0955001207221989,0.0954330483970299,0.4,15,13,29941996,NA
Gm13_29891284,29891284,0,0,181,36,0,0,0.129733085040348,0.165898617511521,0.122316602045208,0.125450200184181,0.4,15,13,29941996,NA
Gm13_29891292,29891292,0,0,138,78,1,0,0.269641495041953,0.361751152073733,0.0942991002876344,0.0942519032951886,0.4,15,13,29941996,NA
Gm13_29891350,29891350,0,0,172,45,0,0,0.164705882352941,0.207373271889401,0.105822545366703,0.109038265296264,0.4,15,13,29941996,NA
Gm13_29891360,29891360,0,0,172,45,0,0,0.164705882352941,0.207373271889401,0.105822545366703,0.109038265296264,0.4,15,13,29941996,NA
Gm13_29891487,29891487,0,0,39,177,1,0,-0.243223443223443,0.817972350230415,0.142854186254387,0.141533152500993,0.4,15,13,29941996,NA
Gm13_29891490,29891490,0,0,92,125,0,0,0.372746553552492,0.576036866359447,0.115660222764833,0.115955469228915,0.4,15,13,29941996,NA
Gm13_29891590,29891590,4,0,182,35,0,0,0.121428571428571,0.161290322580645,0.940671476190476,0.127392984655161,0.4,15,13,29941996,NA
Gm13_29891653,29891653,4,0,182,35,0,0,0.121428571428571,0.161290322580645,0.940671476190476,0.127392984655161,0.4,15,13,29941996,NA
Gm13_29891659,29891659,0,0,95,122,0,0,0.351315789473684,0.56221198156682,0.112794027233468,0.112721248194668,0.4,15,13,29941996,NA
Gm13_29891857,29891857,0,0,197,18,2,0,0.0426170468187275,0.0875576036866359,0.0478569298962903,0.0481404028385436,0.4,15,13,29941996,NA
Gm13_29891862,29891862,0,0,144,71,2,0,0.326273726273726,0.331797235023041,0.0844744101175806,0.0836848081761769,0.4,15,13,29941996,NA
Gm13_29891955,29891955,0,0,167,45,5,0,-0.612121212121212,0.21889400921659,0.125312406876747,0.127217997940572,0.4,15,13,29941996,NA
Gm13_29891980,29891980,0,0,199,16,2,0,0.0901015228426396,0.0783410138248848,0.0490177753694462,0.0489198055459922,0.4,15,13,29941996,NA
Gm13_29892017,29892017,0,0,163,53,1,0,-0.643618891362944,0.246543778801843,0.137576414580391,0.139622856369065,0.4,15,13,29941996,NA
Gm13_29892073,29892073,0,0,163,53,1,0,0.158831908831909,0.246543778801843,0.111845670154409,0.111908372529103,0.4,15,13,29941996,NA
Gm13_29892174,29892174,0,0,163,53,1,0,-0.643618891362944,0.246543778801843,0.137576414580391,0.139622856369065,0.4,15,13,29941996,NA
Gm13_29892193,29892193,0,0,157,59,1,0,-0.624822307271733,0.274193548387097,0.132760869702029,0.133750429204564,0.4,15,13,29941996,NA
Gm13_29892359,29892359,0,0,110,105,2,0,-0.353652081863091,0.488479262672811,0.113200817279435,0.112805539740052,0.4,15,13,29941996,NA
Gm13_29892551,29892551,3,MG9,170,46,1,0,-0.774068322981366,0.214285714285714,0.978934777777778,0.9869136,0.4,15,13,29941996,Gm13_29941996_MG9
Gm13_29892624,29892624,0,0,157,59,1,0,0.194960212201591,0.274193548387097,0.103636873514793,0.103672150149553,0.4,15,13,29941996,NA
Gm13_29892635,29892635,3,MG9,171,45,1,0,-0.767652859960552,0.209677419354839,0.984028555555556,0.989495666666667,0.4,15,13,29941996,Gm13_29941996_MG9
Gm13_29892659,29892659,0,0,87,126,4,0,-0.285209302325581,0.589861751152074,0.111439869872524,0.110504475221272,0.4,15,13,29941996,NA
Gm13_29892693,29892693,3,MG9,171,45,1,0,-0.767652859960552,0.209677419354839,0.984028555555556,0.989495666666667,0.4,15,13,29941996,Gm13_29941996_MG9
Gm13_29892710,29892710,0,0,34,182,1,0,-0.179084967320261,0.841013824884793,0.146760946048387,0.145151258595579,0.4,15,13,29941996,NA
Gm13_29892909,29892909,3,MG9,170,46,1,0,-0.774068322981366,0.214285714285714,0.978934777777778,0.9869136,0.4,15,13,29941996,Gm13_29941996_MG9
Gm13_29893357,29893357,0,0,99,116,2,0,-0.344099378881988,0.539170506912442,0.107742579884516,0.106759612096333,0.4,15,13,29941996,NA
Gm13_29893399,29893399,0,0,63,153,1,0,-0.19362976978871,0.707373271889401,0.11368453574062,0.112321298024735,0.4,15,13,29941996,NA
Gm13_29893431,29893431,0,0,98,117,2,0,-0.357358691788127,0.543778801843318,0.108220445473992,0.107217284580819,0.4,15,13,29941996,NA
Gm13_29893546,29893546,0,0,197,18,2,0,0.298319327731092,0.0875576036866359,0.0646439542705376,0.0639677421655137,0.4,15,13,29941996,NA
Gm13_29893713,29893713,0,0,67,149,1,0,-0.193725251294548,0.688940092165899,0.115329594129753,0.114087071368707,0.4,15,13,29941996,NA
Gm13_29893811,29893811,3,MG9,170,46,1,0,-0.774068322981366,0.214285714285714,0.978934777777778,0.9869136,0.4,15,13,29941996,Gm13_29941996_MG9
Gm13_29895419,29895419,4,MG7,184,33,0,0,0.103729603729604,0.152073732718894,0.991936666666667,0.998175894736842,0.4,15,13,29941996,Gm13_29941996_MG7
Gm13_29895804,29895804,0,0,102,111,4,0,-0.357528332433891,0.52073732718894,0.0905898381994637,0.0903920611058531,0.4,15,13,29941996,NA
Gm13_29895937,29895937,0,0,86,127,4,0,-0.245953488372093,0.594470046082949,0.0933996197366591,0.0928239575865727,0.4,15,13,29941996,NA
Gm13_29896294,29896294,0,0,197,18,2,0,0.298319327731092,0.0875576036866359,0.0646439542705376,0.0639677421655137,0.4,15,13,29941996,NA
Gm13_29896319,29896319,0,0,197,18,2,0,0.298319327731092,0.0875576036866359,0.0646439542705376,0.0639677421655137,0.4,15,13,29941996,NA
Gm13_29896751,29896751,3,MG9,170,46,1,0,-0.774068322981366,0.214285714285714,0.978934777777778,0.9869136,0.4,15,13,29941996,Gm13_29941996_MG9
Gm13_29896919,29896919,0,0,164,52,1,0,-0.66025641025641,0.241935483870968,0.141637762517754,0.14440142412641,0.4,15,13,29941996,NA
Gm13_29896987,29896987,0,0,102,111,4,0,-0.357528332433891,0.52073732718894,0.0905898381994637,0.0903920611058531,0.4,15,13,29941996,NA
Gm13_29898143,29898143,0,0,157,58,2,0,0.23419017288444,0.271889400921659,0.102328142509846,0.103668756841775,0.4,15,13,29941996,NA
Gm13_29898901,29898901,0,0,160,55,2,0,0.217688679245283,0.258064516129032,0.10928431315233,0.11068712608756,0.4,15,13,29941996,NA
Gm13_29899746,29899746,3,MG9,170,46,1,0,-0.774068322981366,0.214285714285714,0.978934777777778,0.9869136,0.4,15,13,29941996,Gm13_29941996_MG9
Gm13_29899989,29899989,0,0,101,111,5,0,-0.365973294577164,0.523041474654378,0.0910119368810874,0.0908124208056294,0.4,15,13,29941996,NA
Gm13_29900151,29900151,3,MG9,170,46,1,0,-0.774068322981366,0.214285714285714,0.978934777777778,0.9869136,0.4,15,13,29941996,Gm13_29941996_MG9
Gm13_29901426,29901426,3,MG9,171,45,1,0,-0.767652859960552,0.209677419354839,0.984028555555556,0.989495666666667,0.4,15,13,29941996,Gm13_29941996_MG9
Gm13_29901560,29901560,0,0,197,19,1,0,0.190823211875844,0.0898617511520737,0.11599031417828,0.114194712677035,0.4,15,13,29941996,NA
Gm13_29902491,29902491,0,0,32,184,1,0,-0.200892857142857,0.850230414746544,0.153292245080645,0.151588630871261,0.4,15,13,29941996,NA
Gm13_29902713,29902713,0,0,124,90,3,0,0.273093841642229,0.421658986175115,0.102783065053208,0.102443582652259,0.4,15,13,29941996,NA
Gm13_29902776,29902776,0,0,124,90,3,0,0.273093841642229,0.421658986175115,0.102783065053208,0.102443582652259,0.4,15,13,29941996,NA
Gm13_29902881,29902881,0,0,197,18,2,0,0.298319327731092,0.0875576036866359,0.0646439542705376,0.0639677421655137,0.4,15,13,29941996,NA
Gm13_29903428,29903428,0,0,197,18,2,0,0.298319327731092,0.0875576036866359,0.0646439542705376,0.0639677421655137,0.4,15,13,29941996,NA
Gm13_29903767,29903767,0,0,92,120,5,0,-0.230769230769231,0.564516129032258,0.131985284782016,0.130917197305358,0.4,15,13,29941996,NA
Gm13_29903926,29903926,0,0,123,90,4,0,-0.386627371523301,0.423963133640553,0.166304767224866,0.166574932529649,0.4,15,13,29941996,NA
Gm13_29903931,29903931,0,0,123,90,4,0,-0.386627371523301,0.423963133640553,0.166304767224866,0.166574932529649,0.4,15,13,29941996,NA
Gm13_29904396,29904396,0,0,130,83,4,0,-0.422575155984118,0.391705069124424,0.169976385896546,0.169850438292627,0.4,15,13,29941996,NA
Gm13_29904735,29904735,0,0,129,84,4,0,-0.434111445783133,0.3963133640553,0.170816081608003,0.170687028635051,0.4,15,13,29941996,NA
Gm13_29905331,29905331,0,0,129,84,4,0,-0.434111445783133,0.3963133640553,0.170816081608003,0.170687028635051,0.4,15,13,29941996,NA
Gm13_29905753,29905753,0,0,145,68,4,0,-0.515631427396133,0.32258064516129,0.183610648081317,0.185101837285436,0.4,15,13,29941996,NA
Gm13_29906272,29906272,0,0,129,84,4,0,-0.434111445783133,0.3963133640553,0.169696998244965,0.169515706234401,0.4,15,13,29941996,NA
Gm13_29906293,29906293,4,MG7,184,33,0,0,0.103729603729604,0.152073732718894,0.991936666666667,0.998175894736842,0.4,15,13,29941996,Gm13_29941996_MG7
Gm13_29906380,29906380,0,0,122,91,4,0,-0.398530762167126,0.428571428571429,0.166429454226598,0.166662341930545,0.4,15,13,29941996,NA
Gm13_29906842,29906842,0,0,128,85,4,0,-0.445631796025497,0.400921658986175,0.170551562379106,0.170364915539734,0.4,15,13,29941996,NA
Gm13_29907043,29907043,0,0,196,19,2,0,0.303418803418803,0.0921658986175115,0.0678863938389785,0.0672577000262679,0.4,15,13,29941996,NA
Gm13_29907381,29907381,0,0,129,84,4,0,-0.434111445783133,0.3963133640553,0.169696998244965,0.169515706234401,0.4,15,13,29941996,NA
Gm13_29907652,29907652,3,MG9,171,45,1,0,-0.767652859960552,0.209677419354839,0.984028555555556,0.989495666666667,0.4,15,13,29941996,Gm13_29941996_MG9
Gm13_29908500,29908500,0,0,104,108,5,0,-0.282823700208693,0.509216589861751,0.14569172362621,0.145483875653966,0.4,15,13,29941996,NA
Gm13_29908726,29908726,0,0,186,27,4,0,0.33991683991684,0.133640552995392,0.0653354065284919,0.0649003449274356,0.4,15,13,29941996,NA
Gm13_29909137,29909137,0,0,32,184,1,0,-0.200892857142857,0.850230414746544,0.153292245080645,0.151588630871261,0.4,15,13,29941996,NA
Gm13_29909569,29909569,0,0,38,178,1,0,-0.237739234449761,0.82258064516129,0.133026287000371,0.131183925134299,0.4,15,13,29941996,NA
Gm13_29909772,29909772,4,MG7,184,33,0,0,0.103729603729604,0.152073732718894,0.991936666666667,0.998175894736842,0.4,15,13,29941996,Gm13_29941996_MG7
Gm13_29910160,29910160,0,0,128,85,4,0,-0.445631796025497,0.400921658986175,0.170551562379106,0.170364915539734,0.4,15,13,29941996,NA
Gm13_29910455,29910455,0,0,128,85,4,0,-0.445631796025497,0.400921658986175,0.170551562379106,0.170364915539734,0.4,15,13,29941996,NA
Gm13_29910814,29910814,0,0,128,85,4,0,-0.445631796025497,0.400921658986175,0.170551562379106,0.170364915539734,0.4,15,13,29941996,NA
Gm13_29911251,29911251,0,0,196,19,2,0,0.303418803418803,0.0921658986175115,0.0678863938389785,0.0672577000262679,0.4,15,13,29941996,NA
Gm13_29911283,29911283,0,0,122,90,5,0,-0.385272541554462,0.426267281105991,0.165897519508844,0.166145754245228,0.4,15,13,29941996,NA
Gm13_29912101,29912101,0,0,135,78,4,0,-0.416811258916522,0.368663594470046,0.157953342100098,0.158885626557182,0.4,15,13,29941996,NA
Gm13_29912148,29912148,4,MG7,184,33,0,0,0.103729603729604,0.152073732718894,0.991936666666667,0.998175894736842,0.4,15,13,29941996,Gm13_29941996_MG7
Gm13_29912191,29912191,0,0,128,85,4,0,-0.445631796025497,0.400921658986175,0.170551562379106,0.170364915539734,0.4,15,13,29941996,NA
Gm13_29912216,29912216,0,0,189,26,2,0,0.332340425531915,0.124423963133641,0.0602412115868105,0.0595455481099961,0.4,15,13,29941996,NA
Gm13_29912257,29912257,0,0,138,75,4,0,-0.44421568627451,0.354838709677419,0.168130721788454,0.168928940065813,0.4,15,13,29941996,NA
Gm13_29912504,29912504,0,0,196,19,2,0,0.303418803418803,0.0921658986175115,0.0678863938389785,0.0672577000262679,0.4,15,13,29941996,NA
Gm13_29912514,29912514,0,0,32,184,1,0,-0.200892857142857,0.850230414746544,0.153292245080645,0.151588630871261,0.4,15,13,29941996,NA
Gm13_29912603,29912603,0,0,121,91,5,0,-0.397222222222222,0.430875576036866,0.166870038322252,0.167114497544545,0.4,15,13,29941996,NA
Gm13_29913695,29913695,0,0,197,19,1,0,0.190823211875844,0.0898617511520737,0.11599031417828,0.114194712677035,0.4,15,13,29941996,NA
Gm13_29913742,29913742,5,MG10,203,14,0,0,0.0476190476190474,0.0645161290322581,1,1,0.4,15,13,29941996,Gm13_29941996_MG10
Gm13_29913840,29913840,5,MG10,203,14,0,0,0.0476190476190474,0.0645161290322581,1,1,0.4,15,13,29941996,Gm13_29941996_MG10
Gm13_29914416,29914416,5,MG10,203,14,0,0,0.0476190476190474,0.0645161290322581,1,1,0.4,15,13,29941996,Gm13_29941996_MG10
Gm13_29914754,29914754,5,MG10,203,14,0,0,0.0476190476190474,0.0645161290322581,1,1,0.4,15,13,29941996,Gm13_29941996_MG10
Gm13_29915124,29915124,0,0,206,11,0,0,-0.035204991087344,0.0506912442396313,0.0284988354677417,0.0294364199336798,0.4,15,13,29941996,NA
Gm13_29915166,29915166,5,MG10,203,14,0,0,0.0476190476190474,0.0645161290322581,1,1,0.4,15,13,29941996,Gm13_29941996_MG10
Gm13_29915304,29915304,0,0,175,41,1,0,0.0727477795009164,0.191244239631336,0.111514948302765,0.112682515393052,0.4,15,13,29941996,NA
Gm13_29915517,29915517,5,MG10,203,14,0,0,0.0476190476190474,0.0645161290322581,1,1,0.4,15,13,29941996,Gm13_29941996_MG10
Gm13_29915539,29915539,5,MG10,203,14,0,0,0.0476190476190474,0.0645161290322581,1,1,0.4,15,13,29941996,Gm13_29941996_MG10
Gm13_29915754,29915754,0,0,204,13,0,0,0.023990860624524,0.0599078341013825,0.0373421784430376,0.0386263810582835,0.4,15,13,29941996,NA
Gm13_29915777,29915777,0,0,204,13,0,0,0.023990860624524,0.0599078341013825,0.0373421784430376,0.0386263810582835,0.4,15,13,29941996,NA
Gm13_29915855,29915855,5,MG10,203,14,0,0,0.0476190476190474,0.0645161290322581,1,1,0.4,15,13,29941996,Gm13_29941996_MG10
Gm13_29915921,29915921,5,MG10,203,14,0,0,0.0476190476190474,0.0645161290322581,1,1,0.4,15,13,29941996,Gm13_29941996_MG10
Gm13_29915940,29915940,4,MG7,184,33,0,0,0.103729603729604,0.152073732718894,0.991936666666667,0.998175894736842,0.4,15,13,29941996,Gm13_29941996_MG7
Gm13_29915982,29915982,5,MG10,203,14,0,0,0.0476190476190474,0.0645161290322581,1,1,0.4,15,13,29941996,Gm13_29941996_MG10
Gm13_29915992,29915992,5,MG10,203,14,0,0,0.0476190476190474,0.0645161290322581,1,1,0.4,15,13,29941996,Gm13_29941996_MG10
Gm13_29916123,29916123,0,0,192,24,1,0,0.225586159799681,0.112903225806452,0.104976889719091,0.103140955395324,0.4,15,13,29941996,NA
Gm13_29916297,29916297,5,MG10,203,14,0,0,0.0476190476190474,0.0645161290322581,1,1,0.4,15,13,29941996,Gm13_29941996_MG10
Gm13_29916330,29916330,5,MG10,203,14,0,0,0.0476190476190474,0.0645161290322581,1,1,0.4,15,13,29941996,Gm13_29941996_MG10
Gm13_29916771,29916771,5,MG10,203,14,0,0,0.0476190476190474,0.0645161290322581,1,1,0.4,15,13,29941996,Gm13_29941996_MG10
Gm13_29916782,29916782,0,0,192,24,1,0,0.225586159799681,0.112903225806452,0.104976889719091,0.103140955395324,0.4,15,13,29941996,NA
Gm13_29916888,29916888,0,0,168,48,1,0,0.126255020080321,0.223502304147465,0.118718440752809,0.119993239037828,0.4,15,13,29941996,NA
Gm13_29916965,29916965,5,MG10,203,14,0,0,0.0476190476190474,0.0645161290322581,1,1,0.4,15,13,29941996,Gm13_29941996_MG10
Gm13_29916970,29916970,0,0,168,48,1,0,0.126255020080321,0.223502304147465,0.118718440752809,0.119993239037828,0.4,15,13,29941996,NA
Gm13_29917268,29917268,5,MG10,203,14,0,0,0.0476190476190474,0.0645161290322581,1,1,0.4,15,13,29941996,Gm13_29941996_MG10
Gm13_29917313,29917313,5,MG10,203,14,0,0,0.0476190476190474,0.0645161290322581,1,1,0.4,15,13,29941996,Gm13_29941996_MG10
Gm13_29917371,29917371,0,0,32,184,1,0,-0.200892857142857,0.850230414746544,0.153292245080645,0.151588630871261,0.4,15,13,29941996,NA
Gm13_29917402,29917402,0,0,196,19,2,0,0.303418803418803,0.0921658986175115,0.0678863938389785,0.0672577000262679,0.4,15,13,29941996,NA
Gm13_29917404,29917404,5,MG10,203,14,0,0,0.0476190476190474,0.0645161290322581,1,1,0.4,15,13,29941996,Gm13_29941996_MG10
Gm13_29917426,29917426,5,MG10,203,14,0,0,0.0476190476190474,0.0645161290322581,1,1,0.4,15,13,29941996,Gm13_29941996_MG10
Gm13_29917511,29917511,0,0,166,48,3,0,-0.710365853658537,0.228110599078341,0.163536181513185,0.166119359227321,0.4,15,13,29941996,NA
Gm13_29917513,29917513,0,0,114,98,5,0,-0.347322324605419,0.463133640552995,0.155717093015691,0.155769643827925,0.4,15,13,29941996,NA
Gm13_29917537,29917537,0,0,192,24,1,0,0.225586159799681,0.112903225806452,0.104976889719091,0.103140955395324,0.4,15,13,29941996,NA
Gm13_29917780,29917780,0,0,161,55,1,0,0.0731846769582618,0.255760368663594,0.0947404846057796,0.0959882047915475,0.4,15,13,29941996,NA
Gm13_29917943,29917943,4,MG7,184,33,0,0,0.103729603729604,0.152073732718894,0.991936666666667,0.998175894736842,0.4,15,13,29941996,Gm13_29941996_MG7
Gm13_29917994,29917994,0,0,195,21,1,0,0.200515463917526,0.0990783410138249,0.112610262202151,0.110700470140962,0.4,15,13,29941996,NA
Gm13_29918088,29918088,0,0,192,24,1,0,0.225586159799681,0.112903225806452,0.104976889719091,0.103140955395324,0.4,15,13,29941996,NA
Gm13_29918221,29918221,0,0,133,80,4,0,-0.408036056770234,0.377880184331797,0.157032911130578,0.157665623642588,0.4,15,13,29941996,NA
Gm13_29918237,29918237,5,MG10,203,14,0,0,0.0476190476190474,0.0645161290322581,1,1,0.4,15,13,29941996,Gm13_29941996_MG10
Gm13_29918242,29918242,0,0,197,20,0,0,-0.0217948717948719,0.0921658986175115,0.0390892656644933,0.0399217666714993,0.4,15,13,29941996,NA
Gm13_29918245,29918245,4,MG7,184,33,0,0,0.103729603729604,0.152073732718894,0.991936666666667,0.998175894736842,0.4,15,13,29941996,Gm13_29941996_MG7
Gm13_29918261,29918261,0,0,176,41,0,0,0.136809643958508,0.188940092165899,0.105075773800848,0.107123951245554,0.4,15,13,29941996,NA
Gm13_29918277,29918277,0,0,195,21,1,0,0.200515463917526,0.0990783410138249,0.112610262202151,0.110700470140962,0.4,15,13,29941996,NA
Gm13_29918301,29918301,0,0,175,41,1,0,0.0727477795009164,0.191244239631336,0.111514948302765,0.112682515393052,0.4,15,13,29941996,NA
Gm13_29918349,29918349,0,0,195,21,1,0,0.200515463917526,0.0990783410138249,0.112610262202151,0.110700470140962,0.4,15,13,29941996,NA
Gm13_29918370,29918370,5,MG10,203,14,0,0,0.0476190476190474,0.0645161290322581,1,1,0.4,15,13,29941996,Gm13_29941996_MG10
Gm13_29918402,29918402,0,0,98,117,2,0,0.411889973380656,0.543778801843318,0.112175914626196,0.112140700366567,0.4,15,13,29941996,NA
Gm13_29918409,29918409,0,0,192,24,1,0,0.225586159799681,0.112903225806452,0.104976889719091,0.103140955395324,0.4,15,13,29941996,NA
Gm13_29918490,29918490,0,0,196,19,2,0,0.303418803418803,0.0921658986175115,0.0678863938389785,0.0672577000262679,0.4,15,13,29941996,NA
Gm13_29919044,29919044,0,0,199,18,0,0,0.0572476029328821,0.0829493087557604,0.0417731174491687,0.0426358178492607,0.4,15,13,29941996,NA
Gm13_29919117,29919117,0,0,165,49,3,0,-0.718041817954176,0.232718894009217,0.163766667183761,0.166296203881298,0.4,15,13,29941996,NA
Gm13_29919149,29919149,0,0,140,73,4,0,-0.473421262989608,0.345622119815668,0.179728562740591,0.180766076955787,0.4,15,13,29941996,NA
Gm13_29919237,29919237,0,0,117,95,5,0,-0.387380777696258,0.449308755760369,0.173594474687312,0.174133297746892,0.4,15,13,29941996,NA
Gm13_29919270,29919270,0,0,141,72,4,0,-0.462374245472837,0.341013824884793,0.179117661907513,0.180156467307139,0.4,15,13,29941996,NA
Gm13_29919573,29919573,0,0,137,76,4,0,-0.44421568627451,0.359447004608295,0.177729977090739,0.178747393700273,0.4,15,13,29941996,NA
Gm13_29919676,29919676,0,0,192,24,1,0,0.225586159799681,0.112903225806452,0.104976889719091,0.103140955395324,0.4,15,13,29941996,NA
Gm13_29919715,29919715,0,0,129,84,4,0,-0.394390060240964,0.3963133640553,0.169925147285702,0.171458183756257,0.4,15,13,29941996,NA
Gm13_29919722,29919722,0,0,129,84,4,0,-0.394390060240964,0.3963133640553,0.169925147285702,0.171458183756257,0.4,15,13,29941996,NA
Gm13_29919960,29919960,0,0,136,77,4,0,-0.455458089668616,0.36405529953917,0.177556006716263,0.178868917161118,0.4,15,13,29941996,NA
Gm13_29920095,29920095,0,0,133,80,4,0,-0.428270042194093,0.377880184331797,0.176269490671321,0.177586822032592,0.4,15,13,29941996,NA
Gm13_29920222,29920222,0,0,193,23,1,0,0.21780303030303,0.108294930875576,0.107857011463172,0.105933713212744,0.4,15,13,29941996,NA
Gm13_29920577,29920577,0,0,165,49,3,0,-0.718041817954176,0.232718894009217,0.163766667183761,0.166296203881298,0.4,15,13,29941996,NA
Gm13_29920633,29920633,0,0,133,80,4,0,-0.428270042194093,0.377880184331797,0.176269490671321,0.177586822032592,0.4,15,13,29941996,NA
Gm13_29920677,29920677,0,0,129,85,3,0,-0.360119047619048,0.398617511520737,0.151747102218516,0.151906334344052,0.4,15,13,29941996,NA
Gm13_29920685,29920685,0,0,128,86,3,0,-0.352200092635479,0.403225806451613,0.150905529557728,0.150991576763264,0.4,15,13,29941996,NA
Gm13_29920694,29920694,0,0,129,85,3,0,-0.360119047619048,0.398617511520737,0.151747102218516,0.151906334344052,0.4,15,13,29941996,NA
Gm13_29920734,29920734,0,0,119,94,4,0,-0.387370147621651,0.442396313364055,0.173074825315254,0.173649449199674,0.4,15,13,29941996,NA
Gm13_29921014,29921014,0,0,40,176,1,0,-0.15632183908046,0.813364055299539,0.142143298353925,0.140511084623303,0.4,15,13,29941996,NA
Gm13_29921203,29921203,0,0,124,90,3,0,-0.399196126792729,0.421658986175115,0.169518313555327,0.169938417952098,0.4,15,13,29941996,NA
Gm13_29921719,29921719,0,0,206,11,0,0,0.348039215686275,0.0506912442396313,0.0275082901413844,0.0269587828025878,0.4,15,13,29941996,NA
Gm13_29921843,29921843,0,0,41,175,1,0,-0.133088960947413,0.808755760368664,0.140234502585753,0.138629324478283,0.4,15,13,29941996,NA
Gm13_29922163,29922163,4,MG7,184,33,0,0,0.103729603729604,0.152073732718894,0.991936666666667,0.998175894736842,0.4,15,13,29941996,Gm13_29941996_MG7
Gm13_29922266,29922266,4,MG7,184,33,0,0,0.103729603729604,0.152073732718894,0.991936666666667,0.998175894736842,0.4,15,13,29941996,Gm13_29941996_MG7
Gm13_29922282,29922282,0,0,86,127,4,0,-0.338842203548086,0.594470046082949,0.131846854824854,0.130912761417023,0.4,15,13,29941996,NA
Gm13_29922335,29922335,0,0,41,175,1,0,-0.133088960947413,0.808755760368664,0.140234502585753,0.138629324478283,0.4,15,13,29941996,NA
Gm13_29922438,29922438,0,0,181,36,0,0,0.129733085040348,0.165898617511521,0.117445788715464,0.119923516598576,0.4,15,13,29941996,NA
Gm13_29922449,29922449,0,0,122,92,3,0,-0.422668240850059,0.430875576036866,0.170261122788536,0.17062507395926,0.4,15,13,29941996,NA
Gm13_29922529,29922529,0,0,33,183,1,0,-0.171772978402813,0.845622119815668,0.150632018951613,0.148947262028609,0.4,15,13,29941996,NA
Gm13_29922532,29922532,4,MG7,184,33,0,0,0.103729603729604,0.152073732718894,0.991936666666667,0.998175894736842,0.4,15,13,29941996,Gm13_29941996_MG7
Gm13_29922555,29922555,0,0,186,31,0,0,0.159712482468443,0.142857142857143,0.085107501504707,0.0865151100383641,0.4,15,13,29941996,NA
Gm13_29922561,29922561,4,MG7,184,33,0,0,0.103729603729604,0.152073732718894,0.991936666666667,0.998175894736842,0.4,15,13,29941996,Gm13_29941996_MG7
Gm13_29922634,29922634,0,0,178,39,0,0,0.0588578088578087,0.179723502304147,0.111104436170027,0.113492197529909,0.4,15,13,29941996,NA
Gm13_29922635,29922635,0,0,167,49,1,0,0.106617192331478,0.228110599078341,0.103998968155444,0.106529968010468,0.4,15,13,29941996,NA
Gm13_29922648,29922648,0,0,165,49,3,0,-0.718041817954176,0.232718894009217,0.163766667183761,0.166296203881298,0.4,15,13,29941996,NA
Gm13_29922685,29922685,4,MG7,184,33,0,0,0.103729603729604,0.152073732718894,0.991936666666667,0.998175894736842,0.4,15,13,29941996,Gm13_29941996_MG7
Gm13_29922729,29922729,0,0,85,128,4,0,-0.353393325834271,0.599078341013825,0.132621399234745,0.131667183889012,0.4,15,13,29941996,NA
Gm13_29922753,29922753,0,0,135,78,4,0,-0.466660205466176,0.368663594470046,0.176452906763554,0.177637927636,0.4,15,13,29941996,NA
Gm13_29922893,29922893,0,0,119,94,4,0,-0.387370147621651,0.442396313364055,0.172263029618587,0.17280410290797,0.4,15,13,29941996,NA
Gm13_29922949,29922949,0,0,119,94,4,0,-0.387370147621651,0.442396313364055,0.172263029618587,0.17280410290797,0.4,15,13,29941996,NA
Gm13_29923020,29923020,0,0,177,40,0,0,0.16,0.184331797235023,0.128389538744906,0.130919652777906,0.4,15,13,29941996,NA
Gm13_29923229,29923229,0,0,190,25,2,0,0.328703703703704,0.119815668202765,0.0671380572267742,0.066798162756723,0.4,15,13,29941996,NA
Gm13_29923978,29923978,6,MG3,182,31,4,0,0.353406998158379,0.152073732718894,0.971607411764706,0.975196,0.4,15,13,29941996,Gm13_29941996_MG3
Gm13_29924059,29924059,0,0,136,77,4,0,-0.455458089668616,0.36405529953917,0.177556006716263,0.178868917161118,0.4,15,13,29941996,NA
Gm13_29924098,29924098,0,0,136,77,4,0,-0.455458089668616,0.36405529953917,0.175753762655914,0.17693590483225,0.4,15,13,29941996,NA
Gm13_29924131,29924131,0,0,173,43,1,0,0.0892152862777098,0.200460829493088,0.106527595437245,0.108536023127841,0.4,15,13,29941996,NA
Gm13_29924178,29924178,0,0,85,128,4,0,-0.353393325834271,0.599078341013825,0.132621399234745,0.131667183889012,0.4,15,13,29941996,NA
Gm13_29924223,29924223,0,0,195,21,1,0,0.200515463917526,0.0990783410138249,0.112610262202151,0.110700470140962,0.4,15,13,29941996,NA
Gm13_29924228,29924228,0,0,122,92,3,0,-0.422668240850059,0.430875576036866,0.170261122788536,0.17062507395926,0.4,15,13,29941996,NA
Gm13_29924244,29924244,2,0,34,180,3,0,-0.177461996034369,0.836405529953917,0.98663744,0.156878454382315,0.4,15,13,29941996,NA
Gm13_29924429,29924429,0,0,119,94,4,0,-0.387370147621651,0.442396313364055,0.172263029618587,0.17280410290797,0.4,15,13,29941996,NA
Gm13_29924438,29924438,4,MG7,184,33,0,0,0.103729603729604,0.152073732718894,0.991936666666667,0.998175894736842,0.4,15,13,29941996,Gm13_29941996_MG7
Gm13_29924447,29924447,0,0,89,124,4,0,-0.354674796747968,0.580645161290323,0.128295537749731,0.127107345292328,0.4,15,13,29941996,NA
Gm13_29924448,29924448,0,0,86,127,4,0,-0.338842203548086,0.594470046082949,0.131846854824854,0.130912761417023,0.4,15,13,29941996,NA
Gm13_29924468,29924468,0,0,190,26,1,0,0.23978835978836,0.122119815668203,0.100155555000085,0.0988263470351925,0.4,15,13,29941996,NA
Gm13_29924477,29924477,0,0,204,12,1,0,0.0816831683168318,0.0576036866359447,0.0430838407413831,0.0434809224015852,0.4,15,13,29941996,NA
Gm13_29924483,29924483,6,MG3,182,31,4,0,0.353406998158379,0.152073732718894,0.971607411764706,0.975196,0.4,15,13,29941996,Gm13_29941996_MG3
Gm13_29924490,29924490,0,0,119,94,4,0,-0.387370147621651,0.442396313364055,0.172263029618587,0.17280410290797,0.4,15,13,29941996,NA
Gm13_29924493,29924493,0,0,119,94,4,0,-0.387370147621651,0.442396313364055,0.172263029618587,0.17280410290797,0.4,15,13,29941996,NA
Gm13_29924560,29924560,0,0,85,128,4,0,-0.353393325834271,0.599078341013825,0.132621399234745,0.131667183889012,0.4,15,13,29941996,NA
Gm13_29924717,29924717,0,0,162,52,3,0,-0.664423076923077,0.246543778801843,0.157536842433239,0.16017395886909,0.4,15,13,29941996,NA
Gm13_29924888,29924888,0,0,85,128,4,0,-0.353393325834271,0.599078341013825,0.132621399234745,0.131667183889012,0.4,15,13,29941996,NA
Gm13_29925003,29925003,0,0,40,176,1,0,-0.15632183908046,0.813364055299539,0.142143298353925,0.140511084623303,0.4,15,13,29941996,NA
Gm13_29925637,29925637,4,MG7,184,33,0,0,0.103729603729604,0.152073732718894,0.991936666666667,0.998175894736842,0.4,15,13,29941996,Gm13_29941996_MG7
Gm13_29925945,29925945,0,0,135,78,4,0,-0.466660205466176,0.368663594470046,0.176452906763554,0.177637927636,0.4,15,13,29941996,NA
Gm13_29926118,29926118,0,0,173,43,1,0,0.0892152862777098,0.200460829493088,0.106527595437245,0.108536023127841,0.4,15,13,29941996,NA
Gm13_29926132,29926132,0,0,78,134,5,0,-0.21120984278879,0.629032258064516,0.0883753605262218,0.088513579780896,0.4,15,13,29941996,NA
Gm13_29926171,29926171,6,MG3,182,31,4,0,0.353406998158379,0.152073732718894,0.971607411764706,0.975196,0.4,15,13,29941996,Gm13_29941996_MG3
Gm13_29926185,29926185,6,MG3,181,32,4,0,0.318817204301075,0.15668202764977,0.964731411764706,0.965761375,0.4,15,13,29941996,Gm13_29941996_MG3
Gm13_29926373,29926373,0,0,172,41,4,0,0.291812865497076,0.19815668202765,0.0675037913416263,0.0668763006562159,0.4,15,13,29941996,NA
Gm13_29926402,29926402,0,0,172,41,4,0,0.291812865497076,0.19815668202765,0.0675037913416263,0.0668763006562159,0.4,15,13,29941996,NA
Gm13_29926415,29926415,0,0,114,99,4,0,0.333664439227018,0.465437788018433,0.119484451857272,0.11999837152381,0.4,15,13,29941996,NA
Gm13_29926423,29926423,0,0,195,21,1,0,0.200515463917526,0.0990783410138249,0.112610262202151,0.110700470140962,0.4,15,13,29941996,NA
Gm13_29926431,29926431,0,0,172,41,4,0,0.291812865497076,0.19815668202765,0.0675037913416263,0.0668763006562159,0.4,15,13,29941996,NA
Gm13_29926446,29926446,0,0,193,23,1,0,0.21780303030303,0.108294930875576,0.107857011463172,0.105933713212744,0.4,15,13,29941996,NA
Gm13_29926674,29926674,0,0,195,21,1,0,0.200515463917526,0.0990783410138249,0.112610262202151,0.110700470140962,0.4,15,13,29941996,NA
Gm13_29927368,29927368,6,MG3,181,32,4,0,0.318817204301075,0.15668202764977,0.964731411764706,0.965761375,0.4,15,13,29941996,Gm13_29941996_MG3
Gm13_29927793,29927793,6,MG3,182,31,4,0,0.353406998158379,0.152073732718894,0.971607411764706,0.975196,0.4,15,13,29941996,Gm13_29941996_MG3
Gm13_29928016,29928016,0,0,134,82,1,0,0.270335820895522,0.380184331797235,0.0908681811254824,0.0906760295674368,0.4,15,13,29941996,NA
Gm13_29928281,29928281,6,MG3,182,31,4,0,0.353406998158379,0.152073732718894,0.971607411764706,0.975196,0.4,15,13,29941996,Gm13_29941996_MG3
Gm13_29928296,29928296,6,MG3,180,34,3,0,0.324868799729135,0.163594470046083,0.948407,0.945718875,0.4,15,13,29941996,Gm13_29941996_MG3
Gm13_29928308,29928308,0,0,32,184,1,0,-0.200892857142857,0.850230414746544,0.153292245080645,0.151588630871261,0.4,15,13,29941996,NA
Gm13_29928592,29928592,0,0,189,27,1,0,0.114975450081833,0.126728110599078,0.1059409740975,0.104780403990299,0.4,15,13,29941996,NA
Gm13_29928652,29928652,6,MG3,180,34,3,0,0.324868799729135,0.163594470046083,0.948407,0.945718875,0.4,15,13,29941996,Gm13_29941996_MG3
Gm13_29928691,29928691,6,MG3,180,34,3,0,0.324868799729135,0.163594470046083,0.948407,0.945718875,0.4,15,13,29941996,Gm13_29941996_MG3
Gm13_29928966,29928966,6,MG3,182,31,4,0,0.353406998158379,0.152073732718894,0.971607411764706,0.975196,0.4,15,13,29941996,Gm13_29941996_MG3
Gm13_29929011,29929011,6,MG3,183,31,3,0,0.351282051282051,0.149769585253456,0.965927235294118,0.968603625,0.4,15,13,29941996,Gm13_29941996_MG3
Gm13_29929012,29929012,6,MG3,183,31,3,0,0.351282051282051,0.149769585253456,0.965927235294118,0.968603625,0.4,15,13,29941996,Gm13_29941996_MG3
Gm13_29929153,29929153,6,MG3,180,34,3,0,0.324868799729135,0.163594470046083,0.948407,0.945718875,0.4,15,13,29941996,Gm13_29941996_MG3
Gm13_29929206,29929206,6,MG3,182,31,4,0,0.353406998158379,0.152073732718894,0.971607411764706,0.975196,0.4,15,13,29941996,Gm13_29941996_MG3
Gm13_29929861,29929861,6,0,181,34,2,0,0.322727272727273,0.161290322580645,0.942464823529412,0.0645630126850415,0.4,15,13,29941996,NA
Gm13_29929906,29929906,6,MG3,182,31,4,0,0.353406998158379,0.152073732718894,0.971607411764706,0.975196,0.4,15,13,29941996,Gm13_29941996_MG3
Gm13_29931340,29931340,0,0,134,82,1,0,0.270335820895522,0.380184331797235,0.0908681811254824,0.0906760295674368,0.4,15,13,29941996,NA
Gm13_29931590,29931590,0,0,172,43,2,0,0.118629908103592,0.202764976958525,0.0785507727608312,0.0781741899012463,0.4,15,13,29941996,NA
Gm13_29931621,29931621,0,0,134,82,1,0,0.270335820895522,0.380184331797235,0.0908681811254824,0.0906760295674368,0.4,15,13,29941996,NA
Gm13_29931679,29931679,0,0,172,43,2,0,0.118629908103592,0.202764976958525,0.0785507727608312,0.0781741899012463,0.4,15,13,29941996,NA
Gm13_29931843,29931843,0,0,195,21,1,0,0.200515463917526,0.0990783410138249,0.112610262202151,0.110700470140962,0.4,15,13,29941996,NA
Gm13_29931918,29931918,0,0,77,136,4,0,-0.333430799220273,0.63594470046083,0.116017051747366,0.114991458137893,0.4,15,13,29941996,NA
Gm13_29932027,29932027,0,0,32,184,1,0,-0.200892857142857,0.850230414746544,0.153292245080645,0.151588630871261,0.4,15,13,29941996,NA
Gm13_29932107,29932107,0,0,189,27,1,0,0.114975450081833,0.126728110599078,0.1059409740975,0.104780403990299,0.4,15,13,29941996,NA
Gm13_29932352,29932352,0,0,195,21,1,0,0.200515463917526,0.0990783410138249,0.112610262202151,0.110700470140962,0.4,15,13,29941996,NA
Gm13_29932410,29932410,0,0,172,42,3,0,0.38496648124376,0.200460829493088,0.0586679463125334,0.0583568592593419,0.4,15,13,29941996,NA
Gm13_29932436,29932436,0,0,168,45,4,0,0.396434403919434,0.216589861751152,0.0591967570677906,0.058830331866627,0.4,15,13,29941996,NA
Gm13_29932552,29932552,0,0,177,40,0,0,0.129285714285714,0.184331797235023,0.105701361566173,0.107277491892371,0.4,15,13,29941996,NA
Gm13_29932705,29932705,0,0,165,49,3,0,-0.718041817954176,0.232718894009217,0.163766667183761,0.166296203881298,0.4,15,13,29941996,NA
Gm13_29932916,29932916,0,0,191,25,1,0,0.326754385964912,0.117511520737327,0.0660941506554973,0.0657917372609753,0.4,15,13,29941996,NA
Gm13_29933044,29933044,4,MG7,184,33,0,0,0.103729603729604,0.152073732718894,0.991936666666667,0.998175894736842,0.4,15,13,29941996,Gm13_29941996_MG7
Gm13_29933695,29933695,0,0,145,70,2,0,-0.489310689310689,0.327188940092166,0.124259745868363,0.126485166379795,0.4,15,13,29941996,NA
Gm13_29933713,29933713,0,0,145,70,2,0,-0.489310689310689,0.327188940092166,0.124259745868363,0.126485166379795,0.4,15,13,29941996,NA
Gm13_29933742,29933742,0,0,154,60,3,0,-0.592105263157895,0.283410138248848,0.137407331458683,0.140305518004499,0.4,15,13,29941996,NA
Gm13_29933745,29933745,0,0,145,70,2,0,-0.489310689310689,0.327188940092166,0.124259745868363,0.126485166379795,0.4,15,13,29941996,NA
Gm13_29933831,29933831,0,0,95,119,3,0,-0.358362699918677,0.555299539170507,0.0889264263025481,0.0885375340040258,0.4,15,13,29941996,NA
Gm13_29933859,29933859,0,0,165,49,3,0,-0.718041817954176,0.232718894009217,0.163766667183761,0.166296203881298,0.4,15,13,29941996,NA
Gm13_29933909,29933909,0,0,144,71,2,0,-0.5,0.331797235023041,0.125091112399624,0.127308558160364,0.4,15,13,29941996,NA
Gm13_29933975,29933975,0,0,94,122,1,0,-0.306842480399145,0.564516129032258,0.0845271361222681,0.0850439502015182,0.4,15,13,29941996,NA
Gm13_29934047,29934047,0,0,139,76,2,0,-0.491452170572416,0.354838709677419,0.12461182667494,0.125872702469903,0.4,15,13,29941996,NA
Gm13_29934054,29934054,0,0,149,66,2,0,-0.380024737167594,0.308755760368664,0.0899813497402874,0.0905120466772091,0.4,15,13,29941996,NA
Gm13_29934055,29934055,0,0,155,60,2,0,-0.377777777777778,0.28110599078341,0.0887549398592675,0.0900883482484981,0.4,15,13,29941996,NA
Gm13_29934058,29934058,0,0,155,60,2,0,-0.377777777777778,0.28110599078341,0.0887549398592675,0.0900883482484981,0.4,15,13,29941996,NA
Gm13_29934100,29934100,0,0,170,47,0,0,0.177558257345491,0.216589861751152,0.106533871954948,0.107805870389182,0.4,15,13,29941996,NA
Gm13_29934118,29934118,0,0,198,18,1,0,0.180272108843537,0.0852534562211982,0.118870598830645,0.117186913771131,0.4,15,13,29941996,NA
Gm13_29934862,29934862,0,0,138,77,2,0,-0.441271963330787,0.359447004608295,0.120243660152325,0.1228421629042,0.4,15,13,29941996,NA
Gm13_29935728,29935728,0,0,153,62,2,0,-0.514740440076907,0.290322580645161,0.137222819075538,0.140112580793498,0.4,15,13,29941996,NA
Gm13_29935744,29935744,4,MG7,184,33,0,0,0.103729603729604,0.152073732718894,0.991936666666667,0.998175894736842,0.4,15,13,29941996,Gm13_29941996_MG7
Gm13_29935807,29935807,0,0,202,12,3,0,0.35,0.0622119815668203,0.0402751658593683,0.0399655069952796,0.4,15,13,29941996,NA
Gm13_29936094,29936094,0,0,166,48,3,0,-0.710365853658537,0.228110599078341,0.163536181513185,0.166119359227321,0.4,15,13,29941996,NA
Gm13_29936627,29936627,0,0,201,13,3,0,0.351758793969849,0.0668202764976959,0.0335572872528629,0.0331539607315085,0.4,15,13,29941996,NA
Gm13_29936700,29936700,0,0,163,51,3,0,0.150773352819389,0.241935483870968,0.0976625148001359,0.0979223714399234,0.4,15,13,29941996,NA
Gm13_29936825,29936825,0,0,177,40,0,0,0.16,0.184331797235023,0.128389538744906,0.130919652777906,0.4,15,13,29941996,NA
Gm13_29936961,29936961,0,0,177,40,0,0,0.16,0.184331797235023,0.128389538744906,0.130919652777906,0.4,15,13,29941996,NA
Gm13_29937188,29937188,0,0,199,18,0,0,0.294711824123589,0.0829493087557604,0.0409161107084024,0.0405820430635649,0.4,15,13,29941996,NA
Gm13_29937294,29937294,0,0,32,184,1,0,-0.200892857142857,0.850230414746544,0.153292245080645,0.151588630871261,0.4,15,13,29941996,NA
Gm13_29937308,29937308,0,0,109,105,3,0,-0.333333333333333,0.490783410138249,0.162374944271894,0.162861502398296,0.4,15,13,29941996,NA
Gm13_29937396,29937396,0,0,202,15,0,0,0.27683013503909,0.0691244239631336,0.0446726191185148,0.0438374982108908,0.4,15,13,29941996,NA
Gm13_29937407,29937407,0,0,32,184,1,0,-0.200892857142857,0.850230414746544,0.153292245080645,0.151588630871261,0.4,15,13,29941996,NA
Gm13_29937523,29937523,0,0,110,105,2,0,-0.316072688779111,0.488479262672811,0.165715745611055,0.166204056700423,0.4,15,13,29941996,NA
Gm13_29937553,29937553,0,0,110,104,3,0,-0.320833704462457,0.486175115207373,0.166243088210815,0.166723782076523,0.4,15,13,29941996,NA
Gm13_29937563,29937563,0,0,40,176,1,0,-0.15632183908046,0.813364055299539,0.142143298353925,0.140511084623303,0.4,15,13,29941996,NA
Gm13_29937808,29937808,0,0,93,122,2,0,-0.239784946236559,0.566820276497696,0.165241668404075,0.165481353124359,0.4,15,13,29941996,NA
Gm13_29937863,29937863,0,0,128,85,4,0,-0.398200224971879,0.400921658986175,0.131912123848007,0.132174230172844,0.4,15,13,29941996,NA
Gm13_29937870,29937870,0,0,202,15,0,0,0.27683013503909,0.0691244239631336,0.0446726191185148,0.0438374982108908,0.4,15,13,29941996,NA
Gm13_29937885,29937885,0,0,202,15,0,0,0.27683013503909,0.0691244239631336,0.0446726191185148,0.0438374982108908,0.4,15,13,29941996,NA
Gm13_29938019,29938019,0,0,121,92,4,0,-0.391117216117216,0.433179723502304,0.167686368949712,0.167230604700372,0.4,15,13,29941996,NA
Gm13_29938066,29938066,0,0,198,18,1,0,0.180272108843537,0.0852534562211982,0.118870598830645,0.117186913771131,0.4,15,13,29941996,NA
Gm13_29938082,29938082,0,0,203,13,1,0,0.263201320132013,0.0622119815668203,0.0473608695670535,0.0475332018501792,0.4,15,13,29941996,NA
Gm13_29938154,29938154,0,0,199,18,0,0,0.294711824123589,0.0829493087557604,0.0515167913501808,0.050378502680578,0.4,15,13,29941996,NA
Gm13_29938178,29938178,0,0,109,105,3,0,-0.28306760488109,0.490783410138249,0.126368182969153,0.12654482481541,0.4,15,13,29941996,NA
Gm13_29938217,29938217,0,0,198,18,1,0,0.180272108843537,0.0852534562211982,0.118870598830645,0.117186913771131,0.4,15,13,29941996,NA
Gm13_29938249,29938249,0,0,199,18,0,0,0.294711824123589,0.0829493087557604,0.0515167913501808,0.050378502680578,0.4,15,13,29941996,NA
Gm13_29938306,29938306,0,0,90,125,2,0,-0.195392953929539,0.580645161290323,0.165347188693536,0.165644913196347,0.4,15,13,29941996,NA
Gm13_29938311,29938311,0,0,121,91,5,0,-0.366666666666667,0.430875576036866,0.166157621647696,0.165773665898421,0.4,15,13,29941996,NA
Gm13_29938341,29938341,2,MG1,34,181,2,0,-0.175484719027276,0.838709677419355,0.9942808,0.994392,0.4,15,13,29941996,Gm13_29941996_MG1
Gm13_29938377,29938377,0,0,113,99,5,0,-0.330357142857143,0.467741935483871,0.150435815919489,0.149708094608713,0.4,15,13,29941996,NA
Gm13_29938398,29938398,0,0,120,92,5,0,-0.37879767291532,0.435483870967742,0.167045076746251,0.166655052664774,0.4,15,13,29941996,NA
Gm13_29938410,29938410,0,0,199,18,0,0,0.294711824123589,0.0829493087557604,0.0515167913501808,0.050378502680578,0.4,15,13,29941996,NA
Gm13_29938432,29938432,0,0,90,125,2,0,-0.214634146341463,0.580645161290323,0.166238580686816,0.166633854214553,0.4,15,13,29941996,NA
Gm13_29938439,29938439,0,0,42,173,2,0,-0.136591478696742,0.80184331797235,0.149416432163763,0.147795040220858,0.4,15,13,29941996,NA
Gm13_29938491,29938491,0,0,177,40,0,0,0.16,0.184331797235023,0.128389538744906,0.130919652777906,0.4,15,13,29941996,NA
Gm13_29938551,29938551,0,0,120,92,5,0,-0.37879767291532,0.435483870967742,0.167045076746251,0.166655052664774,0.4,15,13,29941996,NA
Gm13_29938587,29938587,4,MG7,184,33,0,0,0.103729603729604,0.152073732718894,0.991936666666667,0.998175894736842,0.4,15,13,29941996,Gm13_29941996_MG7
Gm13_29938589,29938589,0,0,177,40,0,0,0.16,0.184331797235023,0.128389538744906,0.130919652777906,0.4,15,13,29941996,NA
Gm13_29938599,29938599,0,0,194,21,2,0,0.312694300518135,0.101382488479263,0.0477129334234023,0.0479284042381161,0.4,15,13,29941996,NA
Gm13_29938659,29938659,0,0,177,40,0,0,0.16,0.184331797235023,0.128389538744906,0.130919652777906,0.4,15,13,29941996,NA
Gm13_29938675,29938675,0,0,177,40,0,0,0.16,0.184331797235023,0.128389538744906,0.130919652777906,0.4,15,13,29941996,NA
Gm13_29938676,29938676,0,0,189,25,3,0,0.325354609929078,0.122119815668203,0.059543886510431,0.0583447421999489,0.4,15,13,29941996,NA
Gm13_29938698,29938698,0,0,201,15,1,0,0.278571428571429,0.0714285714285714,0.0520824859228956,0.0507061898915921,0.4,15,13,29941996,NA
Gm13_29938909,29938909,0,0,198,18,1,0,0.180272108843537,0.0852534562211982,0.118870598830645,0.117186913771131,0.4,15,13,29941996,NA
Gm13_29938976,29938976,0,0,165,48,4,0,-0.715490797546012,0.230414746543779,0.163732835081688,0.166315343304,0.4,15,13,29941996,NA
Gm13_29939018,29939018,0,0,42,173,2,0,-0.136591478696742,0.80184331797235,0.149416432163763,0.147795040220858,0.4,15,13,29941996,NA
Gm13_29939223,29939223,0,0,204,10,3,0,0.346534653465347,0.0529953917050691,0.0378310481327151,0.0375282230308713,0.4,15,13,29941996,NA
Gm13_29939241,29939241,0,0,94,121,2,0,-0.237082066869301,0.56221198156682,0.167815890399691,0.168437030113615,0.4,15,13,29941996,NA
Gm13_29939278,29939278,0,0,90,125,2,0,-0.214634146341463,0.580645161290323,0.166238580686816,0.166633854214553,0.4,15,13,29941996,NA
Gm13_29939346,29939346,0,0,103,109,5,0,-0.29253243807277,0.513824884792627,0.161310850747268,0.161112695620863,0.4,15,13,29941996,NA
Gm13_29939521,29939521,0,0,201,15,1,0,0.278571428571429,0.0714285714285714,0.0520824859228956,0.0507061898915921,0.4,15,13,29941996,NA
Gm13_29939602,29939602,0,0,121,92,4,0,-0.360805860805861,0.433179723502304,0.165068161892763,0.164658334158928,0.4,15,13,29941996,NA
Gm13_29939607,29939607,0,0,177,40,0,0,0.16,0.184331797235023,0.128389538744906,0.130919652777906,0.4,15,13,29941996,NA
Gm13_29939689,29939689,0,0,38,177,2,0,-0.170075187969925,0.820276497695853,0.154528566909368,0.153078982679545,0.4,15,13,29941996,NA
Gm13_29939843,29939843,0,0,94,121,2,0,-0.237082066869301,0.56221198156682,0.167815890399691,0.168437030113615,0.4,15,13,29941996,NA
Gm13_29939897,29939897,0,0,120,92,5,0,-0.37879767291532,0.435483870967742,0.167045076746251,0.166655052664774,0.4,15,13,29941996,NA
Gm13_29940088,29940088,0,0,94,121,2,0,-0.237082066869301,0.56221198156682,0.167815890399691,0.168437030113615,0.4,15,13,29941996,NA
Gm13_29940119,29940119,0,0,201,15,1,0,0.278571428571429,0.0714285714285714,0.0520824859228956,0.0507061898915921,0.4,15,13,29941996,NA
Gm13_29940168,29940168,0,0,120,92,5,0,-0.37879767291532,0.435483870967742,0.167045076746251,0.166655052664774,0.4,15,13,29941996,NA
Gm13_29940183,29940183,0,0,94,121,2,0,-0.237082066869301,0.56221198156682,0.167815890399691,0.168437030113615,0.4,15,13,29941996,NA
Gm13_29940280,29940280,0,0,120,92,5,0,-0.37879767291532,0.435483870967742,0.167045076746251,0.166655052664774,0.4,15,13,29941996,NA
Gm13_29940331,29940331,0,0,49,166,2,0,-0.155674464907914,0.769585253456221,0.138248725849343,0.136398703201445,0.4,15,13,29941996,NA
Gm13_29940361,29940361,0,0,120,92,5,0,-0.37879767291532,0.435483870967742,0.167045076746251,0.166655052664774,0.4,15,13,29941996,NA
Gm13_29940407,29940407,0,0,198,18,1,0,0.180272108843537,0.0852534562211982,0.118870598830645,0.117186913771131,0.4,15,13,29941996,NA
Gm13_29940423,29940423,4,MG7,184,33,0,0,0.103729603729604,0.152073732718894,0.991936666666667,0.998175894736842,0.4,15,13,29941996,Gm13_29941996_MG7
Gm13_29940435,29940435,0,0,115,97,5,0,-0.36979405034325,0.45852534562212,0.166190989746484,0.166077555515454,0.4,15,13,29941996,NA
Gm13_29940552,29940552,0,0,201,15,1,0,0.278571428571429,0.0714285714285714,0.0520824859228956,0.0507061898915921,0.4,15,13,29941996,NA
Gm13_29940601,29940601,0,0,198,18,1,0,0.180272108843537,0.0852534562211982,0.118870598830645,0.117186913771131,0.4,15,13,29941996,NA
Gm13_29940605,29940605,0,0,177,40,0,0,0.16,0.184331797235023,0.128389538744906,0.130919652777906,0.4,15,13,29941996,NA
Gm13_29940623,29940623,0,0,94,121,2,0,-0.237082066869301,0.56221198156682,0.167815890399691,0.168437030113615,0.4,15,13,29941996,NA
Gm13_29940646,29940646,0,0,94,121,2,0,-0.237082066869301,0.56221198156682,0.167815890399691,0.168437030113615,0.4,15,13,29941996,NA
Gm13_29940692,29940692,0,0,201,15,1,0,0.278571428571429,0.0714285714285714,0.0520824859228956,0.0507061898915921,0.4,15,13,29941996,NA
Gm13_29940713,29940713,0,0,42,173,2,0,-0.136591478696742,0.80184331797235,0.149416432163763,0.147795040220858,0.4,15,13,29941996,NA
Gm13_29940779,29940779,0,0,100,114,3,0,-0.218571428571429,0.532258064516129,0.15588165477904,0.157054181890255,0.4,15,13,29941996,NA
Gm13_29940787,29940787,0,0,120,92,5,0,-0.37879767291532,0.435483870967742,0.167045076746251,0.166655052664774,0.4,15,13,29941996,NA
Gm13_29940855,29940855,0,0,202,14,1,0,0.271335629544585,0.0668202764976959,0.049666854527939,0.048351416214807,0.4,15,13,29941996,NA
Gm13_29940896,29940896,0,0,165,48,4,0,-0.715490797546012,0.230414746543779,0.163732835081688,0.166315343304,0.4,15,13,29941996,NA
Gm13_29940897,29940897,0,0,202,14,1,0,0.271335629544585,0.0668202764976959,0.049666854527939,0.048351416214807,0.4,15,13,29941996,NA
Gm13_29940922,29940922,0,0,205,11,1,0,0.348039215686275,0.0529953917050691,0.0571690179650538,0.0572558923485046,0.4,15,13,29941996,NA
Gm13_29940925,29940925,0,0,202,14,1,0,0.271335629544585,0.0668202764976959,0.049666854527939,0.048351416214807,0.4,15,13,29941996,NA
Gm13_29941063,29941063,0,0,194,22,1,0,0.315075252899087,0.1036866359447,0.046302900692871,0.0451936530236804,0.4,15,13,29941996,NA
Gm13_29941081,29941081,0,0,201,15,1,0,0.278571428571429,0.0714285714285714,0.0520824859228956,0.0507061898915921,0.4,15,13,29941996,NA
Gm13_29941121,29941121,0,0,201,15,1,0,0.278571428571429,0.0714285714285714,0.0520824859228956,0.0507061898915921,0.4,15,13,29941996,NA
Gm13_29941146,29941146,0,0,94,121,2,0,-0.237082066869301,0.56221198156682,0.167815890399691,0.168437030113615,0.4,15,13,29941996,NA
Gm13_29941323,29941323,0,0,95,120,2,0,-0.223728813559322,0.557603686635945,0.166529943934634,0.167133388878241,0.4,15,13,29941996,NA
Gm13_29941349,29941349,0,0,120,92,5,0,-0.37879767291532,0.435483870967742,0.167045076746251,0.166655052664774,0.4,15,13,29941996,NA
Gm13_29941387,29941387,0,0,201,15,1,0,0.278571428571429,0.0714285714285714,0.0520824859228956,0.0507061898915921,0.4,15,13,29941996,NA
Gm13_29941468,29941468,0,0,94,121,2,0,-0.237082066869301,0.56221198156682,0.167815890399691,0.168437030113615,0.4,15,13,29941996,NA
Gm13_29941618,29941618,0,0,58,157,2,0,-0.2027665317139,0.728110599078341,0.13018688339732,0.128714718761516,0.4,15,13,29941996,NA
Gm13_29941620,29941620,0,0,198,18,1,0,0.180272108843537,0.0852534562211982,0.118870598830645,0.117186913771131,0.4,15,13,29941996,NA
Gm13_29941624,29941624,0,0,42,173,2,0,-0.136591478696742,0.80184331797235,0.149416432163763,0.147795040220858,0.4,15,13,29941996,NA
Gm13_29941625,29941625,0,0,120,92,5,0,-0.37879767291532,0.435483870967742,0.167045076746251,0.166655052664774,0.4,15,13,29941996,NA
Gm13_29941665,29941665,0,0,199,17,1,0,0.291035353535354,0.0806451612903226,0.0512353699951841,0.0500877008775904,0.4,15,13,29941996,NA
Gm13_29941751,29941751,0,0,94,121,2,0,-0.237082066869301,0.56221198156682,0.167815890399691,0.168437030113615,0.4,15,13,29941996,NA
Gm13_29941764,29941764,0,0,197,19,1,0,0.190823211875844,0.0898617511520737,0.114171490457298,0.112606825617984,0.4,15,13,29941996,NA
Gm13_29941798,29941798,0,0,201,15,1,0,0.278571428571429,0.0714285714285714,0.0520824859228956,0.0507061898915921,0.4,15,13,29941996,NA
Gm13_29941840,29941840,0,0,201,15,1,0,0.278571428571429,0.0714285714285714,0.0520824859228956,0.0507061898915921,0.4,15,13,29941996,NA
Gm13_29941883,29941883,0,0,200,15,2,0,0.280330222541278,0.0737327188940092,0.0502885672805968,0.0503255517643225,0.4,15,13,29941996,NA
Gm13_29941922,29941922,0,0,196,21,0,0,0.253846153846154,0.0967741935483871,0.053252885250254,0.0521893469521313,0.4,15,13,29941996,NA
Gm13_29941996,29941996,0,0,165,48,4,0,-0.715490797546012,0.230414746543779,0.163732835081688,0.166315343304,0.4,15,13,29941996,NA
Gm13_29942009,29942009,0,0,94,121,2,0,-0.237082066869301,0.56221198156682,0.167815890399691,0.168437030113615,0.4,15,13,29941996,NA
Gm13_29942050,29942050,0,0,42,173,2,0,-0.136591478696742,0.80184331797235,0.149416432163763,0.147795040220858,0.4,15,13,29941996,NA
Gm13_29942182,29942182,0,0,94,121,2,0,-0.237082066869301,0.56221198156682,0.167815890399691,0.168437030113615,0.4,15,13,29941996,NA
Gm13_29942267,29942267,0,0,165,48,4,0,-0.715490797546012,0.230414746543779,0.163732835081688,0.166315343304,0.4,15,13,29941996,NA
Gm13_29942335,29942335,0,0,192,24,1,0,0.0921052631578947,0.112903225806452,0.10742812297379,0.106483487246424,0.4,15,13,29941996,NA
Gm13_29942472,29942472,0,0,94,120,3,0,-0.240714028128381,0.559907834101382,0.168366802896296,0.169022522151943,0.4,15,13,29941996,NA
Gm13_29943302,29943302,0,0,195,19,3,0,0.300114547537228,0.0944700460829493,0.0477440905690116,0.0472762252319176,0.4,15,13,29941996,NA
Gm13_29943389,29943389,0,0,195,19,3,0,0.300114547537228,0.0944700460829493,0.0477440905690116,0.0472762252319176,0.4,15,13,29941996,NA
Gm13_29943621,29943621,2,MG1,34,181,2,0,-0.175484719027276,0.838709677419355,0.9942808,0.994392,0.4,15,13,29941996,Gm13_29941996_MG1
Gm13_29943953,29943953,0,0,195,19,3,0,0.300114547537228,0.0944700460829493,0.0477440905690116,0.0472762252319176,0.4,15,13,29941996,NA
Gm13_29945230,29945230,0,0,195,19,3,0,0.300114547537228,0.0944700460829493,0.0477440905690116,0.0472762252319176,0.4,15,13,29941996,NA
Gm13_29945337,29945337,0,0,42,173,2,0,-0.136591478696742,0.80184331797235,0.149416432163763,0.147795040220858,0.4,15,13,29941996,NA
Gm13_29945506,29945506,0,0,195,19,3,0,0.300114547537228,0.0944700460829493,0.0477440905690116,0.0472762252319176,0.4,15,13,29941996,NA
Gm13_29946394,29946394,0,0,42,173,2,0,-0.136591478696742,0.80184331797235,0.149416432163763,0.147795040220858,0.4,15,13,29941996,NA
Gm13_29948829,29948829,0,0,198,18,1,0,0.180272108843537,0.0852534562211982,0.118870598830645,0.117186913771131,0.4,15,13,29941996,NA
Gm13_29948952,29948952,0,0,180,33,4,0,0.243715083798883,0.161290322580645,0.0915185439928629,0.0917428091426398,0.4,15,13,29941996,NA
Gm13_29949273,29949273,0,0,194,22,1,0,0.209474463360474,0.1036866359447,0.106093720211082,0.104797742336859,0.4,15,13,29941996,NA
Gm13_29949300,29949300,0,0,143,71,3,0,-0.421236639696334,0.334101382488479,0.124543992913685,0.126694206069938,0.4,15,13,29941996,NA
Gm13_29949447,29949447,0,0,144,70,3,0,-0.431187122736419,0.329493087557604,0.125218075909789,0.127368152609731,0.4,15,13,29941996,NA
Gm13_29949533,29949533,0,0,199,18,0,0,0.178510998307952,0.0829493087557604,0.0378608728922984,0.038870290886697,0.4,15,13,29941996,NA
Gm13_29949607,29949607,0,0,194,22,1,0,0.209474463360474,0.1036866359447,0.106093720211082,0.104797742336859,0.4,15,13,29941996,NA
Gm13_29949827,29949827,0,0,106,108,3,0,-0.342946150422786,0.504608294930876,0.160277601516505,0.162710768289051,0.4,15,13,29941996,NA
Gm13_29950145,29950145,0,0,136,78,3,0,-0.488215488215488,0.366359447004608,0.130030666272594,0.132421947343056,0.4,15,13,29941996,NA
Gm13_29950156,29950156,0,0,155,59,3,0,-0.558878918799158,0.278801843317972,0.144359587676513,0.147050081206067,0.4,15,13,29941996,NA
Gm13_29950169,29950169,2,MG1,34,181,2,0,-0.175484719027276,0.838709677419355,0.9942808,0.994392,0.4,15,13,29941996,Gm13_29941996_MG1
Gm13_29950174,29950174,0,0,65,150,2,0,-0.178378378378378,0.695852534562212,0.131686976316801,0.130666519245384,0.4,15,13,29941996,NA
Gm13_29950288,29950288,0,0,202,15,0,0,-0.075,0.0691244239631336,0.0596974425335618,0.0612380199544473,0.4,15,13,29941996,NA
Gm13_29950299,29950299,0,0,135,78,4,0,-0.487109905020353,0.368663594470046,0.129670998459433,0.132033547144107,0.4,15,13,29941996,NA
Gm13_29950328,29950328,2,MG1,34,181,2,0,-0.175484719027276,0.838709677419355,0.9942808,0.994392,0.4,15,13,29941996,Gm13_29941996_MG1
Gm13_29950502,29950502,0,0,151,65,1,0,0.205833333333333,0.30184331797235,0.112964003604919,0.116439542603459,0.4,15,13,29941996,NA
Gm13_29950566,29950566,7,0,110,102,5,0,-0.339812880370606,0.481566820276498,0.973831125,0.158359924675497,0.4,15,13,29941996,NA
Gm13_29950592,29950592,7,0,109,102,6,0,-0.338283828382838,0.483870967741935,0.96956671875,0.15779432607816,0.4,15,13,29941996,NA
Gm13_29950659,29950659,4,MG7,183,34,0,0,0.112772180695483,0.15668202764977,0.967069238095238,0.967166105263158,0.4,15,13,29941996,Gm13_29941996_MG7
Gm13_29950674,29950674,2,MG1,34,181,2,0,-0.175484719027276,0.838709677419355,0.9942808,0.994392,0.4,15,13,29941996,Gm13_29941996_MG1
Gm13_29950771,29950771,7,MG2,112,100,5,0,-0.352989352989353,0.472350230414747,0.98765546875,0.991704259259259,0.4,15,13,29941996,Gm13_29941996_MG2
Gm13_29950922,29950922,2,MG1,34,181,2,0,-0.175484719027276,0.838709677419355,0.9942808,0.994392,0.4,15,13,29941996,Gm13_29941996_MG1
Gm13_29950953,29950953,7,0,111,101,5,0,-0.346363636363636,0.476958525345622,0.97480825,0.157852122170325,0.4,15,13,29941996,NA
Gm13_29951013,29951013,0,0,200,15,2,0,0.286868686868687,0.0737327188940092,0.0382610488863953,0.0379583405870976,0.4,15,13,29941996,NA
Gm13_29951030,29951030,7,MG2,111,101,5,0,-0.346363636363636,0.476958525345622,0.98645996875,0.988266703703704,0.4,15,13,29941996,Gm13_29941996_MG2
Gm13_29951217,29951217,7,MG2,111,101,5,0,-0.346363636363636,0.476958525345622,0.98645996875,0.988266703703704,0.4,15,13,29941996,Gm13_29941996_MG2
Gm13_29951368,29951368,7,MG2,112,100,5,0,-0.352989352989353,0.472350230414747,0.98765546875,0.991704259259259,0.4,15,13,29941996,Gm13_29941996_MG2
Gm13_29951441,29951441,7,MG2,111,101,5,0,-0.346363636363636,0.476958525345622,0.98645996875,0.988266703703704,0.4,15,13,29941996,Gm13_29941996_MG2
Gm13_29951452,29951452,0,0,195,21,1,0,0.209474463360474,0.0990783410138249,0.112812834192204,0.111654681195059,0.4,15,13,29941996,NA
Gm13_29951482,29951482,7,MG2,112,100,5,0,-0.352989352989353,0.472350230414747,0.98765546875,0.991704259259259,0.4,15,13,29941996,Gm13_29941996_MG2
Gm13_29951534,29951534,7,MG2,112,100,5,0,-0.352989352989353,0.472350230414747,0.98765546875,0.991704259259259,0.4,15,13,29941996,Gm13_29941996_MG2
Gm13_29951560,29951560,7,MG2,112,100,5,0,-0.352989352989353,0.472350230414747,0.98765546875,0.991704259259259,0.4,15,13,29941996,Gm13_29941996_MG2
Gm13_29951565,29951565,7,MG2,111,101,5,0,-0.346363636363636,0.476958525345622,0.98645996875,0.988266703703704,0.4,15,13,29941996,Gm13_29941996_MG2
Gm13_29951576,29951576,7,MG2,111,101,5,0,-0.346363636363636,0.476958525345622,0.98645996875,0.988266703703704,0.4,15,13,29941996,Gm13_29941996_MG2
Gm13_29951660,29951660,7,MG2,111,101,5,0,-0.346363636363636,0.476958525345622,0.98645996875,0.988266703703704,0.4,15,13,29941996,Gm13_29941996_MG2
Gm13_29951663,29951663,0,0,49,166,2,0,-0.102663016426083,0.769585253456221,0.14785854274489,0.146768642785693,0.4,15,13,29941996,NA
Gm13_29951734,29951734,7,MG2,112,100,5,0,-0.352989352989353,0.472350230414747,0.98765546875,0.991704259259259,0.4,15,13,29941996,Gm13_29941996_MG2
Gm13_29951804,29951804,0,0,49,166,2,0,-0.102663016426083,0.769585253456221,0.14785854274489,0.146768642785693,0.4,15,13,29941996,NA
Gm13_29951811,29951811,7,MG2,113,100,4,0,-0.354437229437229,0.470046082949309,0.98425571875,0.988482259259259,0.4,15,13,29941996,Gm13_29941996_MG2
Gm13_29951812,29951812,7,MG2,113,100,4,0,-0.354437229437229,0.470046082949309,0.98425571875,0.988482259259259,0.4,15,13,29941996,Gm13_29941996_MG2
Gm13_29951814,29951814,7,MG2,113,100,4,0,-0.354437229437229,0.470046082949309,0.98425571875,0.988482259259259,0.4,15,13,29941996,Gm13_29941996_MG2
Gm13_29951862,29951862,7,MG2,111,101,5,0,-0.346363636363636,0.476958525345622,0.98645996875,0.988266703703704,0.4,15,13,29941996,Gm13_29941996_MG2
Gm13_29951879,29951879,0,0,187,27,3,0,0.166166166166166,0.131336405529954,0.0615399518444355,0.0613347506011183,0.4,15,13,29941996,NA
Gm13_29951892,29951892,7,MG2,112,100,5,0,-0.352989352989353,0.472350230414747,0.98765546875,0.991704259259259,0.4,15,13,29941996,Gm13_29941996_MG2
Gm13_29952124,29952124,0,0,160,53,4,0,-0.618650217706822,0.253456221198157,0.143986521018898,0.146952835270559,0.4,15,13,29941996,NA
Gm13_29952271,29952271,0,0,190,25,2,0,0.187830687830688,0.119815668202765,0.0558636561948253,0.0564525652262029,0.4,15,13,29941996,NA
Gm13_29952376,29952376,7,MG2,111,101,5,0,-0.346363636363636,0.476958525345622,0.98645996875,0.988266703703704,0.4,15,13,29941996,Gm13_29941996_MG2
Gm13_29952407,29952407,7,0,110,102,5,0,-0.339812880370606,0.481566820276498,0.973831125,0.158359924675497,0.4,15,13,29941996,NA
Gm13_29952507,29952507,7,MG2,112,100,5,0,-0.352989352989353,0.472350230414747,0.98765546875,0.991704259259259,0.4,15,13,29941996,Gm13_29941996_MG2
Gm13_29952581,29952581,7,MG2,112,100,5,0,-0.352989352989353,0.472350230414747,0.98765546875,0.991704259259259,0.4,15,13,29941996,Gm13_29941996_MG2
Gm13_29952665,29952665,7,MG2,111,101,5,0,-0.346363636363636,0.476958525345622,0.98645996875,0.988266703703704,0.4,15,13,29941996,Gm13_29941996_MG2
Gm13_29952746,29952746,7,MG2,111,101,5,0,-0.346363636363636,0.476958525345622,0.98645996875,0.988266703703704,0.4,15,13,29941996,Gm13_29941996_MG2
Gm13_29952747,29952747,0,0,204,12,1,0,0.349753694581281,0.0576036866359447,0.0572591709943548,0.0574296098436931,0.4,15,13,29941996,NA
Gm13_29952767,29952767,0,0,49,166,2,0,-0.102663016426083,0.769585253456221,0.14785854274489,0.146768642785693,0.4,15,13,29941996,NA
Gm13_29952770,29952770,0,0,56,159,2,0,-0.14877161055505,0.737327188940092,0.150821259338196,0.150027879645797,0.4,15,13,29941996,NA
Gm13_29952778,29952778,0,0,165,49,3,0,0.271341463414634,0.232718894009217,0.0738410759623387,0.0749676075344343,0.4,15,13,29941996,NA
Gm13_29952924,29952924,7,0,110,102,5,0,-0.339812880370606,0.481566820276498,0.973831125,0.158359924675497,0.4,15,13,29941996,NA
Gm13_29953237,29953237,0,0,194,21,2,0,0.312694300518135,0.101382488479263,0.0436591343653233,0.0438008547332906,0.4,15,13,29941996,NA
Gm13_29953245,29953245,3,0,168,45,4,0,-0.748460508701473,0.216589861751152,0.952972388888889,0.162372867577373,0.4,15,13,29941996,NA
Gm13_29953256,29953256,0,0,191,23,3,0,0.175293305728088,0.112903225806452,0.0546148527704629,0.0544174389300708,0.4,15,13,29941996,NA
Gm13_29953266,29953266,0,0,62,153,2,0,-0.183935056611835,0.709677419354839,0.143068040898001,0.142607697435778,0.4,15,13,29941996,NA
Gm13_29953432,29953432,0,0,142,70,5,0,-0.489053345667592,0.334101382488479,0.181596459738524,0.183351149005802,0.4,15,13,29941996,NA
Gm13_29953500,29953500,7,MG2,112,100,5,0,-0.352989352989353,0.472350230414747,0.98765546875,0.991704259259259,0.4,15,13,29941996,Gm13_29941996_MG2
Gm13_29953641,29953641,0,0,165,49,3,0,0.271341463414634,0.232718894009217,0.0738410759623387,0.0749676075344343,0.4,15,13,29941996,NA
Gm13_29953658,29953658,0,0,187,27,3,0,0.166166166166166,0.131336405529954,0.0615399518444355,0.0613347506011183,0.4,15,13,29941996,NA
Gm13_29953677,29953677,0,0,62,153,2,0,-0.183935056611835,0.709677419354839,0.143068040898001,0.142607697435778,0.4,15,13,29941996,NA
Gm13_29953719,29953719,7,MG2,112,101,4,0,-0.347837837837838,0.474654377880184,0.98297978125,0.984972814814815,0.4,15,13,29941996,Gm13_29941996_MG2
Gm13_29953800,29953800,0,0,165,49,3,0,0.271341463414634,0.232718894009217,0.0738410759623387,0.0749676075344343,0.4,15,13,29941996,NA
Gm13_29953807,29953807,0,0,56,159,2,0,-0.14877161055505,0.737327188940092,0.150821259338196,0.150027879645797,0.4,15,13,29941996,NA
Gm13_29953918,29953918,0,0,165,49,3,0,0.271341463414634,0.232718894009217,0.0738410759623387,0.0749676075344343,0.4,15,13,29941996,NA
Gm13_29954046,29954046,0,0,175,39,3,0,-0.738105824811027,0.186635944700461,0.144017293107527,0.146733197752926,0.4,15,13,29941996,NA
Gm13_29954127,29954127,3,0,168,45,4,0,-0.748460508701473,0.216589861751152,0.952972388888889,0.162372867577373,0.4,15,13,29941996,NA
Gm13_29954140,29954140,0,0,56,159,2,0,-0.14877161055505,0.737327188940092,0.150821259338196,0.150027879645797,0.4,15,13,29941996,NA
Gm13_29954142,29954142,7,MG2,112,100,5,0,-0.352989352989353,0.472350230414747,0.98765546875,0.991704259259259,0.4,15,13,29941996,Gm13_29941996_MG2
Gm13_29954148,29954148,0,0,165,49,3,0,0.271341463414634,0.232718894009217,0.0738410759623387,0.0749676075344343,0.4,15,13,29941996,NA
Gm13_29954178,29954178,0,0,168,45,4,0,0.195716198125837,0.216589861751152,0.0889567187101034,0.0898048054880584,0.4,15,13,29941996,NA
Gm13_29954213,29954213,0,0,62,153,2,0,-0.183935056611835,0.709677419354839,0.143068040898001,0.142607697435778,0.4,15,13,29941996,NA
Gm13_29954316,29954316,0,0,175,39,3,0,-0.706684452349192,0.186635944700461,0.13773039742957,0.140397240426008,0.4,15,13,29941996,NA
Gm13_29954359,29954359,0,0,197,18,2,0,0.298319327731092,0.0875576036866359,0.0453709912135891,0.0454930538269315,0.4,15,13,29941996,NA
Gm13_29954361,29954361,0,0,177,40,0,0,0.221428571428572,0.184331797235023,0.0665273249940444,0.0662388174584772,0.4,15,13,29941996,NA
Gm13_29954363,29954363,0,0,102,108,7,0,-0.28907189784399,0.513824884792627,0.131646787923069,0.13069550469514,0.4,15,13,29941996,NA
Gm13_29954366,29954366,0,0,192,24,1,0,0.225586159799681,0.112903225806452,0.105755315981101,0.105000711547385,0.4,15,13,29941996,NA
Gm13_29954375,29954375,7,MG2,112,100,5,0,-0.352989352989353,0.472350230414747,0.98765546875,0.991704259259259,0.4,15,13,29941996,Gm13_29941996_MG2
Gm13_29954378,29954378,0,0,74,139,4,0,-0.227714909668453,0.649769585253456,0.136187386661169,0.137221573364265,0.4,15,13,29941996,NA
Gm13_29954384,29954384,0,0,60,155,2,0,-0.102941176470588,0.71889400921659,0.136503861671964,0.13530110722229,0.4,15,13,29941996,NA
Gm13_29954398,29954398,0,0,123,90,4,0,-0.386627371523301,0.423963133640553,0.156873123316541,0.160522524014963,0.4,15,13,29941996,NA
Gm13_29954399,29954399,0,0,197,17,3,0,0.167119155354449,0.0852534562211982,0.0463948752811371,0.0460987426126996,0.4,15,13,29941996,NA
Gm13_29954441,29954441,0,0,185,29,3,0,0.221273291925466,0.140552995391705,0.0534474038446573,0.0542864420421652,0.4,15,13,29941996,NA
Gm13_29954489,29954489,0,0,198,19,0,0,0.246777658431794,0.0875576036866359,0.105629286951613,0.10567355556827,0.4,15,13,29941996,NA
Gm13_29954556,29954556,0,0,56,159,2,0,-0.14877161055505,0.737327188940092,0.150821259338196,0.150027879645797,0.4,15,13,29941996,NA
Gm13_29954606,29954606,7,MG2,112,100,5,0,-0.352989352989353,0.472350230414747,0.98765546875,0.991704259259259,0.4,15,13,29941996,Gm13_29941996_MG2
Gm13_29954872,29954872,0,0,183,30,4,0,0.230200833649109,0.147465437788018,0.0540080049323495,0.0547423223922861,0.4,15,13,29941996,NA
Gm13_29954898,29954898,0,0,86,125,6,0,-0.239184060721063,0.589861751152074,0.13214226109578,0.134056673101118,0.4,15,13,29941996,NA
Gm13_29954919,29954919,0,0,200,15,2,0,0.286868686868687,0.0737327188940092,0.0440322772500189,0.0438797772613967,0.4,15,13,29941996,NA
Gm13_29954938,29954938,0,0,56,159,2,0,-0.14877161055505,0.737327188940092,0.150821259338196,0.150027879645797,0.4,15,13,29941996,NA
Gm13_29955013,29955013,0,0,56,159,2,0,-0.14877161055505,0.737327188940092,0.150821259338196,0.150027879645797,0.4,15,13,29941996,NA
Gm13_29955063,29955063,0,0,56,159,2,0,-0.14877161055505,0.737327188940092,0.150821259338196,0.150027879645797,0.4,15,13,29941996,NA
Gm13_29955184,29955184,0,0,205,11,1,0,0.0573219883564711,0.0529953917050691,0.0354217535997312,0.0350018313110533,0.4,15,13,29941996,NA
Gm13_29956300,29956300,0,0,49,166,2,0,-0.102663016426083,0.769585253456221,0.14785854274489,0.146768642785693,0.4,15,13,29941996,NA
Gm13_29956378,29956378,0,0,205,11,1,0,0.0573219883564711,0.0529953917050691,0.0354217535997312,0.0350018313110533,0.4,15,13,29941996,NA
Gm13_29956597,29956597,0,0,195,21,1,0,0.145360824742268,0.0990783410138249,0.0547569924653226,0.055085606936541,0.4,15,13,29941996,NA
Gm13_29957034,29957034,0,0,136,74,7,0,-0.446067985794013,0.357142857142857,0.121093434836371,0.12098814493922,0.4,15,13,29941996,NA
Gm13_29957062,29957062,0,0,205,11,1,0,0.0573219883564711,0.0529953917050691,0.0354217535997312,0.0350018313110533,0.4,15,13,29941996,NA
Gm13_29957151,29957151,0,0,198,19,0,0,0.246777658431794,0.0875576036866359,0.105629286951613,0.10567355556827,0.4,15,13,29941996,NA
Gm13_29957209,29957209,0,0,203,12,2,0,0.264925373134328,0.0599078341013825,0.0435894804405914,0.0434590064860858,0.4,15,13,29941996,NA
Gm13_29957319,29957319,0,0,189,27,1,0,0.252525252525252,0.126728110599078,0.093188980723371,0.0918059098806086,0.4,15,13,29941996,NA
Gm13_29957408,29957408,0,0,135,76,6,0,-0.428358208955224,0.36405529953917,0.11994840516032,0.119736576956148,0.4,15,13,29941996,NA
Gm13_29957475,29957475,0,0,145,67,5,0,-0.52209595959596,0.320276497695853,0.128591926273898,0.128604322831964,0.4,15,13,29941996,NA
Gm13_29957775,29957775,0,0,53,162,2,0,-0.123268036311514,0.751152073732719,0.139189087897621,0.138505852244252,0.4,15,13,29941996,NA
Gm13_29957821,29957821,0,0,203,14,0,0,-0.105188343994314,0.0645161290322581,0.0617485727129046,0.0631219605700923,0.4,15,13,29941996,NA
Gm13_29957851,29957851,0,0,142,71,4,0,0.287726358148893,0.336405529953917,0.0930026970862177,0.0914013126945982,0.4,15,13,29941996,NA
Gm13_29957854,29957854,0,0,135,78,4,0,0.322922691343744,0.368663594470046,0.101433811576926,0.10007804502371,0.4,15,13,29941996,NA
Gm13_29957921,29957921,0,0,39,176,2,0,-0.208222811671088,0.815668202764977,0.13817079280146,0.136693413191529,0.4,15,13,29941996,NA
Gm13_29957989,29957989,0,0,139,74,4,0,0.323633852830933,0.350230414746544,0.0961765869638978,0.0948694803655917,0.4,15,13,29941996,NA
Gm13_29958010,29958010,0,0,145,68,4,0,0.272521596051008,0.32258064516129,0.086764216127043,0.0852913825468401,0.4,15,13,29941996,NA
Gm13_29958059,29958059,0,0,134,78,5,0,0.326340326340326,0.370967741935484,0.101486371030376,0.10013627879922,0.4,15,13,29941996,NA
Gm13_29958353,29958353,0,0,137,75,5,0,0.311111111111111,0.357142857142857,0.101565019873118,0.100324068251756,0.4,15,13,29941996,NA
Gm13_29958610,29958610,0,0,136,75,6,0,0.314427860696517,0.359447004608295,0.101501402677833,0.100267628078424,0.4,15,13,29941996,NA
Gm13_29958647,29958647,0,0,145,66,6,0,-0.53258547008547,0.317972350230415,0.129340333329435,0.129397311412354,0.4,15,13,29941996,NA
Gm13_29958649,29958649,0,0,144,69,4,0,0.277607675035722,0.327188940092166,0.0925730547121008,0.0910931627123576,0.4,15,13,29941996,NA
Gm13_29958817,29958817,0,0,137,75,5,0,0.311111111111111,0.357142857142857,0.101565019873118,0.100324068251756,0.4,15,13,29941996,NA
Gm13_29958971,29958971,0,0,136,75,6,0,0.314427860696517,0.359447004608295,0.101501402677833,0.100267628078424,0.4,15,13,29941996,NA
Gm13_29959026,29959026,0,0,178,37,2,0,0.239864864864865,0.175115207373272,0.111583681337431,0.109805378603103,0.4,15,13,29941996,NA
Gm13_29959042,29959042,0,0,205,11,1,0,0.0573219883564711,0.0529953917050691,0.0354217535997312,0.0350018313110533,0.4,15,13,29941996,NA
Gm13_29959186,29959186,0,0,177,36,4,0,0.232539682539683,0.175115207373272,0.066494303740836,0.0659201056738388,0.4,15,13,29941996,NA
Gm13_29959387,29959387,0,0,196,20,1,0,0.195360824742268,0.0944700460829493,0.0377574195514906,0.036969829140844,0.4,15,13,29941996,NA
Gm13_29959616,29959616,0,0,145,67,5,0,-0.52209595959596,0.320276497695853,0.128591926273898,0.128604322831964,0.4,15,13,29941996,NA
Gm13_29959727,29959727,0,0,50,165,2,0,-0.102663016426083,0.764976958525346,0.143372561920363,0.142284602443108,0.4,15,13,29941996,NA
Gm13_29959828,29959828,0,0,205,12,0,0,0.173234811165845,0.0552995391705069,0.0372724262360564,0.036701108634104,0.4,15,13,29941996,NA
Gm13_29960226,29960226,0,0,203,14,0,0,-0.105188343994314,0.0645161290322581,0.0617485727129046,0.0631219605700923,0.4,15,13,29941996,NA
Gm13_29960464,29960464,0,0,201,15,1,0,0.355,0.0714285714285714,0.0555213696339489,0.0555884056926632,0.4,15,13,29941996,NA
Gm13_29960618,29960618,0,0,180,36,1,0,0.265293383270911,0.168202764976959,0.0415981842279973,0.0416687568891987,0.4,15,13,29941996,NA
Gm13_29960642,29960642,0,0,180,35,2,0,0.262118780096308,0.165898617511521,0.0383592843193987,0.0380099147051775,0.4,15,13,29941996,NA
Gm13_29960700,29960700,0,0,187,29,1,0,0.125371360665478,0.135944700460829,0.0698060402503011,0.0713954708013316,0.4,15,13,29941996,NA
Gm13_29960961,29960961,2,MG1,34,181,2,0,-0.175484719027276,0.838709677419355,0.9942808,0.994392,0.4,15,13,29941996,Gm13_29941996_MG1
Gm13_29960970,29960970,0,0,202,15,0,0,-0.105188343994314,0.0691244239631336,0.0575398748363882,0.0587822375010049,0.4,15,13,29941996,NA
Gm13_29961524,29961524,0,0,131,82,4,0,0.373282442748091,0.387096774193548,0.0782583133064516,0.0780121284005202,0.4,15,13,29941996,NA
Gm13_29961535,29961535,0,0,172,42,3,0,0.239495798319328,0.200460829493088,0.0446943933897947,0.0443365168556662,0.4,15,13,29941996,NA
Gm13_29961798,29961798,0,0,172,40,5,0,0.125955915429599,0.195852534562212,0.084133402374121,0.0846677116597477,0.4,15,13,29941996,NA
Gm13_29961838,29961838,0,0,161,52,4,0,-0.618650217706822,0.248847926267281,0.136831870206989,0.13903342280104,0.4,15,13,29941996,NA
Gm13_29961913,29961913,0,0,162,51,4,0,-0.635171568627451,0.244239631336406,0.13794652489086,0.140115885850195,0.4,15,13,29941996,NA
Gm13_29962216,29962216,0,0,198,19,0,0,0.246777658431794,0.0875576036866359,0.105629286951613,0.10567355556827,0.4,15,13,29941996,NA
Gm13_29962319,29962319,0,0,52,163,2,0,-0.193899782135076,0.755760368663594,0.128642239589382,0.12714068720091,0.4,15,13,29941996,NA
Gm13_29962366,29962366,0,0,48,167,2,0,-0.176136363636364,0.774193548387097,0.138355775285468,0.136704855672806,0.4,15,13,29941996,NA
Gm13_29962978,29962978,0,0,169,45,3,0,0.187229437229437,0.214285714285714,0.10507526594664,0.107377892021196,0.4,15,13,29941996,NA
Gm13_29964902,29964902,0,0,205,11,1,0,0.0333333333333332,0.0529953917050691,0.0450111942061828,0.0472746114686606,0.4,15,13,29941996,NA
Gm13_29964926,29964926,0,0,189,27,1,0,0.114975450081833,0.126728110599078,0.0662231828217487,0.0676400246025761,0.4,15,13,29941996,NA
Gm13_29965153,29965153,0,0,68,145,4,0,-0.187914593698176,0.67741935483871,0.118534311358454,0.118431870391014,0.4,15,13,29941996,NA
Gm13_29965690,29965690,0,0,179,37,1,0,0.237746220797068,0.172811059907834,0.112564471664315,0.110759983908908,0.4,15,13,29941996,NA
Gm13_29967487,29967487,3,MG9,171,43,3,0,-0.764552084766754,0.205069124423963,0.977105111111111,0.9813018,0.4,15,13,29941996,Gm13_29941996_MG9
Gm13_29968929,29968929,0,0,41,174,2,0,-0.189733408961997,0.806451612903226,0.139114488334946,0.137578141249935,0.4,15,13,29941996,NA
Gm13_29969437,29969437,0,0,205,11,1,0,0.344827586206897,0.0529953917050691,0.0289276412215765,0.028278575564178,0.4,15,13,29941996,NA
Gm13_29970093,29970093,0,0,179,37,1,0,0.237746220797068,0.172811059907834,0.112564471664315,0.110759983908908,0.4,15,13,29941996,NA
Gm13_29970218,29970218,0,0,91,118,8,0,0.00256410256410278,0.56221198156682,0.0105398564834812,0.0104198392779064,0.4,15,13,29941996,NA
Gm13_29971253,29971253,0,0,41,174,2,0,-0.189733408961997,0.806451612903226,0.139114488334946,0.137578141249935,0.4,15,13,29941996,NA
Gm13_29971533,29971533,3,MG9,171,44,2,0,-0.766137708445401,0.207373271889401,0.983235111111111,0.9872236,0.4,15,13,29941996,Gm13_29941996_MG9
Gm13_29972075,29972075,0,0,41,174,2,0,-0.189733408961997,0.806451612903226,0.139114488334946,0.137578141249935,0.4,15,13,29941996,NA
Gm13_29972422,29972422,3,MG9,169,44,4,0,-0.770141535111595,0.211981566820276,0.973879944444444,0.975105666666667,0.4,15,13,29941996,Gm13_29941996_MG9
Gm13_29973425,29973425,0,0,41,174,2,0,-0.189733408961997,0.806451612903226,0.139114488334946,0.137578141249935,0.4,15,13,29941996,NA
Gm13_29973986,29973986,0,0,166,47,4,0,-0.707706279190452,0.225806451612903,0.149212170515726,0.152153064244083,0.4,15,13,29941996,NA
Gm13_29974095,29974095,0,0,179,37,1,0,0.237746220797068,0.172811059907834,0.112564471664315,0.110759983908908,0.4,15,13,29941996,NA
Gm13_29974801,29974801,0,0,179,37,1,0,0.237746220797068,0.172811059907834,0.112564471664315,0.110759983908908,0.4,15,13,29941996,NA
Gm13_29974922,29974922,0,0,185,30,2,0,0.0266116941529235,0.142857142857143,0.0662422585513472,0.0672468068013034,0.4,15,13,29941996,NA
Gm13_29975859,29975859,0,0,206,11,0,0,0.346341463414634,0.0506912442396313,0.0297535611967554,0.0294633667625306,0.4,15,13,29941996,NA
Gm13_29975916,29975916,0,0,83,128,6,0,-0.214326867678126,0.603686635944701,0.123322510763497,0.12320446608328,0.4,15,13,29941996,NA
Gm13_29976649,29976649,0,0,85,126,6,0,-0.225523809523809,0.594470046082949,0.127115386629722,0.127037807103398,0.4,15,13,29941996,NA
Gm13_29976671,29976671,0,0,40,175,2,0,-0.214161849710983,0.811059907834101,0.144430820441667,0.142776669602861,0.4,15,13,29941996,NA
Gm13_29977037,29977037,0,0,185,30,2,0,0.0266116941529235,0.142857142857143,0.0661445017657289,0.0672007319658027,0.4,15,13,29941996,NA
Gm13_29977069,29977069,0,0,173,40,4,0,0.0924269528920691,0.193548387096774,0.0625814644399987,0.0631958187403888,0.4,15,13,29941996,NA
Gm13_29977098,29977098,0,0,37,178,2,0,-0.195792383292383,0.824884792626728,0.156722815677285,0.155263292670871,0.4,15,13,29941996,NA
Gm13_29977835,29977835,0,0,184,31,2,0,0,0.147465437788018,0.0654512437744288,0.0664859677921651,0.4,15,13,29941996,NA
Gm13_29977911,29977911,0,0,100,112,5,0,-0.301020408163265,0.527649769585253,0.122341787391565,0.121795967424349,0.4,15,13,29941996,NA
Gm13_29977940,29977940,2,MG1,34,181,2,0,-0.175484719027276,0.838709677419355,0.9942808,0.994392,0.4,15,13,29941996,Gm13_29941996_MG1
Gm13_29979786,29979786,0,0,203,13,1,0,0.0866336633663367,0.0622119815668203,0.0412936146298925,0.0441765463251495,0.4,15,13,29941996,NA
Gm13_29979819,29979819,0,0,203,13,1,0,0.0866336633663367,0.0622119815668203,0.0412936146298925,0.0441765463251495,0.4,15,13,29941996,NA
Gm13_29979943,29979943,0,0,179,37,1,0,0.192883895131086,0.172811059907834,0.0486980583731418,0.0478817797238199,0.4,15,13,29941996,NA
Gm13_29980694,29980694,0,0,198,18,1,0,-0.0229919378919081,0.0852534562211982,0.0380382055452907,0.0397284507557559,0.4,15,13,29941996,NA
Gm13_29980707,29980707,0,0,197,19,1,0,-0.062358276643991,0.0898617511520737,0.0374551708737661,0.0394665049025774,0.4,15,13,29941996,NA
Gm13_29980815,29980815,0,0,172,44,1,0,0.274598930481283,0.205069124423963,0.0971891439575134,0.0960677944530429,0.4,15,13,29941996,NA
Gm13_29980850,29980850,0,0,174,42,1,0,0.133088960947413,0.195852534562212,0.060939197653629,0.0614510527494148,0.4,15,13,29941996,NA
Gm13_29981088,29981088,0,0,194,22,1,0,-0.00172711571675288,0.1036866359447,0.0429713069696556,0.0457469168145953,0.4,15,13,29941996,NA
Gm13_29981112,29981112,8,0,192,22,3,0,0.0545998504113687,0.108294930875576,0.985048136363636,0.071740430858697,0.4,15,13,29941996,NA
Gm13_29981135,29981135,0,0,194,22,1,0,-0.00172711571675288,0.1036866359447,0.0429713069696556,0.0457469168145953,0.4,15,13,29941996,NA
Gm13_29981252,29981252,9,MG11,199,17,1,0,0.0883838383838385,0.0806451612903226,0.996344941176471,1,0.4,15,13,29941996,Gm13_29941996_MG11
Gm13_29981437,29981437,0,0,194,21,2,0,0.258928571428571,0.101382488479263,0.0434925900828647,0.0428156655027975,0.4,15,13,29941996,NA
Gm13_29981926,29981926,9,MG11,199,17,1,0,0.0883838383838385,0.0806451612903226,0.996344941176471,1,0.4,15,13,29941996,Gm13_29941996_MG11
Gm13_29982095,29982095,9,MG11,199,17,1,0,0.0883838383838385,0.0806451612903226,0.996344941176471,1,0.4,15,13,29941996,Gm13_29941996_MG11
Gm13_29982212,29982212,9,0,198,17,2,0,0.0901015228426396,0.0829493087557604,0.988121058823529,0.0511906280858388,0.4,15,13,29941996,NA
Gm13_29982237,29982237,9,MG11,199,17,1,0,0.0883838383838385,0.0806451612903226,0.996344941176471,1,0.4,15,13,29941996,Gm13_29941996_MG11
Gm13_29982241,29982241,9,MG11,199,17,1,0,0.0883838383838385,0.0806451612903226,0.996344941176471,1,0.4,15,13,29941996,Gm13_29941996_MG11
Gm13_29982286,29982286,9,MG11,199,17,1,0,0.0883838383838385,0.0806451612903226,0.996344941176471,1,0.4,15,13,29941996,Gm13_29941996_MG11
Gm13_29982289,29982289,9,MG11,199,17,1,0,0.0883838383838385,0.0806451612903226,0.996344941176471,1,0.4,15,13,29941996,Gm13_29941996_MG11
Gm13_29982455,29982455,9,MG11,199,17,1,0,0.0883838383838385,0.0806451612903226,0.996344941176471,1,0.4,15,13,29941996,Gm13_29941996_MG11
Gm13_29983112,29983112,9,MG11,199,17,1,0,0.0883838383838385,0.0806451612903226,0.996344941176471,1,0.4,15,13,29941996,Gm13_29941996_MG11
Gm13_29983647,29983647,0,0,196,19,2,0,0.121367521367521,0.0921658986175115,0.0444007622102473,0.0480777782762341,0.4,15,13,29941996,NA
Gm13_29983833,29983833,9,MG11,199,17,1,0,0.0883838383838385,0.0806451612903226,0.996344941176471,1,0.4,15,13,29941996,Gm13_29941996_MG11
Gm13_29983851,29983851,9,MG11,199,17,1,0,0.0883838383838385,0.0806451612903226,0.996344941176471,1,0.4,15,13,29941996,Gm13_29941996_MG11
Gm13_29984008,29984008,9,0,198,17,2,0,0.0901015228426396,0.0829493087557604,0.988121058823529,0.0511906280858388,0.4,15,13,29941996,NA
Gm13_29984352,29984352,8,MG8,192,23,2,0,0.0675868633983818,0.110599078341014,0.986657818181818,0.9865076,0.4,15,13,29941996,Gm13_29941996_MG8
Gm13_29984533,29984533,0,0,169,46,2,0,0.163095238095238,0.216589861751152,0.058942737361711,0.0593426072730078,0.4,15,13,29941996,NA
Gm13_29984691,29984691,9,0,198,17,2,0,0.0901015228426396,0.0829493087557604,0.988121058823529,0.0511906280858388,0.4,15,13,29941996,NA
Gm13_29984725,29984725,9,0,198,17,2,0,0.0901015228426396,0.0829493087557604,0.988121058823529,0.0511906280858388,0.4,15,13,29941996,NA
Gm13_29985152,29985152,9,MG11,199,17,1,0,0.0883838383838385,0.0806451612903226,0.996344941176471,1,0.4,15,13,29941996,Gm13_29941996_MG11
Gm13_29985409,29985409,9,MG11,199,17,1,0,0.0883838383838385,0.0806451612903226,0.996344941176471,1,0.4,15,13,29941996,Gm13_29941996_MG11
Gm13_29985856,29985856,0,0,200,16,1,0,0.141708542713568,0.076036866359447,0.047523255602453,0.0511211631277308,0.4,15,13,29941996,NA
Gm13_29986097,29986097,0,0,200,16,1,0,0.141708542713568,0.076036866359447,0.047523255602453,0.0511211631277308,0.4,15,13,29941996,NA
Gm13_29987054,29987054,0,0,166,49,2,0,-0.745520159283226,0.230414746543779,0.141174515528091,0.144533720354876,0.4,15,13,29941996,NA
Gm13_29988182,29988182,0,0,166,49,2,0,-0.745520159283226,0.230414746543779,0.141174515528091,0.144533720354876,0.4,15,13,29941996,NA
Gm13_29988279,29988279,0,0,173,40,4,0,0.155336911150865,0.193548387096774,0.066369848662754,0.066945799044329,0.4,15,13,29941996,NA
Gm13_29988470,29988470,0,0,141,73,3,0,-0.464669360402089,0.34331797235023,0.111098560656371,0.112999420010845,0.4,15,13,29941996,NA
Gm13_29988482,29988482,0,0,140,74,3,0,-0.464669360402089,0.347926267281106,0.111073999573911,0.112956810589064,0.4,15,13,29941996,NA
Gm13_29988715,29988715,0,0,140,74,3,0,-0.464669360402089,0.347926267281106,0.111073999573911,0.112956810589064,0.4,15,13,29941996,NA
Gm13_29988889,29988889,0,0,205,10,2,0,0.348039215686275,0.0506912442396313,0.0279516589545605,0.0281245515282094,0.4,15,13,29941996,NA
Gm13_29989056,29989056,0,0,148,67,2,0,-0.518552875695733,0.313364055299539,0.114089982581653,0.115855064994473,0.4,15,13,29941996,NA
Gm13_29989128,29989128,0,0,143,71,3,0,-0.473843058350101,0.334101382488479,0.111981240249242,0.114016043622153,0.4,15,13,29941996,NA
Gm13_29989281,29989281,0,0,138,76,3,0,-0.445450121654501,0.357142857142857,0.110943582577286,0.112685322779585,0.4,15,13,29941996,NA
Gm13_29989286,29989286,0,0,138,76,3,0,-0.445450121654501,0.357142857142857,0.110943582577286,0.112685322779585,0.4,15,13,29941996,NA
Gm13_29989474,29989474,3,MG9,171,44,2,0,-0.766137708445401,0.207373271889401,0.983235111111111,0.9872236,0.4,15,13,29941996,Gm13_29941996_MG9
Gm13_29989559,29989559,0,0,141,73,3,0,-0.474603174603174,0.34331797235023,0.112392300825551,0.114428704907945,0.4,15,13,29941996,NA
Gm13_29989852,29989852,0,0,191,24,2,0,0.23478835978836,0.115207373271889,0.0947111683346895,0.0929953839987113,0.4,15,13,29941996,NA
Gm13_29989980,29989980,0,0,141,73,3,0,-0.474603174603174,0.34331797235023,0.112392300825551,0.114428704907945,0.4,15,13,29941996,NA
Gm13_29989995,29989995,0,0,166,49,2,0,-0.745520159283226,0.230414746543779,0.141174515528091,0.144533720354876,0.4,15,13,29941996,NA
Gm13_29990329,29990329,0,0,135,79,3,0,-0.418101798698814,0.370967741935484,0.106975274464341,0.108517495294499,0.4,15,13,29941996,NA
Gm13_29990344,29990344,0,0,198,19,0,0,0.246777658431794,0.0875576036866359,0.105629286951613,0.10567355556827,0.4,15,13,29941996,NA
Gm13_29990961,29990961,0,0,41,173,3,0,-0.131364997860505,0.804147465437788,0.128735695783065,0.128241539535241,0.4,15,13,29941996,NA
Gm13_29991052,29991052,8,MG8,192,23,2,0,0.0675868633983818,0.110599078341014,0.986657818181818,0.9865076,0.4,15,13,29941996,Gm13_29941996_MG8
Gm13_29991916,29991916,0,0,153,62,2,0,-0.56686605426191,0.290322580645161,0.117600458497015,0.119865722264993,0.4,15,13,29941996,NA
Gm13_29992180,29992180,0,0,108,104,5,0,-0.371459694989107,0.490783410138249,0.0883136991767006,0.0885999151410472,0.4,15,13,29941996,NA
Gm13_29992752,29992752,0,0,198,19,0,0,0.246777658431794,0.0875576036866359,0.105629286951613,0.10567355556827,0.4,15,13,29941996,NA
Gm13_29992836,29992836,0,0,158,56,3,0,-0.649725274725275,0.264976958525346,0.139907846386492,0.141577417102146,0.4,15,13,29941996,NA
Gm13_29994191,29994191,2,MG1,34,182,1,0,-0.179084967320261,0.841013824884793,0.99664076,0.997196,0.4,15,13,29941996,Gm13_29941996_MG1
Gm13_29994415,29994415,0,0,201,13,3,0,0.110939311944337,0.0668202764976959,0.0429550207513005,0.0436379745249201,0.4,15,13,29941996,NA
Gm13_29994918,29994918,2,MG1,34,182,1,0,-0.179084967320261,0.841013824884793,0.99664076,0.997196,0.4,15,13,29941996,Gm13_29941996_MG1
Gm13_29994993,29994993,0,0,139,74,4,0,-0.432925626356283,0.350230414746544,0.146239884062634,0.148948565407867,0.4,15,13,29941996,NA
Gm13_29994997,29994997,0,0,191,25,1,0,0.27978835978836,0.117511520737327,0.08247474155,0.0822378835542263,0.4,15,13,29941996,NA
Gm13_29995120,29995120,0,0,198,19,0,0,0.246777658431794,0.0875576036866359,0.105629286951613,0.10567355556827,0.4,15,13,29941996,NA
Gm13_29995830,29995830,0,0,105,108,4,0,-0.354368932038835,0.506912442396313,0.120279533298952,0.121879365792484,0.4,15,13,29941996,NA
Gm13_29995933,29995933,0,0,182,35,0,0,0.292063492063492,0.161290322580645,0.0717126713713656,0.072702791440697,0.4,15,13,29941996,NA
Gm13_29996005,29996005,0,0,153,63,1,0,0.312729948491538,0.292626728110599,0.0691584738963441,0.0694235338607022,0.4,15,13,29941996,NA
Gm13_29996734,29996734,0,0,174,42,1,0,0.323920265780731,0.195852534562212,0.0677032094916277,0.0680930877266203,0.4,15,13,29941996,NA
Gm13_29997112,29997112,0,0,189,25,3,0,0.0957446808510638,0.122119815668203,0.0640160815691532,0.0655056218302341,0.4,15,13,29941996,NA
Gm13_29997528,29997528,0,0,173,42,2,0,0.326232247284879,0.19815668202765,0.0678342940617769,0.0682203184420832,0.4,15,13,29941996,NA
Gm13_29997591,29997591,0,0,184,33,0,0,0.282717282717283,0.152073732718894,0.0689653586264167,0.0695483631600182,0.4,15,13,29941996,NA
Gm13_29997881,29997881,0,0,174,42,1,0,0.323920265780731,0.195852534562212,0.0677032094916277,0.0680930877266203,0.4,15,13,29941996,NA
Gm13_29999494,29999494,0,0,36,180,1,0,-0.192883895131086,0.831797235023041,0.154662727124194,0.152897839688427,0.4,15,13,29941996,NA
Gm13_29999769,29999769,0,0,40,176,1,0,-0.187068965517241,0.813364055299539,0.140494074446016,0.138813966304078,0.4,15,13,29941996,NA
Gm13_29999863,29999863,0,0,101,110,6,0,-0.24954128440367,0.52073732718894,0.129898142183367,0.130144058466092,0.4,15,13,29941996,NA
Gm13_29999933,29999933,0,0,101,110,6,0,-0.24954128440367,0.52073732718894,0.129898142183367,0.130144058466092,0.4,15,13,29941996,NA
Gm13_29999990,29999990,0,0,102,109,6,0,-0.255683901723506,0.516129032258065,0.129340508932083,0.129547694538973,0.4,15,13,29941996,NA
Gm13_30000009,30000009,0,0,179,37,1,0,0.237746220797068,0.172811059907834,0.112564471664315,0.110759983908908,0.4,15,13,29941996,NA
Gm13_30000027,30000027,0,0,200,17,0,0,0.10308972073678,0.0783410138248848,0.0407499239869646,0.039828478915867,0.4,15,13,29941996,NA
Gm13_30000110,30000110,0,0,200,17,0,0,0.10308972073678,0.0783410138248848,0.0407499239869646,0.039828478915867,0.4,15,13,29941996,NA
Gm13_30000176,30000176,0,0,167,46,4,0,0.14524765729585,0.221198156682028,0.0598737785639785,0.0605856170111834,0.4,15,13,29941996,NA
Gm13_30000265,30000265,0,0,200,17,0,0,0.10308972073678,0.0783410138248848,0.0407499239869646,0.039828478915867,0.4,15,13,29941996,NA
Gm13_30000392,30000392,0,0,70,143,4,0,-0.21144883485309,0.668202764976959,0.110012628543731,0.109754654793935,0.4,15,13,29941996,NA
Gm13_30000404,30000404,2,MG1,34,182,1,0,-0.179084967320261,0.841013824884793,0.99664076,0.997196,0.4,15,13,29941996,Gm13_29941996_MG1
Gm13_30000407,30000407,2,MG1,34,182,1,0,-0.179084967320261,0.841013824884793,0.99664076,0.997196,0.4,15,13,29941996,Gm13_29941996_MG1
Gm13_30000449,30000449,0,0,102,110,5,0,-0.245454545454546,0.518433179723502,0.125217785213148,0.12598348201116,0.4,15,13,29941996,NA
Gm13_30000554,30000554,0,0,65,148,4,0,-0.183561643835616,0.691244239631336,0.111216541501478,0.110936375678934,0.4,15,13,29941996,NA
Gm13_30000641,30000641,0,0,51,165,1,0,-0.172019728136654,0.762672811059908,0.134905365128331,0.133473973544185,0.4,15,13,29941996,NA
Gm13_30000677,30000677,0,0,175,39,3,0,0.119479733817302,0.186635944700461,0.0578800150001478,0.0589974318633217,0.4,15,13,29941996,NA
Gm13_30001054,30001054,0,0,178,36,3,0,0.0931396287328492,0.172811059907834,0.0598603942643548,0.0609857969345644,0.4,15,13,29941996,NA
Gm13_30001120,30001120,0,0,178,36,3,0,0.0931396287328492,0.172811059907834,0.0598603942643548,0.0609857969345644,0.4,15,13,29941996,NA
Gm13_30001207,30001207,0,0,178,35,4,0,0.0855766035227652,0.170506912442396,0.058872309933087,0.0600235149313611,0.4,15,13,29941996,NA
Gm13_30001355,30001355,0,0,193,24,0,0,0.137216404886562,0.110599078341014,0.0445755676002016,0.0436585341229519,0.4,15,13,29941996,NA
Gm13_30001522,30001522,10,MG5,153,60,4,0,-0.557760927743087,0.285714285714286,0.99176725,0.994672714285714,0.4,15,13,29941996,Gm13_29941996_MG5
Gm13_30001749,30001749,0,0,168,47,2,0,0.291207382722379,0.221198156682028,0.106199737775793,0.105132395602328,0.4,15,13,29941996,NA
Gm13_30002071,30002071,0,0,63,153,1,0,-0.216125302218017,0.707373271889401,0.12478341641822,0.123366679629592,0.4,15,13,29941996,NA
Gm13_30002523,30002523,10,MG5,153,60,4,0,-0.557760927743087,0.285714285714286,0.99176725,0.994672714285714,0.4,15,13,29941996,Gm13_29941996_MG5
Gm13_30002672,30002672,0,0,168,47,2,0,0.291207382722379,0.221198156682028,0.106199737775793,0.105132395602328,0.4,15,13,29941996,NA
Gm13_30002871,30002871,0,0,168,47,2,0,0.291207382722379,0.221198156682028,0.106199737775793,0.105132395602328,0.4,15,13,29941996,NA
Gm13_30003581,30003581,0,0,63,153,1,0,-0.216125302218017,0.707373271889401,0.12478341641822,0.123366679629592,0.4,15,13,29941996,NA
Gm13_30003686,30003686,0,0,161,53,3,0,-0.622641509433962,0.251152073732719,0.128303575518145,0.130916355338752,0.4,15,13,29941996,NA
Gm13_30004359,30004359,0,0,190,25,2,0,0.241702127659574,0.119815668202765,0.103975899516962,0.103752455839558,0.4,15,13,29941996,NA
Gm13_30004375,30004375,0,0,193,24,0,0,0.137216404886562,0.110599078341014,0.0445755676002016,0.0436585341229519,0.4,15,13,29941996,NA
Gm13_30005349,30005349,2,MG1,34,182,1,0,-0.179084967320261,0.841013824884793,0.99664076,0.997196,0.4,15,13,29941996,Gm13_29941996_MG1
Gm13_30005679,30005679,0,0,125,87,5,0,0.272693173293323,0.412442396313364,0.0946242996911694,0.0951301219638882,0.4,15,13,29941996,NA
Gm13_30005887,30005887,0,0,63,153,1,0,-0.216125302218017,0.707373271889401,0.12478341641822,0.123366679629592,0.4,15,13,29941996,NA
Gm13_30006333,30006333,0,0,39,177,1,0,-0.211868131868132,0.817972350230415,0.142949842840242,0.141293151616567,0.4,15,13,29941996,NA
Gm13_30006344,30006344,0,0,187,28,2,0,0.26042471042471,0.133640552995392,0.1024128361577,0.102580639481572,0.4,15,13,29941996,NA
Gm13_30006544,30006544,0,0,84,126,7,0,-0.231228915662651,0.596774193548387,0.108313395783129,0.109235313416967,0.4,15,13,29941996,NA
Gm13_30007128,30007128,0,0,39,177,1,0,-0.211868131868132,0.817972350230415,0.142949842840242,0.141293151616567,0.4,15,13,29941996,NA
Gm13_30007488,30007488,10,MG5,153,59,5,0,-0.553085299455535,0.283410138248848,0.99602625,0.998767285714286,0.4,15,13,29941996,Gm13_29941996_MG5
Gm13_30007503,30007503,0,0,167,47,3,0,0.122315348349922,0.223502304147465,0.0653074508036669,0.0656799218048481,0.4,15,13,29941996,NA
Gm13_30007554,30007554,0,0,198,19,0,0,0.246777658431794,0.0875576036866359,0.105629286951613,0.10567355556827,0.4,15,13,29941996,NA
Gm13_30007588,30007588,10,MG5,153,59,5,0,-0.553085299455535,0.283410138248848,0.99602625,0.998767285714286,0.4,15,13,29941996,Gm13_29941996_MG5
Gm13_30007926,30007926,0,0,160,53,4,0,-0.644170295113691,0.253456221198157,0.122579092732702,0.12624851953593,0.4,15,13,29941996,NA
Gm13_30008201,30008201,0,0,153,58,6,0,0.259419958894725,0.28110599078341,0.0969716676366801,0.0960026204703381,0.4,15,13,29941996,NA
Gm13_30008359,30008359,2,MG1,34,182,1,0,-0.179084967320261,0.841013824884793,0.99664076,0.997196,0.4,15,13,29941996,Gm13_29941996_MG1
Gm13_30008978,30008978,10,MG5,152,59,6,0,-0.551952500570907,0.285714285714286,0.990972375,0.993800428571429,0.4,15,13,29941996,Gm13_29941996_MG5
Gm13_30009063,30009063,10,MG5,153,59,5,0,-0.553085299455535,0.283410138248848,0.99602625,0.998767285714286,0.4,15,13,29941996,Gm13_29941996_MG5
Gm13_30009113,30009113,0,0,155,55,7,0,0.246702317290552,0.269585253456221,0.0997054004575672,0.0987181478185111,0.4,15,13,29941996,NA
Gm13_30009116,30009116,10,MG5,153,59,5,0,-0.553085299455535,0.283410138248848,0.99602625,0.998767285714286,0.4,15,13,29941996,Gm13_29941996_MG5
Gm13_30009125,30009125,0,0,99,113,5,0,-0.334971334971335,0.532258064516129,0.0844575112302016,0.0850710080224577,0.4,15,13,29941996,NA
Gm13_30009161,30009161,10,MG5,153,59,5,0,-0.553085299455535,0.283410138248848,0.99602625,0.998767285714286,0.4,15,13,29941996,Gm13_29941996_MG5
Gm13_30009231,30009231,10,MG5,153,59,5,0,-0.553085299455535,0.283410138248848,0.99602625,0.998767285714286,0.4,15,13,29941996,Gm13_29941996_MG5
Gm13_30009264,30009264,0,0,190,25,2,0,0.241702127659574,0.119815668202765,0.103975899516962,0.103752455839558,0.4,15,13,29941996,NA
Gm13_30009282,30009282,0,0,162,51,4,0,-0.609313725490196,0.244239631336406,0.128692955988938,0.131454177653797,0.4,15,13,29941996,NA
Gm13_30009443,30009443,0,0,162,53,2,0,0.161132345914955,0.248847926267281,0.0579625376860688,0.0581995777352863,0.4,15,13,29941996,NA
Gm13_30009473,30009473,10,MG5,153,59,5,0,-0.553085299455535,0.283410138248848,0.99602625,0.998767285714286,0.4,15,13,29941996,Gm13_29941996_MG5
Gm13_30009489,30009489,0,0,198,18,1,0,0.119614512471655,0.0852534562211982,0.0419011612149802,0.0409743346475231,0.4,15,13,29941996,NA
Gm13_30009507,30009507,0,0,156,55,6,0,0.244155844155844,0.267281105990783,0.100105379410207,0.0990945987336723,0.4,15,13,29941996,NA
Gm13_30009546,30009546,10,MG5,153,59,5,0,-0.553085299455535,0.283410138248848,0.99602625,0.998767285714286,0.4,15,13,29941996,Gm13_29941996_MG5
Gm13_30009601,30009601,10,MG5,153,59,5,0,-0.553085299455535,0.283410138248848,0.99602625,0.998767285714286,0.4,15,13,29941996,Gm13_29941996_MG5
Gm13_30009685,30009685,0,0,161,54,2,0,0.167452830188679,0.253456221198157,0.0601401900057258,0.0604213466115215,0.4,15,13,29941996,NA
Gm13_30009787,30009787,0,0,190,25,2,0,0.241702127659574,0.119815668202765,0.103975899516962,0.103752455839558,0.4,15,13,29941996,NA
Gm13_30009863,30009863,0,0,93,121,3,0,-0.256884057971015,0.564516129032258,0.125301436992964,0.124959916102426,0.4,15,13,29941996,NA
Gm13_30010301,30010301,0,0,155,55,7,0,0.246702317290552,0.269585253456221,0.0997054004575672,0.0987181478185111,0.4,15,13,29941996,NA
Gm13_30010322,30010322,2,MG1,34,182,1,0,-0.179084967320261,0.841013824884793,0.99664076,0.997196,0.4,15,13,29941996,Gm13_29941996_MG1
Gm13_30010420,30010420,0,0,93,121,3,0,-0.256884057971015,0.564516129032258,0.125301436992964,0.124959916102426,0.4,15,13,29941996,NA
Gm13_30010458,30010458,0,0,167,48,2,0,0.127403229941041,0.225806451612903,0.0659026501606517,0.0662659170605005,0.4,15,13,29941996,NA
Gm13_30010547,30010547,0,0,167,48,2,0,0.127403229941041,0.225806451612903,0.0659026501606517,0.0662659170605005,0.4,15,13,29941996,NA
Gm13_30010600,30010600,10,MG5,153,59,5,0,-0.553085299455535,0.283410138248848,0.99602625,0.998767285714286,0.4,15,13,29941996,Gm13_29941996_MG5
Gm13_30010690,30010690,0,0,39,177,1,0,-0.211868131868132,0.817972350230415,0.142949842840242,0.141293151616567,0.4,15,13,29941996,NA
Gm13_30010829,30010829,0,0,201,16,0,0,0.221733668341709,0.0737327188940092,0.0887006230147849,0.0887025394837451,0.4,15,13,29941996,NA
Gm13_30010864,30010864,0,0,161,55,1,0,0.171296296296296,0.255760368663594,0.0673821172390323,0.0677433013339922,0.4,15,13,29941996,NA
Gm13_30010936,30010936,10,MG5,153,59,5,0,-0.553085299455535,0.283410138248848,0.99602625,0.998767285714286,0.4,15,13,29941996,Gm13_29941996_MG5
Gm13_30010948,30010948,0,0,37,179,1,0,-0.199419758741793,0.827188940092166,0.147884818216398,0.146479149483745,0.4,15,13,29941996,NA
Gm13_30010964,30010964,0,0,156,55,6,0,0.244155844155844,0.267281105990783,0.100105379410207,0.0990945987336723,0.4,15,13,29941996,NA
Gm13_30010987,30010987,0,0,37,179,1,0,-0.199419758741793,0.827188940092166,0.147442599866263,0.14557271116684,0.4,15,13,29941996,NA
Gm13_30011013,30011013,0,0,156,55,6,0,0.244155844155844,0.267281105990783,0.100105379410207,0.0990945987336723,0.4,15,13,29941996,NA
Gm13_30011092,30011092,2,MG1,34,182,1,0,-0.179084967320261,0.841013824884793,0.99664076,0.997196,0.4,15,13,29941996,Gm13_29941996_MG1
Gm13_30011199,30011199,0,0,170,45,2,0,0.281746031746032,0.211981566820276,0.107399656049363,0.106054852138785,0.4,15,13,29941996,NA
Gm13_30011266,30011266,0,0,39,177,1,0,-0.211868131868132,0.817972350230415,0.142949842840242,0.141293151616567,0.4,15,13,29941996,NA
Gm13_30011352,30011352,10,0,154,58,5,0,-0.553085299455535,0.278801843317972,0.9787039375,0.114820296002025,0.4,15,13,29941996,NA
Gm13_30011382,30011382,10,0,154,58,5,0,-0.553085299455535,0.278801843317972,0.9787039375,0.114820296002025,0.4,15,13,29941996,NA
Gm13_30011487,30011487,0,0,189,26,2,0,0.248251748251748,0.124423963133641,0.102807241409946,0.102394727189857,0.4,15,13,29941996,NA
Gm13_30011542,30011542,0,0,170,45,2,0,0.281746031746032,0.211981566820276,0.107399656049363,0.106054852138785,0.4,15,13,29941996,NA
Gm13_30011587,30011587,2,MG1,34,182,1,0,-0.179084967320261,0.841013824884793,0.99664076,0.997196,0.4,15,13,29941996,Gm13_29941996_MG1
Gm13_30011598,30011598,8,MG8,192,23,2,0,0.0675868633983818,0.110599078341014,0.986657818181818,0.9865076,0.4,15,13,29941996,Gm13_29941996_MG8
Gm13_30011631,30011631,3,MG9,171,41,5,0,-0.761148794919902,0.200460829493088,0.967661333333333,0.969842266666667,0.4,15,13,29941996,Gm13_29941996_MG9
Gm13_30011648,30011648,0,0,39,177,1,0,-0.211868131868132,0.817972350230415,0.150322947105753,0.14894975961857,0.4,15,13,29941996,NA
Gm13_30011652,30011652,0,0,165,50,2,0,0.134469696969697,0.235023041474654,0.0647551052749556,0.0650039387315566,0.4,15,13,29941996,NA
Gm13_30011679,30011679,0,0,104,108,5,0,0.291908563134978,0.509216589861751,0.0944999240495894,0.0951821747657926,0.4,15,13,29941996,NA
Gm13_30011693,30011693,0,0,160,54,3,0,0.250586029067042,0.255760368663594,0.102605106608945,0.101602035657651,0.4,15,13,29941996,NA
Gm13_30011694,30011694,0,0,165,50,2,0,0.134469696969697,0.235023041474654,0.0647551052749556,0.0650039387315566,0.4,15,13,29941996,NA
Gm13_30011801,30011801,2,MG1,34,182,1,0,-0.179084967320261,0.841013824884793,0.99664076,0.997196,0.4,15,13,29941996,Gm13_29941996_MG1
Gm13_30011837,30011837,0,0,170,45,2,0,0.281746031746032,0.211981566820276,0.107399656049363,0.106054852138785,0.4,15,13,29941996,NA
Gm13_30012002,30012002,0,0,184,30,3,0,0.148294705106463,0.145161290322581,0.058284704309543,0.0594809860420026,0.4,15,13,29941996,NA
Gm13_30012013,30012013,0,0,161,50,6,0,-0.583899371069182,0.244239631336406,0.139118289439153,0.141464971420975,0.4,15,13,29941996,NA
Gm13_30012046,30012046,2,MG1,34,182,1,0,-0.179084967320261,0.841013824884793,0.99664076,0.997196,0.4,15,13,29941996,Gm13_29941996_MG1
Gm13_30012613,30012613,0,0,39,177,1,0,-0.205741626794258,0.817972350230415,0.148380936020269,0.146986777241977,0.4,15,13,29941996,NA
Gm13_30012705,30012705,8,MG8,192,23,2,0,0.0675868633983818,0.110599078341014,0.986657818181818,0.9865076,0.4,15,13,29941996,Gm13_29941996_MG8
Gm13_30012826,30012826,2,MG1,34,182,1,0,-0.179084967320261,0.841013824884793,0.99664076,0.997196,0.4,15,13,29941996,Gm13_29941996_MG1
Gm13_30013060,30013060,0,0,101,107,9,0,-0.223962264150943,0.513824884792627,0.104046504299095,0.105600363559853,0.4,15,13,29941996,NA
Gm13_30013101,30013101,2,MG1,34,182,1,0,-0.179084967320261,0.841013824884793,0.99664076,0.997196,0.4,15,13,29941996,Gm13_29941996_MG1
Gm13_30013105,30013105,0,0,198,19,0,0,0.246777658431794,0.0875576036866359,0.105629286951613,0.10567355556827,0.4,15,13,29941996,NA
Gm13_30013272,30013272,0,0,147,64,6,0,-0.540878451837356,0.308755760368664,0.103458074195027,0.104588653577503,0.4,15,13,29941996,NA
Gm13_30013647,30013647,0,0,39,177,1,0,-0.211868131868132,0.817972350230415,0.144719538428038,0.143424722068218,0.4,15,13,29941996,NA
Gm13_30013710,30013710,8,0,192,22,3,0,0.0545998504113687,0.108294930875576,0.985048136363636,0.071740430858697,0.4,15,13,29941996,NA
Gm13_30014794,30014794,0,0,184,30,3,0,0.234798534798535,0.145161290322581,0.0858904469829301,0.0846117230888166,0.4,15,13,29941996,NA
Gm13_30014825,30014825,0,0,180,37,0,0,0.170361372608564,0.170506912442396,0.067574501097872,0.0672399090010622,0.4,15,13,29941996,NA
Gm13_30014839,30014839,0,0,180,37,0,0,0.170361372608564,0.170506912442396,0.067574501097872,0.0672399090010622,0.4,15,13,29941996,NA
Gm13_30014928,30014928,0,0,188,29,0,0,0.14256581386726,0.133640552995392,0.0799564045075801,0.0796050650892583,0.4,15,13,29941996,NA
Gm13_30014936,30014936,0,0,187,30,0,0,0.151351351351351,0.138248847926267,0.0770383535867742,0.0767061530150325,0.4,15,13,29941996,NA
Gm13_30015032,30015032,0,0,183,34,0,0,0.147708807279818,0.15668202764977,0.0723666822196734,0.0719155491956268,0.4,15,13,29941996,NA
Gm13_30015045,30015045,3,0,172,41,4,0,-0.756241032998565,0.19815668202765,0.9570595,0.158084076303381,0.4,15,13,29941996,NA
Gm13_30015140,30015140,8,MG8,192,23,2,0,0.0675868633983818,0.110599078341014,0.986657818181818,0.9865076,0.4,15,13,29941996,Gm13_29941996_MG8
Gm13_30015150,30015150,2,MG1,34,182,1,0,-0.179084967320261,0.841013824884793,0.99664076,0.997196,0.4,15,13,29941996,Gm13_29941996_MG1
Gm13_30015376,30015376,0,0,191,24,2,0,0.187830687830688,0.115207373271889,0.0986064316642473,0.0974794046790637,0.4,15,13,29941996,NA
Gm13_30015630,30015630,0,0,194,20,3,0,0.204166666666667,0.0990783410138249,0.0408752523187769,0.0410360657518466,0.4,15,13,29941996,NA
Gm13_30016133,30016133,0,0,192,25,0,0,0.147368421052632,0.115207373271889,0.0866940684930108,0.0869571723521456,0.4,15,13,29941996,NA
Gm13_30016280,30016280,0,0,128,86,3,0,-0.442229605020303,0.403225806451613,0.151316353440457,0.154736655474252,0.4,15,13,29941996,NA
Gm13_30016349,30016349,0,0,43,172,2,0,-0.207797537619699,0.797235023041475,0.127312980577016,0.12576003683446,0.4,15,13,29941996,NA
Gm13_30016388,30016388,0,0,127,86,4,0,-0.441023255813954,0.405529953917051,0.149998912854973,0.15321060073355,0.4,15,13,29941996,NA
Gm13_30016397,30016397,0,0,189,27,1,0,0.167755991285403,0.126728110599078,0.0799693606948118,0.0800266640012224,0.4,15,13,29941996,NA
Gm13_30016487,30016487,0,0,159,55,3,0,-0.622582513028373,0.26036866359447,0.132226089615161,0.134989497104915,0.4,15,13,29941996,NA
Gm13_30016488,30016488,0,0,50,165,2,0,-0.241289198606272,0.764976958525346,0.113048571241855,0.111834990189779,0.4,15,13,29941996,NA
Gm13_30016862,30016862,0,0,186,27,4,0,0.159043659043659,0.133640552995392,0.0587168119086082,0.0598870880676261,0.4,15,13,29941996,NA
Gm13_30016977,30016977,0,0,148,65,4,0,-0.512539515279241,0.308755760368664,0.125690415216768,0.126425060568629,0.4,15,13,29941996,NA
Gm13_30018182,30018182,0,0,199,17,1,0,0.291035353535354,0.0806451612903226,0.0424195379646559,0.0420509407811495,0.4,15,13,29941996,NA
Gm13_30018343,30018343,0,0,151,59,7,0,0.215289880329964,0.288018433179723,0.0682701409583773,0.0692268348309918,0.4,15,13,29941996,NA
Gm13_30018380,30018380,0,0,204,13,0,0,0.0849753694581281,0.0599078341013825,0.049234572471547,0.0517784893976996,0.4,15,13,29941996,NA
Gm13_30018587,30018587,2,MG1,34,182,1,0,-0.179084967320261,0.841013824884793,0.99664076,0.997196,0.4,15,13,29941996,Gm13_29941996_MG1
Gm13_30018811,30018811,0,0,193,23,1,0,0.167140151515151,0.108294930875576,0.0582455676819839,0.0586999951175501,0.4,15,13,29941996,NA
Gm13_30019032,30019032,0,0,193,23,1,0,0.167140151515151,0.108294930875576,0.0582455676819839,0.0586999951175501,0.4,15,13,29941996,NA
Gm13_30019442,30019442,0,0,193,23,1,0,0.167140151515151,0.108294930875576,0.0582455676819839,0.0586999951175501,0.4,15,13,29941996,NA
Gm13_30019514,30019514,0,0,193,23,1,0,0.167140151515151,0.108294930875576,0.0582455676819839,0.0586999951175501,0.4,15,13,29941996,NA
Gm13_30019594,30019594,0,0,192,24,1,0,0.176872296835875,0.112903225806452,0.0577994698340739,0.0581611313349168,0.4,15,13,29941996,NA
Gm13_30020120,30020120,0,0,192,24,1,0,0.176872296835875,0.112903225806452,0.0577994698340739,0.0581611313349168,0.4,15,13,29941996,NA
Gm13_30020812,30020812,0,0,192,24,1,0,0.176872296835875,0.112903225806452,0.0577994698340739,0.0581611313349168,0.4,15,13,29941996,NA
Gm13_30020850,30020850,0,0,187,29,1,0,0.217357910906298,0.135944700460829,0.0541357474706411,0.0548928278519596,0.4,15,13,29941996,NA
Gm13_30021132,30021132,0,0,20,196,1,0,-0.360824742268041,0.905529953917051,0.094370912311828,0.0932687232249675,0.4,15,13,29941996,NA
Gm13_30021382,30021382,0,0,60,152,5,0,-0.25,0.711981566820276,0.10317042229414,0.102582113571964,0.4,15,13,29941996,NA
Gm13_30021570,30021570,0,0,192,24,1,0,0.176872296835875,0.112903225806452,0.0554916224872219,0.0562796060344514,0.4,15,13,29941996,NA
Gm13_30021576,30021576,0,0,193,23,1,0,0.167140151515151,0.108294930875576,0.0582455676819839,0.0586999951175501,0.4,15,13,29941996,NA
Gm13_30021746,30021746,0,0,192,24,1,0,0.176872296835875,0.112903225806452,0.0577994698340739,0.0581611313349168,0.4,15,13,29941996,NA
Gm13_30022105,30022105,0,0,192,24,1,0,0.176872296835875,0.112903225806452,0.0577994698340739,0.0581611313349168,0.4,15,13,29941996,NA
Gm13_30022108,30022108,0,0,192,24,1,0,0.176872296835875,0.112903225806452,0.0577994698340739,0.0581611313349168,0.4,15,13,29941996,NA
Gm13_30022188,30022188,0,0,193,23,1,0,0.167140151515151,0.108294930875576,0.0582455676819839,0.0586999951175501,0.4,15,13,29941996,NA
Gm13_30022391,30022391,0,0,193,23,1,0,0.167140151515151,0.108294930875576,0.0561592599386543,0.0563186195245238,0.4,15,13,29941996,NA
Gm13_30022482,30022482,0,0,60,150,7,0,-0.248648648648649,0.707373271889401,0.102336500826928,0.101764960995103,0.4,15,13,29941996,NA
Gm13_30023018,30023018,0,0,198,19,0,0,0.246777658431794,0.0875576036866359,0.105629286951613,0.10567355556827,0.4,15,13,29941996,NA
Gm13_30023137,30023137,0,0,187,29,1,0,0.217357910906298,0.135944700460829,0.0541357474706411,0.0548928278519596,0.4,15,13,29941996,NA
Gm13_30023144,30023144,0,0,194,22,1,0,0.156674068591167,0.1036866359447,0.0566783402929606,0.0569228786709527,0.4,15,13,29941996,NA
Gm13_30023238,30023238,8,MG8,192,22,3,0,0.102218898030416,0.108294930875576,0.990634272727273,0.9921556,0.4,15,13,29941996,Gm13_29941996_MG8
Gm13_30023367,30023367,0,0,193,23,1,0,0.167140151515151,0.108294930875576,0.0582455676819839,0.0586999951175501,0.4,15,13,29941996,NA
Gm13_30023569,30023569,0,0,205,12,0,0,0.0606060606060606,0.0552995391705069,0.0473098281964368,0.0496288557416762,0.4,15,13,29941996,NA
Gm13_30023574,30023574,0,0,193,23,1,0,0.167140151515151,0.108294930875576,0.0582455676819839,0.0586999951175501,0.4,15,13,29941996,NA
Gm13_30024497,30024497,0,0,190,26,1,0,0.194497354497355,0.122119815668203,0.0568088541594753,0.0577034742063064,0.4,15,13,29941996,NA
Gm13_30024871,30024871,0,0,204,12,1,0,0.263201320132013,0.0576036866359447,0.0399363073268669,0.0389960279071873,0.4,15,13,29941996,NA
Gm13_30025002,30025002,0,0,194,22,1,0,0.156674068591167,0.1036866359447,0.0566783402929606,0.0569228786709527,0.4,15,13,29941996,NA
Gm13_30025026,30025026,0,0,161,51,5,0,0.195208518189885,0.246543778801843,0.0750422166002285,0.0760112909552276,0.4,15,13,29941996,NA
Gm13_30025154,30025154,0,0,194,22,1,0,0.156674068591167,0.1036866359447,0.0566783402929606,0.0569228786709527,0.4,15,13,29941996,NA
Gm13_30025683,30025683,0,0,83,125,9,0,-0.218469135802469,0.596774193548387,0.125275888309298,0.12616007998715,0.4,15,13,29941996,NA
Gm13_30025699,30025699,0,0,80,129,8,0,-0.197972570065593,0.612903225806452,0.127102238756183,0.12763619400156,0.4,15,13,29941996,NA
Gm13_30025813,30025813,0,0,80,129,8,0,-0.197972570065593,0.612903225806452,0.127102238756183,0.12763619400156,0.4,15,13,29941996,NA
Gm13_30025815,30025815,0,0,80,129,8,0,-0.197972570065593,0.612903225806452,0.127102238756183,0.12763619400156,0.4,15,13,29941996,NA
Gm13_30025902,30025902,0,0,78,131,8,0,-0.186420249096023,0.622119815668203,0.123971201689923,0.124501802279184,0.4,15,13,29941996,NA
Gm13_30025963,30025963,0,0,80,129,8,0,-0.197972570065593,0.612903225806452,0.127102238756183,0.12763619400156,0.4,15,13,29941996,NA
Gm13_30026089,30026089,0,0,112,94,11,0,0.032258064516129,0.45852534562212,0.0832320653544086,0.0820952062479584,0.4,15,13,29941996,NA
Gm13_30026167,30026167,8,MG8,192,22,3,0,0.102218898030416,0.108294930875576,0.990634272727273,0.9921556,0.4,15,13,29941996,Gm13_29941996_MG8
Gm13_30026216,30026216,0,0,33,178,6,0,-0.164772727272727,0.834101382488479,0.152118496491935,0.150328801157347,0.4,15,13,29941996,NA
Gm13_30026470,30026470,8,MG8,192,21,4,0,0.0903141361256545,0.105990783410138,0.989693,0.9898834,0.4,15,13,29941996,Gm13_29941996_MG8
Gm13_30026680,30026680,0,0,115,94,8,0,0.123913043478261,0.451612903225806,0.0640315350147003,0.0644574313450676,0.4,15,13,29941996,NA
Gm13_30026689,30026689,8,MG8,192,21,4,0,0.0903141361256545,0.105990783410138,0.989693,0.9898834,0.4,15,13,29941996,Gm13_29941996_MG8
Gm13_30026713,30026713,0,0,190,23,4,0,0.116642616642617,0.115207373271889,0.0691089824211788,0.0707685203752367,0.4,15,13,29941996,NA
Gm13_30026791,30026791,0,0,194,20,3,0,0.204166666666667,0.0990783410138249,0.097772150504086,0.0963977380689727,0.4,15,13,29941996,NA
Gm13_30026835,30026835,0,0,142,68,7,0,0.0788610140785433,0.329493087557604,0.0548817144387688,0.0544300379745696,0.4,15,13,29941996,NA
Gm13_30027429,30027429,8,MG8,192,21,4,0,0.0903141361256545,0.105990783410138,0.989693,0.9898834,0.4,15,13,29941996,Gm13_29941996_MG8
Gm13_30027444,30027444,0,0,203,12,2,0,0.264925373134328,0.0599078341013825,0.0320258589849532,0.0312591401284853,0.4,15,13,29941996,NA
Gm13_30027450,30027450,0,0,203,12,2,0,0.264925373134328,0.0599078341013825,0.0320258589849532,0.0312591401284853,0.4,15,13,29941996,NA
Gm13_30027452,30027452,8,MG8,192,21,4,0,0.0903141361256545,0.105990783410138,0.989693,0.9898834,0.4,15,13,29941996,Gm13_29941996_MG8
Gm13_30027488,30027488,0,0,142,68,7,0,0.0788610140785433,0.329493087557604,0.0548817144387688,0.0544300379745696,0.4,15,13,29941996,NA
Gm13_30027513,30027513,0,0,195,20,2,0,0.147150259067357,0.0967741935483871,0.0438126782760758,0.0428098156273087,0.4,15,13,29941996,NA
Gm13_30027524,30027524,0,0,180,33,4,0,0.105890364317331,0.161290322580645,0.0493723356793692,0.04871805051398,0.4,15,13,29941996,NA
Gm13_30027784,30027784,0,0,56,154,7,0,-0.147831253713607,0.725806451612903,0.133772738832044,0.133848227946737,0.4,15,13,29941996,NA
Gm13_30027943,30027943,8,MG8,192,22,3,0,0.102218898030416,0.108294930875576,0.990634272727273,0.9921556,0.4,15,13,29941996,Gm13_29941996_MG8
Gm13_30028197,30028197,0,0,33,178,6,0,-0.164772727272727,0.834101382488479,0.152118496491935,0.150328801157347,0.4,15,13,29941996,NA
Gm13_30028301,30028301,0,0,49,160,8,0,-0.156677861017825,0.755760368663594,0.122775646590457,0.120801771330689,0.4,15,13,29941996,NA
Gm13_30028339,30028339,0,0,75,133,9,0,-0.150581934287774,0.633640552995392,0.116503081083226,0.115582865150741,0.4,15,13,29941996,NA
Gm13_30028836,30028836,0,0,33,178,6,0,-0.164772727272727,0.834101382488479,0.152118496491935,0.150328801157347,0.4,15,13,29941996,NA
Gm13_30028874,30028874,0,0,199,17,1,0,0.296506419826814,0.0806451612903226,0.0277492558459637,0.027264590459554,0.4,15,13,29941996,NA
Gm13_30028887,30028887,0,0,188,28,1,0,0.299539170506912,0.131336405529954,0.0855768056508065,0.0860165193240572,0.4,15,13,29941996,NA
Gm13_30028929,30028929,0,0,33,178,6,0,-0.164772727272727,0.834101382488479,0.152118496491935,0.150328801157347,0.4,15,13,29941996,NA
Gm13_30028979,30028979,0,0,75,134,8,0,-0.319393939393939,0.63594470046083,0.120109714695379,0.120652980277454,0.4,15,13,29941996,NA
Gm13_30029158,30029158,8,MG8,192,21,4,0,0.0903141361256545,0.105990783410138,0.989693,0.9898834,0.4,15,13,29941996,Gm13_29941996_MG8
Gm13_30029494,30029494,0,0,198,17,2,0,0.17046818727491,0.0829493087557604,0.114407360819892,0.112837678712614,0.4,15,13,29941996,NA
Gm13_30029887,30029887,8,MG8,192,21,4,0,0.0903141361256545,0.105990783410138,0.989693,0.9898834,0.4,15,13,29941996,Gm13_29941996_MG8
Gm13_30030328,30030328,0,0,51,158,8,0,-0.2473604826546,0.746543778801843,0.118921225585855,0.11785342364817,0.4,15,13,29941996,NA
Gm13_30030349,30030349,0,0,58,153,6,0,-0.259419958894725,0.71889400921659,0.11393225320297,0.112611269563082,0.4,15,13,29941996,NA
Gm13_30031009,30031009,0,0,203,11,3,0,0.257349615558571,0.0576036866359447,0.0272261491773253,0.0271056846318986,0.4,15,13,29941996,NA
Gm13_30031483,30031483,0,0,33,178,6,0,-0.164772727272727,0.834101382488479,0.152118496491935,0.150328801157347,0.4,15,13,29941996,NA
Gm13_30031510,30031510,0,0,205,12,0,0,-0.00328407224958949,0.0552995391705069,0.0377749496299798,0.0393194951673667,0.4,15,13,29941996,NA
Gm13_30031647,30031647,0,0,204,13,0,0,0.023990860624524,0.0599078341013825,0.0399093370044691,0.0416271511504876,0.4,15,13,29941996,NA
Gm13_30031806,30031806,8,MG8,192,21,4,0,0.0903141361256545,0.105990783410138,0.989693,0.9898834,0.4,15,13,29941996,Gm13_29941996_MG8
Gm13_30032686,30032686,0,0,184,30,3,0,0.112820512820513,0.145161290322581,0.0990610921823522,0.0993068551153056,0.4,15,13,29941996,NA
Gm13_30033094,30033094,11,MG6,176,37,4,0,0.172879776328052,0.179723502304147,0.988877130434783,0.992397523809524,0.4,15,13,29941996,Gm13_29941996_MG6
Gm13_30033329,30033329,11,MG6,175,37,5,0,0.174972660521793,0.182027649769585,0.994781347826087,0.998098047619048,0.4,15,13,29941996,Gm13_29941996_MG6
Gm13_30033397,30033397,11,MG6,175,37,5,0,0.174972660521793,0.182027649769585,0.994781347826087,0.998098047619048,0.4,15,13,29941996,Gm13_29941996_MG6
Gm13_30033546,30033546,0,0,149,57,11,0,0.163623344074472,0.288018433179723,0.0873254393408212,0.0886265208967113,0.4,15,13,29941996,NA
Gm13_30033556,30033556,11,MG6,175,37,5,0,0.174972660521793,0.182027649769585,0.994781347826087,0.998098047619048,0.4,15,13,29941996,Gm13_29941996_MG6
Gm13_30033583,30033583,11,MG6,175,37,5,0,0.174972660521793,0.182027649769585,0.994781347826087,0.998098047619048,0.4,15,13,29941996,Gm13_29941996_MG6
Gm13_30033780,30033780,11,MG6,174,37,6,0,0.177089880578253,0.184331797235023,0.989605739130435,0.991654952380952,0.4,15,13,29941996,Gm13_29941996_MG6
Gm13_30034153,30034153,11,0,175,36,6,0,0.169717405266538,0.179723502304147,0.963096217391304,0.0973974246025516,0.4,15,13,29941996,NA
Gm13_30034158,30034158,11,0,175,36,6,0,0.169717405266538,0.179723502304147,0.963096217391304,0.0973974246025516,0.4,15,13,29941996,NA
Gm13_30034206,30034206,0,0,186,29,2,0,0.306034482758621,0.138248847926267,0.0850081506977339,0.0856044584123719,0.4,15,13,29941996,NA
Gm13_30034326,30034326,11,MG6,175,37,5,0,0.174972660521793,0.182027649769585,0.994781347826087,0.998098047619048,0.4,15,13,29941996,Gm13_29941996_MG6
Gm13_30034381,30034381,11,MG6,174,37,6,0,0.177089880578253,0.184331797235023,0.989605739130435,0.991654952380952,0.4,15,13,29941996,Gm13_29941996_MG6
Gm13_30034817,30034817,11,MG6,176,37,4,0,0.172879776328052,0.179723502304147,0.988877130434783,0.992397523809524,0.4,15,13,29941996,Gm13_29941996_MG6
Gm13_30034818,30034818,11,MG6,176,37,4,0,0.172879776328052,0.179723502304147,0.988877130434783,0.992397523809524,0.4,15,13,29941996,Gm13_29941996_MG6
Gm13_30035058,30035058,11,MG6,175,37,5,0,0.174972660521793,0.182027649769585,0.994781347826087,0.998098047619048,0.4,15,13,29941996,Gm13_29941996_MG6
Gm13_30035415,30035415,0,0,186,29,2,0,0.306034482758621,0.138248847926267,0.0850081506977339,0.0856044584123719,0.4,15,13,29941996,NA
Gm13_30035503,30035503,11,MG6,175,37,5,0,0.174972660521793,0.182027649769585,0.994781347826087,0.998098047619048,0.4,15,13,29941996,Gm13_29941996_MG6
Gm13_30035520,30035520,11,MG6,175,37,5,0,0.174972660521793,0.182027649769585,0.994781347826087,0.998098047619048,0.4,15,13,29941996,Gm13_29941996_MG6
Gm13_30035548,30035548,11,MG6,175,37,5,0,0.174972660521793,0.182027649769585,0.994781347826087,0.998098047619048,0.4,15,13,29941996,Gm13_29941996_MG6
Gm13_30035793,30035793,11,MG6,175,37,5,0,0.174972660521793,0.182027649769585,0.994781347826087,0.998098047619048,0.4,15,13,29941996,Gm13_29941996_MG6
Gm13_30035876,30035876,11,MG6,175,37,5,0,0.174972660521793,0.182027649769585,0.994781347826087,0.998098047619048,0.4,15,13,29941996,Gm13_29941996_MG6
Gm13_30035902,30035902,11,MG6,175,37,5,0,0.174972660521793,0.182027649769585,0.994781347826087,0.998098047619048,0.4,15,13,29941996,Gm13_29941996_MG6
Gm13_30035916,30035916,11,MG6,175,37,5,0,0.174972660521793,0.182027649769585,0.994781347826087,0.998098047619048,0.4,15,13,29941996,Gm13_29941996_MG6
Gm13_30036347,30036347,11,MG6,175,37,5,0,0.174972660521793,0.182027649769585,0.994781347826087,0.998098047619048,0.4,15,13,29941996,Gm13_29941996_MG6
Gm13_30036488,30036488,0,0,195,18,4,0,0.0538284398388027,0.0921658986175115,0.0444751575621962,0.0437968067051678,0.4,15,13,29941996,NA
Gm13_30036715,30036715,11,MG6,175,37,5,0,0.174972660521793,0.182027649769585,0.994781347826087,0.998098047619048,0.4,15,13,29941996,Gm13_29941996_MG6
Gm13_30036746,30036746,0,0,173,39,5,0,0.188933873144399,0.191244239631336,0.0915101069169355,0.0929040295789337,0.4,15,13,29941996,NA
Gm13_30036872,30036872,11,MG6,175,37,5,0,0.174972660521793,0.182027649769585,0.994781347826087,0.998098047619048,0.4,15,13,29941996,Gm13_29941996_MG6
Gm13_30036893,30036893,0,0,148,57,12,0,0.159336697909156,0.290322580645161,0.087350168566125,0.0886565248546125,0.4,15,13,29941996,NA
Gm13_30036894,30036894,0,0,148,57,12,0,0.159336697909156,0.290322580645161,0.087350168566125,0.0886565248546125,0.4,15,13,29941996,NA
Gm13_30037415,30037415,8,MG8,192,22,3,0,0.102218898030416,0.108294930875576,0.990634272727273,0.9921556,0.4,15,13,29941996,Gm13_29941996_MG8
Gm13_30037575,30037575,8,MG8,192,22,3,0,0.102218898030416,0.108294930875576,0.990634272727273,0.9921556,0.4,15,13,29941996,Gm13_29941996_MG8
Gm13_30037860,30037860,0,0,195,18,4,0,0.0538284398388027,0.0921658986175115,0.0444751575621962,0.0437968067051678,0.4,15,13,29941996,NA
Gm13_30038027,30038027,0,0,123,84,10,0,-0.118901836855619,0.410138248847926,0.0983583925343095,0.100086348496133,0.4,15,13,29941996,NA
Gm13_30038103,30038103,0,0,159,50,8,0,0.149426751592357,0.248847926267281,0.0833432878223387,0.0846009124054876,0.4,15,13,29941996,NA
Gm13_30038117,30038117,0,0,123,84,10,0,-0.118901836855619,0.410138248847926,0.0983583925343095,0.100086348496133,0.4,15,13,29941996,NA
Gm13_30038183,30038183,0,0,194,22,1,0,0.21780303030303,0.1036866359447,0.103698862122984,0.103001982178283,0.4,15,13,29941996,NA
Gm13_30038188,30038188,0,0,199,17,1,0,0.168707076739325,0.0806451612903226,0.116236049005376,0.114627062314694,0.4,15,13,29941996,NA
Gm13_30038245,30038245,0,0,195,18,4,0,0.0538284398388027,0.0921658986175115,0.0444751575621962,0.0437968067051678,0.4,15,13,29941996,NA
Gm13_30038250,30038250,0,0,195,18,4,0,0.0538284398388027,0.0921658986175115,0.0444751575621962,0.0437968067051678,0.4,15,13,29941996,NA
Gm13_30038466,30038466,0,0,197,16,4,0,-0.603205128205128,0.0829493087557604,0.06225916375,0.0632318511703511,0.4,15,13,29941996,NA
Gm13_30038505,30038505,8,MG8,192,22,3,0,0.102218898030416,0.108294930875576,0.990634272727273,0.9921556,0.4,15,13,29941996,Gm13_29941996_MG8
Gm13_30038506,30038506,8,MG8,192,22,3,0,0.102218898030416,0.108294930875576,0.990634272727273,0.9921556,0.4,15,13,29941996,Gm13_29941996_MG8
Gm13_30038597,30038597,0,0,161,47,9,0,0.207145724608591,0.237327188940092,0.0831095618117285,0.0838596597502289,0.4,15,13,29941996,NA
Gm13_30038598,30038598,0,0,129,77,11,0,-0.084703947368421,0.380184331797235,0.0917551908318952,0.0936230938737711,0.4,15,13,29941996,NA
Gm13_30038663,30038663,0,0,162,47,8,0,0.204787234042553,0.235023041474654,0.0833237301329824,0.0840759267866566,0.4,15,13,29941996,NA
Gm13_30038730,30038730,0,0,193,22,2,0,0.21965730604474,0.105990783410138,0.105102883308737,0.104371116828739,0.4,15,13,29941996,NA
Gm13_30038830,30038830,0,0,196,19,2,0,0.192620727075421,0.0921658986175115,0.10895664815168,0.107740318570676,0.4,15,13,29941996,NA
Gm13_30038834,30038834,0,0,196,19,2,0,0.192620727075421,0.0921658986175115,0.10895664815168,0.107740318570676,0.4,15,13,29941996,NA
Gm13_30038936,30038936,0,0,162,47,8,0,0.204787234042553,0.235023041474654,0.0833237301329824,0.0840759267866566,0.4,15,13,29941996,NA
Gm13_30038938,30038938,0,0,198,17,2,0,0.17046818727491,0.0829493087557604,0.117670631505376,0.116028865175553,0.4,15,13,29941996,NA
Gm13_30039237,30039237,0,0,198,19,0,0,0.246777658431794,0.0875576036866359,0.105629286951613,0.10567355556827,0.4,15,13,29941996,NA
Gm13_30039339,30039339,0,0,200,16,1,0,0.155934343434343,0.076036866359447,0.0401976648639167,0.0407874396212666,0.4,15,13,29941996,NA
Gm13_30039443,30039443,0,0,196,20,1,0,0.255670103092783,0.0944700460829493,0.0996996534816935,0.0997202019952926,0.4,15,13,29941996,NA
Gm13_30039461,30039461,0,0,197,19,1,0,0.13306342780027,0.0898617511520737,0.100680730120968,0.0992841416514954,0.4,15,13,29941996,NA
Gm13_30039614,30039614,0,0,195,18,4,0,0.0538284398388027,0.0921658986175115,0.0444751575621962,0.0437968067051678,0.4,15,13,29941996,NA
Gm13_30039629,30039629,0,0,124,83,10,0,-0.105691056910569,0.405529953917051,0.098614922577836,0.100305167276346,0.4,15,13,29941996,NA
Gm13_30039634,30039634,0,0,155,53,9,0,0.165001849796522,0.264976958525346,0.0874091656839973,0.0884286271377035,0.4,15,13,29941996,NA
Gm13_30039666,30039666,0,0,100,109,8,0,0.0185185185185184,0.52073732718894,0.0896648558211962,0.0892764299194408,0.4,15,13,29941996,NA
Gm13_30039723,30039723,0,0,199,14,4,0,0.0442349528643944,0.0737327188940092,0.039119653089996,0.0385239010025449,0.4,15,13,29941996,NA
Gm13_30039739,30039739,0,0,34,179,4,0,-0.14440013293453,0.834101382488479,0.153273571344086,0.151496670845254,0.4,15,13,29941996,NA
Gm13_30039818,30039818,0,0,187,25,5,0,0.145945945945946,0.126728110599078,0.0512385618969086,0.0507551184802341,0.4,15,13,29941996,NA
Gm13_30040082,30040082,0,0,34,179,4,0,-0.14440013293453,0.834101382488479,0.153273571344086,0.151496670845254,0.4,15,13,29941996,NA
Gm13_30040158,30040158,0,0,165,44,8,0,-0.660380034032898,0.221198156682028,0.136308031770995,0.139083709671808,0.4,15,13,29941996,NA
Gm13_30040433,30040433,0,0,203,13,1,0,0.107539226942212,0.0622119815668203,0.0432358994475806,0.0436975426228869,0.4,15,13,29941996,NA
Gm13_30040718,30040718,0,0,156,53,8,0,0.162582700318549,0.262672811059908,0.0862773202216414,0.0873120590961004,0.4,15,13,29941996,NA
Gm13_30040947,30040947,0,0,55,156,6,0,-0.225974025974026,0.732718894009217,0.123746493701075,0.122783651513134,0.4,15,13,29941996,NA
Gm13_30040958,30040958,0,0,199,17,1,0,0.23260674828307,0.0806451612903226,0.0828847350277151,0.0828649046926138,0.4,15,13,29941996,NA
Gm13_30040964,30040964,0,0,58,153,6,0,-0.24217857958438,0.71889400921659,0.117608488243276,0.116910658365406,0.4,15,13,29941996,NA
Gm13_30041018,30041018,0,0,55,155,7,0,-0.221984551396316,0.730414746543779,0.124329960868869,0.123354066913444,0.4,15,13,29941996,NA
Gm13_30041089,30041089,8,MG8,192,21,4,0,0.0903141361256545,0.105990783410138,0.989693,0.9898834,0.4,15,13,29941996,Gm13_29941996_MG8
Gm13_30041121,30041121,0,0,199,14,4,0,0.0442349528643944,0.0737327188940092,0.039119653089996,0.0385239010025449,0.4,15,13,29941996,NA
Gm13_30041138,30041138,0,0,193,22,2,0,0.21965730604474,0.105990783410138,0.105102883308737,0.104371116828739,0.4,15,13,29941996,NA
Gm13_30041168,30041168,0,0,20,196,1,0,-0.360824742268041,0.905529953917051,0.094370912311828,0.0932687232249675,0.4,15,13,29941996,NA
Gm13_30041182,30041182,0,0,199,14,4,0,0.0442349528643944,0.0737327188940092,0.039119653089996,0.0385239010025449,0.4,15,13,29941996,NA
Gm13_30041352,30041352,0,0,191,24,2,0,0.187830687830688,0.115207373271889,0.100193134500609,0.0994457959277672,0.4,15,13,29941996,NA
Gm13_30041815,30041815,0,0,124,83,10,0,-0.105691056910569,0.405529953917051,0.098614922577836,0.100305167276346,0.4,15,13,29941996,NA
Gm13_30041917,30041917,0,0,193,22,2,0,0.21965730604474,0.105990783410138,0.105102883308737,0.104371116828739,0.4,15,13,29941996,NA
