ID,POS,cluster,MGs,ref,alt,het,miss,phenodiff,AltAF,premeanr2,meanr2,epsilon,MGmin,chr,gwas_pos,MG_ID
Gm04_46090781,46090781,1,MG9,164,49,4,0,-0.0463592844545224,0.235023041474654,0.995663083333333,1,0.6,15,04,46190764,Gm04_46190764_MG9
Gm04_46091290,46091290,2,MG3,101,113,3,0,0.0501293372580502,0.527649769585253,0.964188894736842,0.967985055555556,0.6,15,04,46190764,Gm04_46190764_MG3
Gm04_46091399,46091399,1,0,165,48,4,0,-0.0559815950920246,0.230414746543779,0.971726083333333,0.0872104122889787,0.6,15,04,46190764,NA
Gm04_46091653,46091653,3,MG1,50,165,2,0,0.0348466257668714,0.764976958525346,0.963199444444444,0.963199444444444,0.6,15,04,46190764,Gm04_46190764_MG1
Gm04_46091654,46091654,1,0,163,50,4,0,-0.0370186335403728,0.23963133640553,0.972139416666667,0.0875671102413675,0.6,15,04,46190764,NA
Gm04_46092124,46092124,1,MG9,164,49,4,0,-0.0463592844545224,0.235023041474654,0.995663083333333,1,0.6,15,04,46190764,Gm04_46190764_MG9
Gm04_46092218,46092218,1,MG9,164,49,4,0,-0.0463592844545224,0.235023041474654,0.995663083333333,1,0.6,15,04,46190764,Gm04_46190764_MG9
Gm04_46092244,46092244,3,MG1,52,163,2,0,0.0169612995699953,0.755760368663594,0.969903166666667,0.969903166666667,0.6,15,04,46190764,Gm04_46190764_MG1
Gm04_46092369,46092369,2,MG3,100,113,4,0,0.0536936936936938,0.529953917050691,0.982349894736842,0.986431166666667,0.6,15,04,46190764,Gm04_46190764_MG3
Gm04_46092520,46092520,2,MG3,101,112,4,0,0.0473447344734474,0.525345622119816,0.967773842105263,0.972021888888889,0.6,15,04,46190764,Gm04_46190764_MG3
Gm04_46092538,46092538,0,0,196,19,2,0,0,0.0921658986175115,0.11836595890432,0.11749701647813,0.6,15,04,46190764,NA
Gm04_46092562,46092562,1,MG9,164,49,4,0,-0.0463592844545224,0.235023041474654,0.995663083333333,1,0.6,15,04,46190764,Gm04_46190764_MG9
Gm04_46092589,46092589,2,MG3,100,113,4,0,0.0536936936936938,0.529953917050691,0.982349894736842,0.986431166666667,0.6,15,04,46190764,Gm04_46190764_MG3
Gm04_46092627,46092627,3,MG1,50,165,2,0,0.0348466257668714,0.764976958525346,0.963199444444444,0.963199444444444,0.6,15,04,46190764,Gm04_46190764_MG1
Gm04_46092736,46092736,2,MG3,100,113,4,0,0.0536936936936938,0.529953917050691,0.982349894736842,0.986431166666667,0.6,15,04,46190764,Gm04_46190764_MG3
Gm04_46092737,46092737,2,MG3,100,113,4,0,0.0536936936936938,0.529953917050691,0.982349894736842,0.986431166666667,0.6,15,04,46190764,Gm04_46190764_MG3
Gm04_46092738,46092738,2,MG3,100,113,4,0,0.0536936936936938,0.529953917050691,0.982349894736842,0.986431166666667,0.6,15,04,46190764,Gm04_46190764_MG3
Gm04_46092866,46092866,3,MG1,50,165,2,0,0.0348466257668714,0.764976958525346,0.963199444444444,0.963199444444444,0.6,15,04,46190764,Gm04_46190764_MG1
Gm04_46093358,46093358,1,0,165,48,4,0,-0.0559815950920246,0.230414746543779,0.973916833333333,0.0881676936791453,0.6,15,04,46190764,NA
Gm04_46093368,46093368,2,MG3,100,113,4,0,0.0536936936936938,0.529953917050691,0.982349894736842,0.986431166666667,0.6,15,04,46190764,Gm04_46190764_MG3
Gm04_46093388,46093388,1,0,165,48,4,0,-0.0559815950920246,0.230414746543779,0.973916833333333,0.0881676936791453,0.6,15,04,46190764,NA
Gm04_46093473,46093473,2,MG3,100,113,4,0,0.0536936936936938,0.529953917050691,0.982349894736842,0.986431166666667,0.6,15,04,46190764,Gm04_46190764_MG3
Gm04_46093493,46093493,3,MG1,50,165,2,0,0.0348466257668714,0.764976958525346,0.963199444444444,0.963199444444444,0.6,15,04,46190764,Gm04_46190764_MG1
Gm04_46093684,46093684,2,MG3,100,113,4,0,0.0536936936936938,0.529953917050691,0.982349894736842,0.986431166666667,0.6,15,04,46190764,Gm04_46190764_MG3
Gm04_46093715,46093715,1,MG9,164,49,4,0,-0.0463592844545224,0.235023041474654,0.995663083333333,1,0.6,15,04,46190764,Gm04_46190764_MG9
Gm04_46093737,46093737,2,MG3,100,113,4,0,0.0536936936936938,0.529953917050691,0.982349894736842,0.986431166666667,0.6,15,04,46190764,Gm04_46190764_MG3
Gm04_46093739,46093739,2,MG3,100,113,4,0,0.0536936936936938,0.529953917050691,0.982349894736842,0.986431166666667,0.6,15,04,46190764,Gm04_46190764_MG3
Gm04_46093744,46093744,2,MG3,100,113,4,0,0.0536936936936938,0.529953917050691,0.982349894736842,0.986431166666667,0.6,15,04,46190764,Gm04_46190764_MG3
Gm04_46093794,46093794,1,MG9,164,49,4,0,-0.0463592844545224,0.235023041474654,0.995663083333333,1,0.6,15,04,46190764,Gm04_46190764_MG9
Gm04_46093853,46093853,3,MG1,50,165,2,0,0.0348466257668714,0.764976958525346,0.963199444444444,0.963199444444444,0.6,15,04,46190764,Gm04_46190764_MG1
Gm04_46093900,46093900,1,MG9,164,49,4,0,-0.0463592844545224,0.235023041474654,0.995663083333333,1,0.6,15,04,46190764,Gm04_46190764_MG9
Gm04_46094294,46094294,3,MG1,50,165,2,0,0.0348466257668714,0.764976958525346,0.963199444444444,0.963199444444444,0.6,15,04,46190764,Gm04_46190764_MG1
Gm04_46095780,46095780,2,MG3,102,111,4,0,0.0410145709660013,0.52073732718894,0.968798157894737,0.970109722222222,0.6,15,04,46190764,Gm04_46190764_MG3
Gm04_46095897,46095897,2,MG3,101,112,4,0,0.0473447344734474,0.525345622119816,0.952235789473684,0.953644555555556,0.6,15,04,46190764,Gm04_46190764_MG3
Gm04_46095927,46095927,0,0,196,19,2,0,0,0.0921658986175115,0.11836595890432,0.11749701647813,0.6,15,04,46190764,NA
Gm04_46095962,46095962,1,MG9,164,49,4,0,-0.0463592844545224,0.235023041474654,0.995663083333333,1,0.6,15,04,46190764,Gm04_46190764_MG9
Gm04_46096010,46096010,3,MG1,52,163,2,0,0.0169612995699953,0.755760368663594,0.979488944444444,0.979488944444444,0.6,15,04,46190764,Gm04_46190764_MG1
Gm04_46096023,46096023,3,MG1,52,163,2,0,0.0169612995699953,0.755760368663594,0.979488944444444,0.979488944444444,0.6,15,04,46190764,Gm04_46190764_MG1
Gm04_46096079,46096079,2,MG3,102,111,4,0,0.0410145709660013,0.52073732718894,0.968798157894737,0.970109722222222,0.6,15,04,46190764,Gm04_46190764_MG3
Gm04_46096185,46096185,3,MG1,52,163,2,0,0.0169612995699953,0.755760368663594,0.979488944444444,0.979488944444444,0.6,15,04,46190764,Gm04_46190764_MG1
Gm04_46096200,46096200,3,MG1,52,163,2,0,0.0169612995699953,0.755760368663594,0.979488944444444,0.979488944444444,0.6,15,04,46190764,Gm04_46190764_MG1
Gm04_46096221,46096221,3,MG1,52,163,2,0,0.0169612995699953,0.755760368663594,0.979488944444444,0.979488944444444,0.6,15,04,46190764,Gm04_46190764_MG1
Gm04_46096228,46096228,2,0,101,114,2,0,0.0439356435643565,0.529953917050691,0.920661157894737,0.0795644523781709,0.6,15,04,46190764,NA
Gm04_46096246,46096246,1,MG9,164,49,4,0,-0.0463592844545224,0.235023041474654,0.995663083333333,1,0.6,15,04,46190764,Gm04_46190764_MG9
Gm04_46096271,46096271,1,MG9,164,49,4,0,-0.0463592844545224,0.235023041474654,0.995663083333333,1,0.6,15,04,46190764,Gm04_46190764_MG9
Gm04_46096339,46096339,1,MG9,164,49,4,0,-0.0463592844545224,0.235023041474654,0.995663083333333,1,0.6,15,04,46190764,Gm04_46190764_MG9
Gm04_46096393,46096393,2,MG3,102,111,4,0,0.0410145709660013,0.52073732718894,0.968798157894737,0.970109722222222,0.6,15,04,46190764,Gm04_46190764_MG3
Gm04_46096431,46096431,1,MG9,164,49,4,0,-0.0463592844545224,0.235023041474654,0.995663083333333,1,0.6,15,04,46190764,Gm04_46190764_MG9
Gm04_46096471,46096471,2,MG3,102,111,4,0,0.0410145709660013,0.52073732718894,0.968798157894737,0.970109722222222,0.6,15,04,46190764,Gm04_46190764_MG3
Gm04_46096476,46096476,3,MG1,52,163,2,0,0.0169612995699953,0.755760368663594,0.979488944444444,0.979488944444444,0.6,15,04,46190764,Gm04_46190764_MG1
Gm04_46096491,46096491,1,MG9,164,49,4,0,-0.0463592844545224,0.235023041474654,0.995663083333333,1,0.6,15,04,46190764,Gm04_46190764_MG9
Gm04_46096509,46096509,3,MG1,52,163,2,0,0.0169612995699953,0.755760368663594,0.979488944444444,0.979488944444444,0.6,15,04,46190764,Gm04_46190764_MG1
Gm04_46096651,46096651,1,MG9,164,49,4,0,-0.0463592844545224,0.235023041474654,0.995663083333333,1,0.6,15,04,46190764,Gm04_46190764_MG9
Gm04_46096748,46096748,1,MG9,164,49,4,0,-0.0463592844545224,0.235023041474654,0.995663083333333,1,0.6,15,04,46190764,Gm04_46190764_MG9
Gm04_46097031,46097031,1,MG9,164,49,4,0,-0.0463592844545224,0.235023041474654,0.995663083333333,1,0.6,15,04,46190764,Gm04_46190764_MG9
Gm04_46097079,46097079,1,MG9,164,49,4,0,-0.0463592844545224,0.235023041474654,0.995663083333333,1,0.6,15,04,46190764,Gm04_46190764_MG9
Gm04_46097109,46097109,1,MG9,164,49,4,0,-0.0463592844545224,0.235023041474654,0.995663083333333,1,0.6,15,04,46190764,Gm04_46190764_MG9
Gm04_46097112,46097112,3,MG1,53,162,2,0,0.00837264150943384,0.751152073732719,0.960897388888889,0.960897388888889,0.6,15,04,46190764,Gm04_46190764_MG1
Gm04_46097115,46097115,3,MG1,53,162,2,0,0.00837264150943384,0.751152073732719,0.960897388888889,0.960897388888889,0.6,15,04,46190764,Gm04_46190764_MG1
Gm04_46097188,46097188,1,MG9,164,49,4,0,-0.0463592844545224,0.235023041474654,0.995663083333333,1,0.6,15,04,46190764,Gm04_46190764_MG9
Gm04_46097196,46097196,1,MG9,164,49,4,0,-0.0463592844545224,0.235023041474654,0.995663083333333,1,0.6,15,04,46190764,Gm04_46190764_MG9
Gm04_46098328,46098328,3,MG1,52,164,1,0,0.0189933523266859,0.758064516129032,0.975336777777778,0.975336777777778,0.6,15,04,46190764,Gm04_46190764_MG1
Gm04_46098417,46098417,3,MG1,52,164,1,0,0.0189933523266859,0.758064516129032,0.975336777777778,0.975336777777778,0.6,15,04,46190764,Gm04_46190764_MG1
Gm04_46099235,46099235,0,0,136,79,2,0,-0.0202279202279203,0.368663594470046,0.0748338579508079,0.0754365172967521,0.6,15,04,46190764,NA
Gm04_46100437,46100437,0,0,54,160,3,0,0.00421940928270037,0.744239631336406,0.227879808336194,0.224680190672239,0.6,15,04,46190764,NA
Gm04_46100496,46100496,0,0,198,17,2,0,-0.0450507614213198,0.0829493087557604,0.119168581981346,0.118058506091641,0.6,15,04,46190764,NA
Gm04_46100543,46100543,0,0,82,130,5,0,-0.0401952339936835,0.610599078341014,0.212353773030521,0.211476454201709,0.6,15,04,46190764,NA
Gm04_46101253,46101253,0,0,64,151,2,0,-0.0454068791946309,0.700460829493088,0.209617278873023,0.207286190311579,0.6,15,04,46190764,NA
Gm04_46101328,46101328,0,0,54,161,2,0,0.00628930817610063,0.746543778801843,0.226682483156912,0.223489882937436,0.6,15,04,46190764,NA
Gm04_46101935,46101935,0,0,64,151,2,0,-0.0454068791946309,0.700460829493088,0.209617278873023,0.207286190311579,0.6,15,04,46190764,NA
Gm04_46102139,46102139,0,0,54,161,2,0,0.00628930817610063,0.746543778801843,0.226682483156912,0.223489882937436,0.6,15,04,46190764,NA
Gm04_46102155,46102155,0,0,64,151,2,0,-0.0454068791946309,0.700460829493088,0.209617278873023,0.207286190311579,0.6,15,04,46190764,NA
Gm04_46102203,46102203,0,0,64,151,2,0,-0.0454068791946309,0.700460829493088,0.209617278873023,0.207286190311579,0.6,15,04,46190764,NA
Gm04_46102658,46102658,0,0,65,150,2,0,-0.0522869022869021,0.695852534562212,0.208698472706284,0.20651013418359,0.6,15,04,46190764,NA
Gm04_46103253,46103253,0,0,64,152,1,0,-0.0497916666666667,0.702764976958525,0.211109588434704,0.208759931039538,0.6,15,04,46190764,NA
Gm04_46103259,46103259,0,0,64,152,1,0,-0.0497916666666667,0.702764976958525,0.211109588434704,0.208759931039538,0.6,15,04,46190764,NA
Gm04_46104402,46104402,0,0,64,151,2,0,-0.0454068791946309,0.700460829493088,0.209617278873023,0.207286190311579,0.6,15,04,46190764,NA
Gm04_46104610,46104610,0,0,65,150,2,0,-0.0522869022869021,0.695852534562212,0.208698472706284,0.20651013418359,0.6,15,04,46190764,NA
Gm04_46104676,46104676,0,0,64,151,2,0,-0.0454068791946309,0.700460829493088,0.209617278873023,0.207286190311579,0.6,15,04,46190764,NA
Gm04_46104694,46104694,0,0,64,151,2,0,-0.0454068791946309,0.700460829493088,0.209617278873023,0.207286190311579,0.6,15,04,46190764,NA
Gm04_46105743,46105743,0,0,185,27,5,0,0.111622073578595,0.135944700460829,0.140797374762567,0.13736390872265,0.6,15,04,46190764,NA
Gm04_46105802,46105802,0,0,187,26,4,0,0.104086021505376,0.129032258064516,0.136917800532136,0.133604149310085,0.6,15,04,46190764,NA
Gm04_46106184,46106184,0,0,187,26,4,0,0.104086021505376,0.129032258064516,0.136917800532136,0.133604149310085,0.6,15,04,46190764,NA
Gm04_46106861,46106861,0,0,200,13,4,0,-0.0613830613830613,0.0691244239631336,0.111926345768582,0.109636124654872,0.6,15,04,46190764,NA
Gm04_46107102,46107102,0,0,72,143,2,0,0,0.663594470046083,0.207493389001706,0.206125232020383,0.6,15,04,46190764,NA
Gm04_46107211,46107211,0,0,200,13,4,0,-0.0613830613830613,0.0691244239631336,0.111926345768582,0.109636124654872,0.6,15,04,46190764,NA
Gm04_46107281,46107281,0,0,200,13,4,0,-0.0613830613830613,0.0691244239631336,0.111926345768582,0.109636124654872,0.6,15,04,46190764,NA
Gm04_46107333,46107333,0,0,201,13,3,0,-0.0579822187862389,0.0668202764976959,0.11436592433167,0.112112295919214,0.6,15,04,46190764,NA
Gm04_46107716,46107716,0,0,201,13,3,0,-0.0579822187862389,0.0668202764976959,0.11436592433167,0.112112295919214,0.6,15,04,46190764,NA
Gm04_46107907,46107907,0,0,201,13,3,0,-0.0579822187862389,0.0668202764976959,0.11436592433167,0.112112295919214,0.6,15,04,46190764,NA
Gm04_46108041,46108041,0,0,200,13,4,0,-0.0613830613830613,0.0691244239631336,0.111926345768582,0.109636124654872,0.6,15,04,46190764,NA
Gm04_46108532,46108532,0,0,198,16,3,0,0.221938775510204,0.0806451612903226,0.0976350884829443,0.0945881634837607,0.6,15,04,46190764,NA
Gm04_46108706,46108706,0,0,198,16,3,0,0.221938775510204,0.0806451612903226,0.0976350884829443,0.0945881634837607,0.6,15,04,46190764,NA
Gm04_46108720,46108720,0,0,198,16,3,0,0.221938775510204,0.0806451612903226,0.0976350884829443,0.0945881634837607,0.6,15,04,46190764,NA
Gm04_46109179,46109179,0,0,199,17,1,0,0.0409077336518362,0.0806451612903226,0.0991682744673519,0.0959016248860085,0.6,15,04,46190764,NA
Gm04_46109206,46109206,4,MG4,86,127,4,0,-0.0236227824463118,0.594470046082949,0.978141294117647,0.98091925,0.6,15,04,46190764,Gm04_46190764_MG4
Gm04_46112077,46112077,0,0,199,17,1,0,0.0358315915198566,0.0806451612903226,0.0987645100414991,0.0954221039198547,0.6,15,04,46190764,NA
Gm04_46112091,46112091,0,0,199,17,1,0,0.0358315915198566,0.0806451612903226,0.0987645100414991,0.0954221039198547,0.6,15,04,46190764,NA
Gm04_46112183,46112183,0,0,58,158,1,0,0.0179045092838197,0.730414746543779,0.231183566523555,0.227821345048923,0.6,15,04,46190764,NA
Gm04_46112240,46112240,4,MG4,85,129,3,0,-0.0145089285714286,0.601382488479263,0.991304176470588,0.99461825,0.6,15,04,46190764,Gm04_46190764_MG4
Gm04_46112276,46112276,4,MG4,85,129,3,0,-0.0145089285714286,0.601382488479263,0.991304176470588,0.99461825,0.6,15,04,46190764,Gm04_46190764_MG4
Gm04_46112300,46112300,4,MG4,85,129,3,0,-0.0145089285714286,0.601382488479263,0.991304176470588,0.99461825,0.6,15,04,46190764,Gm04_46190764_MG4
Gm04_46112320,46112320,4,MG4,85,129,3,0,-0.0145089285714286,0.601382488479263,0.991304176470588,0.99461825,0.6,15,04,46190764,Gm04_46190764_MG4
Gm04_46112321,46112321,4,MG4,85,129,3,0,-0.0145089285714286,0.601382488479263,0.991304176470588,0.99461825,0.6,15,04,46190764,Gm04_46190764_MG4
Gm04_46112374,46112374,0,0,199,17,1,0,0.0358315915198566,0.0806451612903226,0.0987645100414991,0.0954221039198547,0.6,15,04,46190764,NA
Gm04_46112395,46112395,4,MG4,86,128,3,0,-0.020935618341825,0.596774193548387,0.981211411764706,0.9850489375,0.6,15,04,46190764,Gm04_46190764_MG4
Gm04_46112428,46112428,4,MG4,86,128,3,0,-0.020935618341825,0.596774193548387,0.981211411764706,0.9850489375,0.6,15,04,46190764,Gm04_46190764_MG4
Gm04_46112444,46112444,4,MG4,86,128,3,0,-0.020935618341825,0.596774193548387,0.981211411764706,0.9850489375,0.6,15,04,46190764,Gm04_46190764_MG4
Gm04_46112467,46112467,0,0,59,157,1,0,0.00995079278294142,0.725806451612903,0.229996697068223,0.226778296695726,0.6,15,04,46190764,NA
Gm04_46112501,46112501,0,0,68,147,2,0,-0.00725822940094045,0.682027649769585,0.213529929946858,0.211796812787009,0.6,15,04,46190764,NA
Gm04_46112515,46112515,0,0,68,147,2,0,-0.00725822940094045,0.682027649769585,0.213529929946858,0.211796812787009,0.6,15,04,46190764,NA
Gm04_46112581,46112581,0,0,78,137,2,0,-0.0542398777692896,0.63594470046083,0.213743940036266,0.212155952598632,0.6,15,04,46190764,NA
Gm04_46112593,46112593,4,MG4,85,129,3,0,-0.0145089285714286,0.601382488479263,0.991304176470588,0.99461825,0.6,15,04,46190764,Gm04_46190764_MG4
Gm04_46112618,46112618,4,MG4,85,129,3,0,-0.0145089285714286,0.601382488479263,0.991304176470588,0.99461825,0.6,15,04,46190764,Gm04_46190764_MG4
Gm04_46112816,46112816,4,MG4,85,129,3,0,-0.0145089285714286,0.601382488479263,0.991304176470588,0.99461825,0.6,15,04,46190764,Gm04_46190764_MG4
Gm04_46112839,46112839,4,MG4,85,129,3,0,-0.0145089285714286,0.601382488479263,0.991304176470588,0.99461825,0.6,15,04,46190764,Gm04_46190764_MG4
Gm04_46113180,46113180,0,0,75,141,1,0,0.00239808153477217,0.652073732718894,0.209861746964363,0.208268649516496,0.6,15,04,46190764,NA
Gm04_46113240,46113240,0,0,200,17,0,0,0.0392156862745097,0.0783410138248848,0.100354768945611,0.0969902393345391,0.6,15,04,46190764,NA
Gm04_46113282,46113282,4,MG4,85,129,3,0,-0.0145089285714286,0.601382488479263,0.991304176470588,0.99461825,0.6,15,04,46190764,Gm04_46190764_MG4
Gm04_46113619,46113619,0,0,75,141,1,0,0.00239808153477217,0.652073732718894,0.209861746964363,0.208268649516496,0.6,15,04,46190764,NA
Gm04_46113632,46113632,4,MG4,85,129,3,0,-0.0145089285714286,0.601382488479263,0.991304176470588,0.99461825,0.6,15,04,46190764,Gm04_46190764_MG4
Gm04_46113694,46113694,4,MG4,85,130,2,0,-0.019656699889258,0.603686635944701,0.987672882352941,0.9904588125,0.6,15,04,46190764,Gm04_46190764_MG4
Gm04_46114016,46114016,0,0,57,159,1,0,0.026036428651246,0.735023041474654,0.234422033280377,0.231076550012256,0.6,15,04,46190764,NA
Gm04_46114108,46114108,0,0,57,159,1,0,0.026036428651246,0.735023041474654,0.234422033280377,0.231076550012256,0.6,15,04,46190764,NA
Gm04_46114401,46114401,0,0,58,157,2,0,0.0222469410456063,0.728110599078341,0.23202641580842,0.228836658179983,0.6,15,04,46190764,NA
Gm04_46114406,46114406,0,0,58,157,2,0,0.0222469410456063,0.728110599078341,0.23202641580842,0.228836658179983,0.6,15,04,46190764,NA
Gm04_46115879,46115879,0,0,60,155,2,0,0.0143077261721329,0.71889400921659,0.228406670580029,0.225412084023549,0.6,15,04,46190764,NA
Gm04_46115916,46115916,0,0,195,20,2,0,0.147150259067357,0.0967741935483871,0.0607326149068447,0.0592770610459017,0.6,15,04,46190764,NA
Gm04_46116253,46116253,5,MG5,95,119,3,0,-0.0283086909484314,0.555299539170507,0.975556347826087,0.9807467,0.6,15,04,46190764,Gm04_46190764_MG5
Gm04_46116542,46116542,0,0,88,126,3,0,-0.00916422287390017,0.587557603686636,0.211567420869623,0.211376195306632,0.6,15,04,46190764,NA
Gm04_46116619,46116619,5,MG5,95,119,3,0,-0.0283086909484314,0.555299539170507,0.975556347826087,0.9807467,0.6,15,04,46190764,Gm04_46190764_MG5
Gm04_46116678,46116678,0,0,64,151,2,0,0,0.700460829493088,0.221304778719892,0.218996308883727,0.6,15,04,46190764,NA
Gm04_46116714,46116714,0,0,64,151,2,0,0,0.700460829493088,0.221304778719892,0.218996308883727,0.6,15,04,46190764,NA
Gm04_46116853,46116853,0,0,65,150,2,0,-0.00744546979865768,0.695852534562212,0.226041517600359,0.22370679621094,0.6,15,04,46190764,NA
Gm04_46116960,46116960,0,0,185,31,1,0,0.048475233562489,0.145161290322581,0.0868554671141867,0.0848550040728239,0.6,15,04,46190764,NA
Gm04_46117020,46117020,0,0,65,150,2,0,-0.00744546979865768,0.695852534562212,0.226041517600359,0.22370679621094,0.6,15,04,46190764,NA
Gm04_46117699,46117699,0,0,58,157,2,0,0.0157953281423804,0.728110599078341,0.238953869160862,0.235657996483077,0.6,15,04,46190764,NA
Gm04_46117706,46117706,0,0,195,20,2,0,0.147150259067357,0.0967741935483871,0.0607326149068447,0.0592770610459017,0.6,15,04,46190764,NA
Gm04_46117902,46117902,5,MG5,96,118,3,0,-0.0346378767431399,0.550691244239631,0.990793695652174,0.99559495,0.6,15,04,46190764,Gm04_46190764_MG5
Gm04_46117966,46117966,0,0,185,31,1,0,0.048475233562489,0.145161290322581,0.0868554671141867,0.0848550040728239,0.6,15,04,46190764,NA
Gm04_46118016,46118016,0,0,75,140,2,0,0.0276103441571067,0.649769585253456,0.225814036915619,0.224865868994872,0.6,15,04,46190764,NA
Gm04_46118154,46118154,5,MG5,96,118,3,0,-0.0346378767431399,0.550691244239631,0.990793695652174,0.99559495,0.6,15,04,46190764,Gm04_46190764_MG5
Gm04_46118228,46118228,5,MG5,96,118,3,0,-0.0346378767431399,0.550691244239631,0.990793695652174,0.99559495,0.6,15,04,46190764,Gm04_46190764_MG5
Gm04_46118229,46118229,5,MG5,96,118,3,0,-0.0346378767431399,0.550691244239631,0.990793695652174,0.99559495,0.6,15,04,46190764,Gm04_46190764_MG5
Gm04_46118439,46118439,0,0,89,125,3,0,-0.015620718004933,0.58294930875576,0.216220534688276,0.216069330344222,0.6,15,04,46190764,NA
Gm04_46118513,46118513,5,MG5,96,117,4,0,-0.0376588021778583,0.548387096774194,0.986901608695652,0.99138645,0.6,15,04,46190764,Gm04_46190764_MG5
Gm04_46118531,46118531,5,MG5,96,118,3,0,-0.0346378767431399,0.550691244239631,0.990793695652174,0.99559495,0.6,15,04,46190764,Gm04_46190764_MG5
Gm04_46118547,46118547,5,MG5,98,116,3,0,-0.0472433886149708,0.54147465437788,0.965631217391304,0.9708195,0.6,15,04,46190764,Gm04_46190764_MG5
Gm04_46118989,46118989,5,MG5,96,118,3,0,-0.0346378767431399,0.550691244239631,0.990793695652174,0.99559495,0.6,15,04,46190764,Gm04_46190764_MG5
Gm04_46118990,46118990,0,0,92,121,4,0,-0.0229853479853479,0.566820276497696,0.223159486701436,0.223100997081538,0.6,15,04,46190764,NA
Gm04_46119384,46119384,0,0,75,139,3,0,-0.0577751664708186,0.647465437788018,0.222181960578978,0.220232192098275,0.6,15,04,46190764,NA
Gm04_46119488,46119488,0,0,75,139,3,0,-0.0577751664708186,0.647465437788018,0.222181960578978,0.220232192098275,0.6,15,04,46190764,NA
Gm04_46119489,46119489,0,0,75,139,3,0,-0.0577751664708186,0.647465437788018,0.222181960578978,0.220232192098275,0.6,15,04,46190764,NA
Gm04_46119500,46119500,0,0,195,20,2,0,-0.0735751295336786,0.0967741935483871,0.0649599402661364,0.0638276073132274,0.6,15,04,46190764,NA
Gm04_46119509,46119509,0,0,75,139,3,0,-0.0577751664708186,0.647465437788018,0.222181960578978,0.220232192098275,0.6,15,04,46190764,NA
Gm04_46119755,46119755,5,MG5,96,118,3,0,-0.0346378767431399,0.550691244239631,0.990793695652174,0.99559495,0.6,15,04,46190764,Gm04_46190764_MG5
Gm04_46119959,46119959,0,0,89,125,3,0,-0.015620718004933,0.58294930875576,0.216220534688276,0.216069330344222,0.6,15,04,46190764,NA
Gm04_46119965,46119965,0,0,89,125,3,0,-0.015620718004933,0.58294930875576,0.216220534688276,0.216069330344222,0.6,15,04,46190764,NA
Gm04_46119986,46119986,0,0,185,31,1,0,0.048475233562489,0.145161290322581,0.0868554671141867,0.0848550040728239,0.6,15,04,46190764,NA
Gm04_46120007,46120007,5,MG5,96,118,3,0,-0.0346378767431399,0.550691244239631,0.990793695652174,0.99559495,0.6,15,04,46190764,Gm04_46190764_MG5
Gm04_46120403,46120403,0,0,92,121,4,0,-0.0229853479853479,0.566820276497696,0.223159486701436,0.223100997081538,0.6,15,04,46190764,NA
Gm04_46120634,46120634,0,0,79,135,3,0,0.0311221090701437,0.629032258064516,0.214086554652112,0.21347794384825,0.6,15,04,46190764,NA
Gm04_46122946,46122946,5,0,99,115,3,0,-0.0472433886149708,0.536866359447005,0.949273347826087,0.224384601113162,0.6,15,04,46190764,NA
Gm04_46123473,46123473,0,0,70,144,3,0,-0.00945674044265599,0.670506912442396,0.227670760904111,0.225498718330923,0.6,15,04,46190764,NA
Gm04_46123774,46123774,0,0,82,131,4,0,0.022602089268756,0.612903225806452,0.218096641202822,0.217731068109354,0.6,15,04,46190764,NA
Gm04_46123805,46123805,0,0,153,59,5,0,-0.0331215970961887,0.283410138248848,0.0830578001936266,0.0835339478937607,0.6,15,04,46190764,NA
Gm04_46123874,46123874,0,0,91,121,5,0,-0.0194444444444444,0.569124423963134,0.22146261651088,0.221397584883009,0.6,15,04,46190764,NA
Gm04_46123885,46123885,0,0,91,121,5,0,-0.0194444444444444,0.569124423963134,0.22146261651088,0.221397584883009,0.6,15,04,46190764,NA
Gm04_46124049,46124049,5,MG5,96,118,3,0,-0.0346378767431399,0.550691244239631,0.990793695652174,0.99559495,0.6,15,04,46190764,Gm04_46190764_MG5
Gm04_46124223,46124223,0,0,79,134,4,0,0.0286728039892596,0.626728110599078,0.213429946983716,0.212918682512701,0.6,15,04,46190764,NA
Gm04_46124561,46124561,0,0,90,124,3,0,-0.022040072859745,0.578341013824885,0.218043302349622,0.217973199878188,0.6,15,04,46190764,NA
Gm04_46124622,46124622,0,0,60,154,3,0,0.00564971751412435,0.716589861751152,0.228246541228707,0.225138716964769,0.6,15,04,46190764,NA
Gm04_46124626,46124626,0,0,82,132,3,0,0.0174347375365187,0.615207373271889,0.211508440910664,0.21099511177306,0.6,15,04,46190764,NA
Gm04_46124642,46124642,0,0,71,142,4,0,-0.0118541033434651,0.663594470046083,0.219692502877504,0.217548458671402,0.6,15,04,46190764,NA
Gm04_46124662,46124662,0,0,60,154,3,0,0.00564971751412435,0.716589861751152,0.228246541228707,0.225138716964769,0.6,15,04,46190764,NA
Gm04_46124667,46124667,0,0,60,154,3,0,0.00564971751412435,0.716589861751152,0.228246541228707,0.225138716964769,0.6,15,04,46190764,NA
Gm04_46124695,46124695,5,MG5,97,117,3,0,-0.040948275862069,0.546082949308756,0.973848565217391,0.9788927,0.6,15,04,46190764,Gm04_46190764_MG5
Gm04_46124718,46124718,0,0,61,152,4,0,0.00220750551876381,0.709677419354839,0.226787378557271,0.223830818895966,0.6,15,04,46190764,NA
Gm04_46124758,46124758,0,0,93,119,5,0,-0.0322402358142961,0.559907834101382,0.217730145288869,0.217618289958803,0.6,15,04,46190764,NA
Gm04_46125074,46125074,5,MG5,96,118,3,0,-0.0346378767431399,0.550691244239631,0.990793695652174,0.99559495,0.6,15,04,46190764,Gm04_46190764_MG5
Gm04_46125077,46125077,5,MG5,96,118,3,0,-0.0346378767431399,0.550691244239631,0.990793695652174,0.99559495,0.6,15,04,46190764,Gm04_46190764_MG5
Gm04_46125900,46125900,6,MG10,193,21,3,0,0.0493642483171277,0.1036866359447,1,1,0.6,15,04,46190764,Gm04_46190764_MG10
Gm04_46126008,46126008,6,MG10,193,21,3,0,0.0493642483171277,0.1036866359447,1,1,0.6,15,04,46190764,Gm04_46190764_MG10
Gm04_46126205,46126205,7,MG11,197,20,0,0,0.0333333333333332,0.0921658986175115,1,1,0.6,15,04,46190764,Gm04_46190764_MG11
Gm04_46126480,46126480,7,MG11,197,20,0,0,0.0333333333333332,0.0921658986175115,1,1,0.6,15,04,46190764,Gm04_46190764_MG11
Gm04_46126541,46126541,6,MG10,193,21,3,0,0.0493642483171277,0.1036866359447,1,1,0.6,15,04,46190764,Gm04_46190764_MG10
Gm04_46126550,46126550,6,MG10,193,21,3,0,0.0493642483171277,0.1036866359447,1,1,0.6,15,04,46190764,Gm04_46190764_MG10
Gm04_46126627,46126627,4,0,86,129,2,0,-0.0261029411764706,0.599078341013825,0.938664352941176,0.232550545080342,0.6,15,04,46190764,NA
Gm04_46126650,46126650,5,MG5,96,118,3,0,-0.0346378767431399,0.550691244239631,0.990793695652174,0.99559495,0.6,15,04,46190764,Gm04_46190764_MG5
Gm04_46126658,46126658,7,MG11,197,20,0,0,0.0333333333333332,0.0921658986175115,1,1,0.6,15,04,46190764,Gm04_46190764_MG11
Gm04_46126660,46126660,7,MG11,197,20,0,0,0.0333333333333332,0.0921658986175115,1,1,0.6,15,04,46190764,Gm04_46190764_MG11
Gm04_46126703,46126703,7,MG11,197,20,0,0,0.0333333333333332,0.0921658986175115,1,1,0.6,15,04,46190764,Gm04_46190764_MG11
Gm04_46126710,46126710,6,MG10,193,21,3,0,0.0493642483171277,0.1036866359447,1,1,0.6,15,04,46190764,Gm04_46190764_MG10
Gm04_46126711,46126711,7,MG11,197,20,0,0,0.0333333333333332,0.0921658986175115,1,1,0.6,15,04,46190764,Gm04_46190764_MG11
Gm04_46126721,46126721,7,MG11,197,20,0,0,0.0333333333333332,0.0921658986175115,1,1,0.6,15,04,46190764,Gm04_46190764_MG11
Gm04_46126811,46126811,0,0,61,153,3,0,-0.00219298245614041,0.711981566820276,0.231797707688079,0.228792604391897,0.6,15,04,46190764,NA
Gm04_46126830,46126830,5,MG5,96,118,3,0,-0.0346378767431399,0.550691244239631,0.990793695652174,0.99559495,0.6,15,04,46190764,Gm04_46190764_MG5
Gm04_46126840,46126840,7,MG11,197,20,0,0,0.0333333333333332,0.0921658986175115,1,1,0.6,15,04,46190764,Gm04_46190764_MG11
Gm04_46126843,46126843,6,MG10,193,21,3,0,0.0493642483171277,0.1036866359447,1,1,0.6,15,04,46190764,Gm04_46190764_MG10
Gm04_46126849,46126849,6,MG10,193,21,3,0,0.0493642483171277,0.1036866359447,1,1,0.6,15,04,46190764,Gm04_46190764_MG10
Gm04_46126870,46126870,6,MG10,193,21,3,0,0.0493642483171277,0.1036866359447,1,1,0.6,15,04,46190764,Gm04_46190764_MG10
Gm04_46126877,46126877,6,MG10,193,21,3,0,0.0493642483171277,0.1036866359447,1,1,0.6,15,04,46190764,Gm04_46190764_MG10
Gm04_46126886,46126886,6,MG10,193,21,3,0,0.0493642483171277,0.1036866359447,1,1,0.6,15,04,46190764,Gm04_46190764_MG10
Gm04_46126930,46126930,0,0,203,11,3,0,-0.13116236996834,0.0576036866359447,0.107009109739057,0.104613282606247,0.6,15,04,46190764,NA
Gm04_46126961,46126961,6,MG10,193,21,3,0,0.0493642483171277,0.1036866359447,1,1,0.6,15,04,46190764,Gm04_46190764_MG10
Gm04_46127090,46127090,7,MG11,197,20,0,0,0.0333333333333332,0.0921658986175115,1,1,0.6,15,04,46190764,Gm04_46190764_MG11
Gm04_46127171,46127171,0,0,61,153,3,0,-0.00219298245614041,0.711981566820276,0.231797707688079,0.228792604391897,0.6,15,04,46190764,NA
Gm04_46127240,46127240,7,MG11,197,20,0,0,0.0333333333333332,0.0921658986175115,1,1,0.6,15,04,46190764,Gm04_46190764_MG11
Gm04_46127260,46127260,6,MG10,193,21,3,0,0.0493642483171277,0.1036866359447,1,1,0.6,15,04,46190764,Gm04_46190764_MG10
Gm04_46127367,46127367,7,MG11,197,20,0,0,0.0333333333333332,0.0921658986175115,1,1,0.6,15,04,46190764,Gm04_46190764_MG11
Gm04_46127463,46127463,5,MG5,96,118,3,0,-0.0346378767431399,0.550691244239631,0.990793695652174,0.99559495,0.6,15,04,46190764,Gm04_46190764_MG5
Gm04_46127474,46127474,6,MG10,193,21,3,0,0.0493642483171277,0.1036866359447,1,1,0.6,15,04,46190764,Gm04_46190764_MG10
Gm04_46127541,46127541,0,0,62,151,4,0,-0.00546448087431695,0.705069124423963,0.230071349422531,0.227326833369829,0.6,15,04,46190764,NA
Gm04_46127852,46127852,7,MG11,197,20,0,0,0.0333333333333332,0.0921658986175115,1,1,0.6,15,04,46190764,Gm04_46190764_MG11
Gm04_46127958,46127958,6,MG10,193,21,3,0,0.0493642483171277,0.1036866359447,1,1,0.6,15,04,46190764,Gm04_46190764_MG10
Gm04_46127964,46127964,0,0,182,31,4,0,0.0485663082437275,0.152073732718894,0.0987209267711099,0.0964406392162533,0.6,15,04,46190764,NA
Gm04_46127971,46127971,5,MG5,96,118,3,0,-0.0346378767431399,0.550691244239631,0.990793695652174,0.99559495,0.6,15,04,46190764,Gm04_46190764_MG5
Gm04_46127997,46127997,6,MG10,193,21,3,0,0.0493642483171277,0.1036866359447,1,1,0.6,15,04,46190764,Gm04_46190764_MG10
Gm04_46128046,46128046,6,MG10,193,21,3,0,0.0493642483171277,0.1036866359447,1,1,0.6,15,04,46190764,Gm04_46190764_MG10
Gm04_46128062,46128062,6,MG10,193,21,3,0,0.0493642483171277,0.1036866359447,1,1,0.6,15,04,46190764,Gm04_46190764_MG10
Gm04_46128152,46128152,0,0,189,27,1,0,0.0658756137479541,0.126728110599078,0.151607354358528,0.148413946799487,0.6,15,04,46190764,NA
Gm04_46128342,46128342,6,MG10,193,21,3,0,0.0493642483171277,0.1036866359447,1,1,0.6,15,04,46190764,Gm04_46190764_MG10
Gm04_46128356,46128356,6,MG10,193,21,3,0,0.0493642483171277,0.1036866359447,1,1,0.6,15,04,46190764,Gm04_46190764_MG10
Gm04_46128431,46128431,6,MG10,193,21,3,0,0.0493642483171277,0.1036866359447,1,1,0.6,15,04,46190764,Gm04_46190764_MG10
Gm04_46128491,46128491,0,0,203,11,3,0,0.252374491180462,0.0576036866359447,0.088883662113465,0.0856615094020513,0.6,15,04,46190764,NA
Gm04_46128500,46128500,6,MG10,193,21,3,0,0.0493642483171277,0.1036866359447,1,1,0.6,15,04,46190764,Gm04_46190764_MG10
Gm04_46128537,46128537,6,MG10,193,21,3,0,0.0493642483171277,0.1036866359447,1,1,0.6,15,04,46190764,Gm04_46190764_MG10
Gm04_46128585,46128585,6,MG10,193,21,3,0,0.0493642483171277,0.1036866359447,1,1,0.6,15,04,46190764,Gm04_46190764_MG10
Gm04_46128588,46128588,0,0,63,151,3,0,-0.010752688172043,0.702764976958525,0.231729911407838,0.228977436957036,0.6,15,04,46190764,NA
Gm04_46128606,46128606,6,MG10,193,21,3,0,0.0493642483171277,0.1036866359447,1,1,0.6,15,04,46190764,Gm04_46190764_MG10
Gm04_46128911,46128911,0,0,203,11,3,0,0.252374491180462,0.0576036866359447,0.088883662113465,0.0856615094020513,0.6,15,04,46190764,NA
Gm04_46129398,46129398,0,0,203,11,3,0,-0.13116236996834,0.0576036866359447,0.107009109739057,0.104613282606247,0.6,15,04,46190764,NA
Gm04_46129583,46129583,0,0,65,149,3,0,0.0194256756756757,0.693548387096774,0.229041777144794,0.226023557863333,0.6,15,04,46190764,NA
Gm04_46129612,46129612,0,0,58,154,5,0,0.0306157550739594,0.721198156682028,0.214642066341759,0.211480907217709,0.6,15,04,46190764,NA
Gm04_46129632,46129632,0,0,69,146,2,0,0.0288032454361056,0.67741935483871,0.217716358996948,0.215159217506496,0.6,15,04,46190764,NA
Gm04_46129645,46129645,0,0,186,30,1,0,0.0369565217391303,0.140552995391705,0.0880329277705925,0.0859189914328547,0.6,15,04,46190764,NA
Gm04_46129702,46129702,0,0,64,149,4,0,0.024882024882025,0.695852534562212,0.227384478345619,0.224371789524547,0.6,15,04,46190764,NA
Gm04_46129727,46129727,0,0,68,147,2,0,0.0145164588018811,0.682027649769585,0.224195312853302,0.221575849947503,0.6,15,04,46190764,NA
Gm04_46129753,46129753,0,0,68,147,2,0,0.0145164588018811,0.682027649769585,0.224195312853302,0.221575849947503,0.6,15,04,46190764,NA
Gm04_46129829,46129829,0,0,78,137,2,0,-0.033899923605806,0.63594470046083,0.222700755927397,0.220376964048821,0.6,15,04,46190764,NA
Gm04_46129853,46129853,0,0,61,152,4,0,0.0487858719646799,0.709677419354839,0.220374878039587,0.217145166680427,0.6,15,04,46190764,NA
Gm04_46130604,46130604,0,0,190,23,4,0,0.177150786308973,0.115207373271889,0.0578547953421418,0.0565237809496974,0.6,15,04,46190764,NA
Gm04_46131695,46131695,0,0,73,139,5,0,0.0211352657004833,0.652073732718894,0.220234085749488,0.218004967303359,0.6,15,04,46190764,NA
Gm04_46131697,46131697,0,0,73,139,5,0,0.0211352657004833,0.652073732718894,0.220234085749488,0.218004967303359,0.6,15,04,46190764,NA
Gm04_46131700,46131700,5,0,98,115,4,0,-0.0122083559413999,0.539170506912442,0.956721304347826,0.232222721849573,0.6,15,04,46190764,NA
Gm04_46131712,46131712,0,0,94,118,5,0,0,0.555299539170507,0.225730283613662,0.225298329659214,0.6,15,04,46190764,NA
Gm04_46131961,46131961,5,0,98,116,3,0,-0.00923352756611395,0.54147465437788,0.960433043478261,0.231997931328889,0.6,15,04,46190764,NA
Gm04_46132515,46132515,0,0,67,146,4,0,0.00995024875621908,0.682027649769585,0.225277954026391,0.222841101355043,0.6,15,04,46190764,NA
Gm04_46132646,46132646,0,0,189,25,3,0,0.102245989304813,0.122119815668203,0.133411970641724,0.129728200132376,0.6,15,04,46190764,NA
Gm04_46133423,46133423,0,0,89,125,3,0,0.0231113547090527,0.58294930875576,0.20908818550246,0.208402837827128,0.6,15,04,46190764,NA
Gm04_46133526,46133526,0,0,67,146,4,0,0.0536898839137645,0.682027649769585,0.219828570123483,0.21700201155347,0.6,15,04,46190764,NA
Gm04_46135964,46135964,0,0,66,148,3,0,0.0417185554171855,0.688940092165899,0.221868256188187,0.21901626597747,0.6,15,04,46190764,NA
Gm04_46136126,46136126,7,MG11,197,20,0,0,0.0333333333333332,0.0921658986175115,1,1,0.6,15,04,46190764,Gm04_46190764_MG11
Gm04_46136224,46136224,0,0,188,28,1,0,0.0406020994256289,0.131336405529954,0.156513514732747,0.153270523258359,0.6,15,04,46190764,NA
Gm04_46136225,46136225,7,MG11,197,20,0,0,0.0333333333333332,0.0921658986175115,1,1,0.6,15,04,46190764,Gm04_46190764_MG11
Gm04_46136286,46136286,7,MG11,197,20,0,0,0.0333333333333332,0.0921658986175115,1,1,0.6,15,04,46190764,Gm04_46190764_MG11
Gm04_46136288,46136288,7,MG11,197,20,0,0,0.0333333333333332,0.0921658986175115,1,1,0.6,15,04,46190764,Gm04_46190764_MG11
Gm04_46136306,46136306,0,0,66,148,3,0,0.0417185554171855,0.688940092165899,0.221868256188187,0.21901626597747,0.6,15,04,46190764,NA
Gm04_46136350,46136350,0,0,75,138,4,0,0.0228841980666799,0.645161290322581,0.208749239430743,0.206834815974229,0.6,15,04,46190764,NA
Gm04_46136386,46136386,0,0,198,19,0,0,0.015843179377014,0.0875576036866359,0.108729032758834,0.105147475459266,0.6,15,04,46190764,NA
Gm04_46136447,46136447,0,0,66,148,3,0,0.0417185554171855,0.688940092165899,0.221868256188187,0.21901626597747,0.6,15,04,46190764,NA
Gm04_46136512,46136512,0,0,75,138,4,0,0.0228841980666799,0.645161290322581,0.208749239430743,0.206834815974229,0.6,15,04,46190764,NA
Gm04_46137111,46137111,0,0,66,148,3,0,0.0417185554171855,0.688940092165899,0.221868256188187,0.21901626597747,0.6,15,04,46190764,NA
Gm04_46137147,46137147,0,0,66,148,3,0,0.0417185554171855,0.688940092165899,0.221868256188187,0.21901626597747,0.6,15,04,46190764,NA
Gm04_46137285,46137285,0,0,78,136,3,0,0.00432900432900429,0.633640552995392,0.215798990693537,0.214151192725299,0.6,15,04,46190764,NA
Gm04_46137315,46137315,0,0,69,145,3,0,0.019154758285193,0.675115207373272,0.225719940041221,0.223207378295658,0.6,15,04,46190764,NA
Gm04_46139443,46139443,0,0,102,112,3,0,0.00330033003300345,0.523041474654378,0.229136057057092,0.228379251300513,0.6,15,04,46190764,NA
Gm04_46139468,46139468,0,0,102,112,3,0,0.00330033003300345,0.523041474654378,0.229136057057092,0.228379251300513,0.6,15,04,46190764,NA
Gm04_46139525,46139525,0,0,195,22,0,0,0.0640602920395668,0.101382488479263,0.10703489331149,0.103787306142735,0.6,15,04,46190764,NA
Gm04_46139587,46139587,0,0,79,135,3,0,0.0380788365862994,0.629032258064516,0.203280202966605,0.200983857024956,0.6,15,04,46190764,NA
Gm04_46139720,46139720,0,0,203,13,1,0,-0.0562571756601606,0.0622119815668203,0.0431191905899677,0.0417728182369436,0.6,15,04,46190764,NA
Gm04_46139770,46139770,0,0,71,144,2,0,0.0492957746478873,0.668202764976959,0.216228675517833,0.213132664040056,0.6,15,04,46190764,NA
Gm04_46140564,46140564,0,0,94,121,2,0,0.0126944394779189,0.56221198156682,0.209587040485817,0.208722617546325,0.6,15,04,46190764,NA
Gm04_46140612,46140612,0,0,70,144,3,0,0.0545271629778672,0.670506912442396,0.214360377792585,0.211269968599094,0.6,15,04,46190764,NA
Gm04_46140642,46140642,0,0,81,134,2,0,0.079685746352413,0.622119815668203,0.198344924662106,0.196780094329561,0.6,15,04,46190764,NA
Gm04_46140687,46140687,0,0,102,112,3,0,0.00330033003300345,0.523041474654378,0.229136057057092,0.228379251300513,0.6,15,04,46190764,NA
Gm04_46140980,46140980,0,0,184,32,1,0,0.0171703296703296,0.149769585253456,0.125305866261741,0.121373461705624,0.6,15,04,46190764,NA
Gm04_46141069,46141069,0,0,71,143,3,0,0.054140445509939,0.665898617511521,0.202948178494434,0.201458623455385,0.6,15,04,46190764,NA
Gm04_46141906,46141906,0,0,193,22,2,0,0.113041408852927,0.105990783410138,0.104614499539569,0.101105905219726,0.6,15,04,46190764,NA
Gm04_46141907,46141907,0,0,193,22,2,0,0.113041408852927,0.105990783410138,0.104614499539569,0.101105905219726,0.6,15,04,46190764,NA
Gm04_46142006,46142006,0,0,194,22,1,0,0.111268939393939,0.1036866359447,0.105634021378636,0.102056073432308,0.6,15,04,46190764,NA
Gm04_46142285,46142285,0,0,193,22,2,0,0.113041408852927,0.105990783410138,0.104614499539569,0.101105905219726,0.6,15,04,46190764,NA
Gm04_46142440,46142440,0,0,125,83,9,0,0.0297010228166796,0.403225806451613,0.116120543915099,0.11452444537694,0.6,15,04,46190764,NA
Gm04_46142854,46142854,0,0,115,95,7,0,0.0423665546845837,0.453917050691244,0.095291812724237,0.0944167011169231,0.6,15,04,46190764,NA
Gm04_46143003,46143003,0,0,198,18,1,0,-0.0868916094356524,0.0852534562211982,0.140110665182391,0.139219535395884,0.6,15,04,46190764,NA
Gm04_46145642,46145642,0,0,47,167,3,0,0.0404900064474532,0.776497695852535,0.242681512218312,0.238903149924103,0.6,15,04,46190764,NA
Gm04_46145951,46145951,0,0,44,168,5,0,0.0383351588170864,0.785714285714286,0.242568939691634,0.238783486680752,0.6,15,04,46190764,NA
Gm04_46146456,46146456,0,0,133,78,6,0,-0.024891774891775,0.373271889400922,0.0998386293234007,0.0992260371233063,0.6,15,04,46190764,NA
Gm04_46146632,46146632,0,0,122,84,11,0,0.0421188887782535,0.412442396313364,0.112923507831526,0.111441429841128,0.6,15,04,46190764,NA
Gm04_46146877,46146877,0,0,123,83,11,0,0.0353858456617353,0.407834101382488,0.112668687155066,0.111133888111576,0.6,15,04,46190764,NA
Gm04_46146898,46146898,0,0,123,83,11,0,0.0353858456617353,0.407834101382488,0.112668687155066,0.111133888111576,0.6,15,04,46190764,NA
Gm04_46146930,46146930,0,0,123,83,11,0,0.0353858456617353,0.407834101382488,0.112668687155066,0.111133888111576,0.6,15,04,46190764,NA
Gm04_46146938,46146938,0,0,123,83,11,0,0.0353858456617353,0.407834101382488,0.112668687155066,0.111133888111576,0.6,15,04,46190764,NA
Gm04_46147046,46147046,0,0,44,168,5,0,0.0383351588170864,0.785714285714286,0.242568939691634,0.238783486680752,0.6,15,04,46190764,NA
Gm04_46147092,46147092,0,0,183,30,4,0,-0.0551345206517622,0.147465437788018,0.128813918428016,0.126671350725479,0.6,15,04,46190764,NA
Gm04_46147176,46147176,0,0,123,83,11,0,0.0353858456617353,0.407834101382488,0.112668687155066,0.111133888111576,0.6,15,04,46190764,NA
Gm04_46147236,46147236,0,0,156,54,7,0,0.0793650793650795,0.264976958525346,0.0900352788143268,0.0928098829326154,0.6,15,04,46190764,NA
Gm04_46147321,46147321,0,0,185,30,2,0,-0.0586581709145428,0.142857142857143,0.130848347960862,0.128594379494359,0.6,15,04,46190764,NA
Gm04_46147639,46147639,0,0,111,101,5,0,0.0127168680170768,0.476958525345622,0.214752840334973,0.213400425310393,0.6,15,04,46190764,NA
Gm04_46148011,46148011,0,0,129,81,7,0,-0.0296875000000001,0.389400921658986,0.112566366183339,0.110423322827556,0.6,15,04,46190764,NA
Gm04_46148161,46148161,0,0,46,168,3,0,0.0225248821372446,0.78110599078341,0.246245001109515,0.242412374389744,0.6,15,04,46190764,NA
Gm04_46148193,46148193,0,0,130,84,3,0,0.0476323900252171,0.394009216589862,0.104916928803293,0.105545818976297,0.6,15,04,46190764,NA
Gm04_46148337,46148337,0,0,64,148,5,0,0.0453514739229026,0.693548387096774,0.212395032154578,0.211551510615556,0.6,15,04,46190764,NA
Gm04_46149554,46149554,0,0,106,110,1,0,-0.00944055944055955,0.509216589861751,0.206963610152603,0.206440332186325,0.6,15,04,46190764,NA
Gm04_46149578,46149578,0,0,49,168,0,0,0.0216375706909269,0.774193548387097,0.246233875958707,0.242515373690598,0.6,15,04,46190764,NA
Gm04_46149638,46149638,0,0,177,36,4,0,0.0266233766233765,0.175115207373272,0.0940631189834829,0.0917827887307692,0.6,15,04,46190764,NA
Gm04_46149646,46149646,0,0,85,128,4,0,-0.00524934383202114,0.599078341013825,0.224632577561939,0.220516744123077,0.6,15,04,46190764,NA
Gm04_46149708,46149708,0,0,176,37,4,0,0.0373015873015872,0.179723502304147,0.0971497948234614,0.0947356256993026,0.6,15,04,46190764,NA
Gm04_46149733,46149733,0,0,67,149,1,0,0.046068796068796,0.688940092165899,0.214841047101975,0.213884012027009,0.6,15,04,46190764,NA
Gm04_46149756,46149756,0,0,49,168,0,0,0.0216375706909269,0.774193548387097,0.246584776572352,0.242758480428718,0.6,15,04,46190764,NA
Gm04_46149957,46149957,0,0,127,89,1,0,-0.00907865168539312,0.412442396313364,0.221023509533214,0.220444107452991,0.6,15,04,46190764,NA
Gm04_46150425,46150425,0,0,107,109,1,0,0.02175622542595,0.504608294930876,0.210056807153142,0.209847755452137,0.6,15,04,46190764,NA
Gm04_46150625,46150625,0,0,198,18,1,0,-0.0868916094356524,0.0852534562211982,0.140110665182391,0.139219535395884,0.6,15,04,46190764,NA
Gm04_46150708,46150708,0,0,48,169,0,0,0.030813373253493,0.778801843317972,0.247770600091562,0.243904275471795,0.6,15,04,46190764,NA
Gm04_46150747,46150747,0,0,198,18,1,0,-0.0868916094356524,0.0852534562211982,0.140110665182391,0.139219535395884,0.6,15,04,46190764,NA
Gm04_46151021,46151021,0,0,176,38,3,0,0.0455598455598454,0.182027649769585,0.0981167412352391,0.0956809584756038,0.6,15,04,46190764,NA
Gm04_46151046,46151046,0,0,198,18,1,0,-0.0868916094356524,0.0852534562211982,0.140110665182391,0.139219535395884,0.6,15,04,46190764,NA
Gm04_46151278,46151278,0,0,128,88,1,0,-0.0155122655122655,0.407834101382488,0.218439928994614,0.217815586847863,0.6,15,04,46190764,NA
Gm04_46151368,46151368,0,0,107,109,1,0,0.02175622542595,0.504608294930876,0.210056807153142,0.209847755452137,0.6,15,04,46190764,NA
Gm04_46151567,46151567,0,0,176,38,3,0,0.0455598455598454,0.182027649769585,0.0981167412352391,0.0956809584756038,0.6,15,04,46190764,NA
Gm04_46151601,46151601,0,0,107,109,1,0,0.02175622542595,0.504608294930876,0.210056807153142,0.209847755452137,0.6,15,04,46190764,NA
Gm04_46151622,46151622,0,0,198,18,1,0,-0.0868916094356524,0.0852534562211982,0.140110665182391,0.139219535395884,0.6,15,04,46190764,NA
Gm04_46151637,46151637,0,0,176,38,3,0,0.0455598455598454,0.182027649769585,0.0981167412352391,0.0956809584756038,0.6,15,04,46190764,NA
Gm04_46151666,46151666,0,0,108,108,1,0,0.0155485674353597,0.5,0.207345158698384,0.207067439475214,0.6,15,04,46190764,NA
Gm04_46151752,46151752,0,0,197,19,1,0,-0.123015873015873,0.0898617511520737,0.140892514011675,0.14071123214445,0.6,15,04,46190764,NA
Gm04_46151753,46151753,0,0,107,109,1,0,0.02175622542595,0.504608294930876,0.210056807153142,0.209847755452137,0.6,15,04,46190764,NA
Gm04_46151894,46151894,0,0,66,149,2,0,0.0584199584199585,0.691244239631336,0.212734255587576,0.212007697713299,0.6,15,04,46190764,NA
Gm04_46152046,46152046,0,0,48,169,0,0,0.030813373253493,0.778801843317972,0.247770600091562,0.243904275471795,0.6,15,04,46190764,NA
Gm04_46152626,46152626,0,0,48,169,0,0,0.030813373253493,0.778801843317972,0.247770600091562,0.243904275471795,0.6,15,04,46190764,NA
Gm04_46153016,46153016,0,0,48,169,0,0,0.030813373253493,0.778801843317972,0.247770600091562,0.243904275471795,0.6,15,04,46190764,NA
Gm04_46153147,46153147,0,0,48,169,0,0,0.030813373253493,0.778801843317972,0.247770600091562,0.243904275471795,0.6,15,04,46190764,NA
Gm04_46153354,46153354,0,0,183,33,1,0,-0.0646924026088491,0.154377880184332,0.134869013050628,0.133437968904615,0.6,15,04,46190764,NA
Gm04_46153424,46153424,0,0,93,123,1,0,0.0154560886268202,0.569124423963134,0.234581106286912,0.233139357609932,0.6,15,04,46190764,NA
Gm04_46153468,46153468,0,0,92,124,1,0,0.00268817204301075,0.573732718894009,0.23448037267018,0.233194335003915,0.6,15,04,46190764,NA
Gm04_46153494,46153494,0,0,203,13,1,0,0.0256410256410255,0.0622119815668203,0.0542874442771562,0.0522421864165915,0.6,15,04,46190764,NA
Gm04_46153598,46153598,0,0,203,13,1,0,0.0256410256410255,0.0622119815668203,0.0542874442771562,0.0522421864165915,0.6,15,04,46190764,NA
Gm04_46153801,46153801,0,0,203,13,1,0,0.0256410256410255,0.0622119815668203,0.0542874442771562,0.0522421864165915,0.6,15,04,46190764,NA
Gm04_46153839,46153839,0,0,203,13,1,0,0.0256410256410255,0.0622119815668203,0.0542874442771562,0.0522421864165915,0.6,15,04,46190764,NA
Gm04_46153862,46153862,0,0,203,13,1,0,0.0256410256410255,0.0622119815668203,0.0542874442771562,0.0522421864165915,0.6,15,04,46190764,NA
Gm04_46154164,46154164,0,0,180,36,1,0,0.0649188514357055,0.168202764976959,0.0996807273164201,0.0970185090346085,0.6,15,04,46190764,NA
Gm04_46154748,46154748,0,0,106,110,1,0,-0.00944055944055955,0.509216589861751,0.209353820948115,0.209180702899316,0.6,15,04,46190764,NA
Gm04_46154834,46154834,0,0,105,111,1,0,-0.00323624595469241,0.513824884792627,0.20729405392482,0.207156977224145,0.6,15,04,46190764,NA
Gm04_46155022,46155022,0,0,96,118,3,0,-0.0513649425287357,0.550691244239631,0.215740854030754,0.21189211452159,0.6,15,04,46190764,NA
Gm04_46155033,46155033,0,0,96,118,3,0,-0.0513649425287357,0.550691244239631,0.215740854030754,0.21189211452159,0.6,15,04,46190764,NA
Gm04_46155037,46155037,0,0,96,118,3,0,-0.0513649425287357,0.550691244239631,0.215740854030754,0.21189211452159,0.6,15,04,46190764,NA
Gm04_46155232,46155232,0,0,84,132,1,0,-0.0562271062271062,0.610599078341014,0.229801310976661,0.225244429596581,0.6,15,04,46190764,NA
Gm04_46155247,46155247,0,0,84,132,1,0,-0.0562271062271062,0.610599078341014,0.229801310976661,0.225244429596581,0.6,15,04,46190764,NA
Gm04_46155405,46155405,0,0,182,34,1,0,-0.0195741758241759,0.158986175115207,0.165708099473465,0.162908741720889,0.6,15,04,46190764,NA
Gm04_46155975,46155975,0,0,203,12,2,0,-0.00497512437810932,0.0599078341013825,0.0584487182814722,0.0562076083339829,0.6,15,04,46190764,NA
Gm04_46156055,46156055,0,0,205,11,1,0,0.153157187639946,0.0529953917050691,0.093930784075404,0.0906469262393162,0.6,15,04,46190764,NA
Gm04_46156329,46156329,0,0,203,12,2,0,-0.00497512437810932,0.0599078341013825,0.0584487182814722,0.0562076083339829,0.6,15,04,46190764,NA
Gm04_46156343,46156343,0,0,194,23,0,0,-0.108983799705449,0.105990783410138,0.144893492302029,0.14512878412347,0.6,15,04,46190764,NA
Gm04_46156415,46156415,0,0,182,34,1,0,-0.0195741758241759,0.158986175115207,0.165708099473465,0.162908741720889,0.6,15,04,46190764,NA
Gm04_46156430,46156430,0,0,182,34,1,0,-0.0195741758241759,0.158986175115207,0.165708099473465,0.162908741720889,0.6,15,04,46190764,NA
Gm04_46156480,46156480,0,0,182,34,1,0,-0.0195741758241759,0.158986175115207,0.165708099473465,0.162908741720889,0.6,15,04,46190764,NA
Gm04_46156503,46156503,0,0,205,11,1,0,0.153157187639946,0.0529953917050691,0.093930784075404,0.0906469262393162,0.6,15,04,46190764,NA
Gm04_46156610,46156610,0,0,194,23,0,0,-0.108983799705449,0.105990783410138,0.144893492302029,0.14512878412347,0.6,15,04,46190764,NA
Gm04_46156754,46156754,0,0,83,133,1,0,-0.0696219994481744,0.615207373271889,0.23257826902693,0.227989751193162,0.6,15,04,46190764,NA
Gm04_46156881,46156881,0,0,191,25,1,0,0.0586243386243386,0.117511520737327,0.106871917659066,0.103328107412137,0.6,15,04,46190764,NA
Gm04_46157093,46157093,0,0,107,108,2,0,-0.0876388643978134,0.502304147465438,0.21008960581167,0.207105480405299,0.6,15,04,46190764,NA
Gm04_46157118,46157118,0,0,203,13,1,0,0.0256410256410255,0.0622119815668203,0.0542874442771562,0.0522421864165915,0.6,15,04,46190764,NA
Gm04_46157161,46157161,0,0,194,23,0,0,-0.108983799705449,0.105990783410138,0.144893492302029,0.14512878412347,0.6,15,04,46190764,NA
Gm04_46157177,46157177,0,0,194,23,0,0,-0.108983799705449,0.105990783410138,0.144893492302029,0.14512878412347,0.6,15,04,46190764,NA
Gm04_46157185,46157185,0,0,205,11,1,0,0.153157187639946,0.0529953917050691,0.093930784075404,0.0906469262393162,0.6,15,04,46190764,NA
Gm04_46157305,46157305,0,0,129,86,2,0,-0.0455044863578098,0.400921658986175,0.23465232470377,0.234367065666667,0.6,15,04,46190764,NA
Gm04_46157421,46157421,0,0,81,134,2,0,-0.0521885521885521,0.622119815668203,0.234909124220916,0.23037881947188,0.6,15,04,46190764,NA
Gm04_46157436,46157436,0,0,82,133,2,0,-0.0584621113386705,0.617511520737327,0.236553057606445,0.231987892456051,0.6,15,04,46190764,NA
Gm04_46157589,46157589,0,0,185,32,0,0,-0.11981981981982,0.147465437788018,0.133306101121131,0.13186973064012,0.6,15,04,46190764,NA
Gm04_46157682,46157682,0,0,185,32,0,0,-0.11981981981982,0.147465437788018,0.133306101121131,0.13186973064012,0.6,15,04,46190764,NA
Gm04_46158045,46158045,0,0,205,11,1,0,0.153157187639946,0.0529953917050691,0.093930784075404,0.0906469262393162,0.6,15,04,46190764,NA
Gm04_46158913,46158913,0,0,83,132,2,0,-0.0646895273401298,0.612903225806452,0.233631014569479,0.22905529677812,0.6,15,04,46190764,NA
Gm04_46159532,46159532,0,0,201,14,2,0,0.198851399856425,0.0691244239631336,0.0867236583921147,0.0835879827134323,0.6,15,04,46190764,NA
Gm04_46159646,46159646,0,0,91,124,2,0,-0.0365699873896594,0.576036866359447,0.2208068569134,0.216495778462844,0.6,15,04,46190764,NA
Gm04_46159827,46159827,0,0,129,86,2,0,-0.0455044863578098,0.400921658986175,0.23465232470377,0.234367065666667,0.6,15,04,46190764,NA
Gm04_46159970,46159970,0,0,194,22,1,0,-0.130412371134021,0.1036866359447,0.144418085352298,0.144585039215778,0.6,15,04,46190764,NA
Gm04_46161113,46161113,0,0,190,26,1,0,-0.0486842105263159,0.122119815668203,0.140465790970675,0.140690861932762,0.6,15,04,46190764,NA
Gm04_46161450,46161450,0,0,190,26,1,0,-0.0486842105263159,0.122119815668203,0.140465790970675,0.140690861932762,0.6,15,04,46190764,NA
Gm04_46161563,46161563,0,0,129,86,2,0,-0.0455044863578098,0.400921658986175,0.23465232470377,0.234367065666667,0.6,15,04,46190764,NA
Gm04_46161668,46161668,0,0,195,21,1,0,0.0458919319022946,0.0990783410138249,0.102132681903842,0.0990116077956239,0.6,15,04,46190764,NA
Gm04_46161672,46161672,0,0,54,160,3,0,-0.0206282231598687,0.744239631336406,0.231964940633788,0.227454070159009,0.6,15,04,46190764,NA
Gm04_46161675,46161675,0,0,54,160,3,0,-0.0206282231598687,0.744239631336406,0.231964940633788,0.227454070159009,0.6,15,04,46190764,NA
Gm04_46161910,46161910,0,0,54,160,3,0,-0.0206282231598687,0.744239631336406,0.231964940633788,0.227454070159009,0.6,15,04,46190764,NA
Gm04_46162010,46162010,0,0,54,160,3,0,-0.0206282231598687,0.744239631336406,0.231964940633788,0.227454070159009,0.6,15,04,46190764,NA
Gm04_46162055,46162055,0,0,76,139,2,0,-0.0272762197464462,0.645161290322581,0.203328673966212,0.199781424784923,0.6,15,04,46190764,NA
Gm04_46162227,46162227,8,MG6,108,106,3,0,-0.0377358490566038,0.495391705069124,0.98328488,0.986392681818182,0.6,15,04,46190764,Gm04_46190764_MG6
Gm04_46162385,46162385,8,MG6,107,107,3,0,-0.0315086782376501,0.5,0.98114328,0.984759090909091,0.6,15,04,46190764,Gm04_46190764_MG6
Gm04_46162636,46162636,8,MG6,108,106,3,0,-0.0377358490566038,0.495391705069124,0.98328488,0.986392681818182,0.6,15,04,46190764,Gm04_46190764_MG6
Gm04_46162971,46162971,8,MG6,107,107,3,0,-0.0315086782376501,0.5,0.98114328,0.984759090909091,0.6,15,04,46190764,Gm04_46190764_MG6
Gm04_46163018,46163018,0,0,54,160,3,0,-0.0206282231598687,0.744239631336406,0.231964940633788,0.227454070159009,0.6,15,04,46190764,NA
Gm04_46163036,46163036,8,MG6,108,106,3,0,-0.0377358490566038,0.495391705069124,0.98328488,0.986392681818182,0.6,15,04,46190764,Gm04_46190764_MG6
Gm04_46163098,46163098,8,MG6,107,107,3,0,-0.0315086782376501,0.5,0.98114328,0.984759090909091,0.6,15,04,46190764,Gm04_46190764_MG6
Gm04_46163118,46163118,8,0,104,108,5,0,-0.0288671023965141,0.509216589861751,0.95630232,0.206197099219607,0.6,15,04,46190764,NA
Gm04_46163173,46163173,8,MG6,107,107,3,0,-0.0315086782376501,0.5,0.98114328,0.984759090909091,0.6,15,04,46190764,Gm04_46190764_MG6
Gm04_46163184,46163184,8,MG6,107,107,3,0,-0.0315086782376501,0.5,0.98114328,0.984759090909091,0.6,15,04,46190764,Gm04_46190764_MG6
Gm04_46163332,46163332,0,0,182,33,2,0,0.0245165745856353,0.15668202764977,0.0663340379011688,0.0646335190717111,0.6,15,04,46190764,NA
Gm04_46163378,46163378,0,0,202,15,0,0,-0.105188343994314,0.0691244239631336,0.115724641638779,0.114909508688547,0.6,15,04,46190764,NA
Gm04_46163809,46163809,0,0,202,15,0,0,-0.105188343994314,0.0691244239631336,0.115724641638779,0.114909508688547,0.6,15,04,46190764,NA
Gm04_46164002,46164002,8,MG6,108,106,3,0,-0.0377358490566038,0.495391705069124,0.97007904,0.974676863636364,0.6,15,04,46190764,Gm04_46190764_MG6
Gm04_46164166,46164166,0,0,54,160,3,0,-0.0206282231598687,0.744239631336406,0.231964940633788,0.227454070159009,0.6,15,04,46190764,NA
Gm04_46164190,46164190,8,MG6,108,106,3,0,-0.0377358490566038,0.495391705069124,0.98328488,0.986392681818182,0.6,15,04,46190764,Gm04_46190764_MG6
Gm04_46164207,46164207,8,MG6,108,105,4,0,-0.0410601976639713,0.493087557603687,0.97904224,0.982209318181818,0.6,15,04,46190764,Gm04_46190764_MG6
Gm04_46165488,46165488,0,0,56,159,2,0,-0.0403776160145586,0.737327188940092,0.225764014066579,0.221406524849717,0.6,15,04,46190764,NA
Gm04_46165871,46165871,8,MG6,109,105,3,0,-0.0439697374276815,0.490783410138249,0.97237768,0.976475409090909,0.6,15,04,46190764,Gm04_46190764_MG6
Gm04_46165872,46165872,8,MG6,109,105,3,0,-0.0439697374276815,0.490783410138249,0.97237768,0.976475409090909,0.6,15,04,46190764,Gm04_46190764_MG6
Gm04_46165880,46165880,8,MG6,109,105,3,0,-0.0439697374276815,0.490783410138249,0.97237768,0.976475409090909,0.6,15,04,46190764,Gm04_46190764_MG6
Gm04_46165939,46165939,0,0,205,11,1,0,0.153157187639946,0.0529953917050691,0.093930784075404,0.0906469262393162,0.6,15,04,46190764,NA
Gm04_46165966,46165966,8,MG6,108,106,3,0,-0.0377358490566038,0.495391705069124,0.98328488,0.986392681818182,0.6,15,04,46190764,Gm04_46190764_MG6
Gm04_46166001,46166001,8,MG6,108,106,3,0,-0.0377358490566038,0.495391705069124,0.98328488,0.986392681818182,0.6,15,04,46190764,Gm04_46190764_MG6
Gm04_46166030,46166030,0,0,54,161,2,0,-0.0185185185185184,0.746543778801843,0.232015011772567,0.227488232234735,0.6,15,04,46190764,NA
Gm04_46166140,46166140,8,MG6,107,107,3,0,-0.0315086782376501,0.5,0.98114328,0.984759090909091,0.6,15,04,46190764,Gm04_46190764_MG6
Gm04_46166192,46166192,8,MG6,107,107,3,0,-0.0315086782376501,0.5,0.98114328,0.984759090909091,0.6,15,04,46190764,Gm04_46190764_MG6
Gm04_46166265,46166265,8,MG6,106,108,3,0,-0.0345441595441596,0.504608294930876,0.96665376,0.969912136363636,0.6,15,04,46190764,Gm04_46190764_MG6
Gm04_46166364,46166364,0,0,202,15,0,0,-0.105188343994314,0.0691244239631336,0.115724641638779,0.114909508688547,0.6,15,04,46190764,NA
Gm04_46167120,46167120,0,0,202,15,0,0,-0.105188343994314,0.0691244239631336,0.115724641638779,0.114909508688547,0.6,15,04,46190764,NA
Gm04_46167153,46167153,0,0,203,14,0,0,-0.13975628332064,0.0645161290322581,0.106532175322136,0.106118315460564,0.6,15,04,46190764,NA
Gm04_46167171,46167171,0,0,55,160,2,0,-0.0263521288837745,0.741935483870968,0.225885482643712,0.221663272106919,0.6,15,04,46190764,NA
Gm04_46167665,46167665,0,0,174,40,3,0,0.0019267822736031,0.191244239631336,0.0885372424612208,0.086944891574188,0.6,15,04,46190764,NA
Gm04_46167681,46167681,0,0,181,33,3,0,0.0263888888888888,0.158986175115207,0.0672940765048302,0.06559029517024,0.6,15,04,46190764,NA
Gm04_46167683,46167683,0,0,181,33,3,0,0.0263888888888888,0.158986175115207,0.0672940765048302,0.06559029517024,0.6,15,04,46190764,NA
Gm04_46167695,46167695,8,MG6,107,107,3,0,-0.0315086782376501,0.5,0.98114328,0.984759090909091,0.6,15,04,46190764,Gm04_46190764_MG6
Gm04_46167889,46167889,0,0,202,15,0,0,-0.105188343994314,0.0691244239631336,0.115724641638779,0.114909508688547,0.6,15,04,46190764,NA
Gm04_46168427,46168427,8,MG6,108,106,3,0,-0.0377358490566038,0.495391705069124,0.98328488,0.986392681818182,0.6,15,04,46190764,Gm04_46190764_MG6
Gm04_46168657,46168657,8,MG6,108,106,3,0,-0.0377358490566038,0.495391705069124,0.97007904,0.974676863636364,0.6,15,04,46190764,Gm04_46190764_MG6
Gm04_46168663,46168663,0,0,166,48,3,0,-0.0165007857517026,0.228110599078341,0.104946929065314,0.104148874149368,0.6,15,04,46190764,NA
Gm04_46169226,46169226,0,0,202,15,0,0,-0.105188343994314,0.0691244239631336,0.115724641638779,0.114909508688547,0.6,15,04,46190764,NA
Gm04_46169413,46169413,0,0,73,140,4,0,-0.0397681854516387,0.654377880184332,0.193898115961688,0.193242733830188,0.6,15,04,46190764,NA
Gm04_46170169,46170169,8,0,110,104,3,0,-0.0502136752136753,0.486175115207373,0.95294884,0.215189838057333,0.6,15,04,46190764,NA
Gm04_46170466,46170466,0,0,189,26,2,0,0.0730152200740437,0.124423963133641,0.0832759390205386,0.0808316867597265,0.6,15,04,46190764,NA
Gm04_46170488,46170488,0,0,202,15,0,0,-0.105188343994314,0.0691244239631336,0.115724641638779,0.114909508688547,0.6,15,04,46190764,NA
Gm04_46170496,46170496,0,0,54,160,3,0,-0.0206282231598687,0.744239631336406,0.231964940633788,0.227454070159009,0.6,15,04,46190764,NA
Gm04_46170672,46170672,0,0,75,138,4,0,-0.0322548826198461,0.645161290322581,0.199845508610826,0.199206899993556,0.6,15,04,46190764,NA
Gm04_46171206,46171206,0,0,74,139,4,0,-0.0255112169942426,0.649769585253456,0.199547877290678,0.198820341112663,0.6,15,04,46190764,NA
Gm04_46171399,46171399,0,0,74,139,4,0,-0.0255112169942426,0.649769585253456,0.199547877290678,0.198820341112663,0.6,15,04,46190764,NA
Gm04_46171520,46171520,0,0,102,112,3,0,-0.0633306573900634,0.523041474654378,0.211164109100503,0.210189479059111,0.6,15,04,46190764,NA
Gm04_46171524,46171524,0,0,102,112,3,0,-0.0633306573900634,0.523041474654378,0.211164109100503,0.210189479059111,0.6,15,04,46190764,NA
Gm04_46171573,46171573,0,0,175,39,3,0,-0.00877192982456143,0.186635944700461,0.0860073745851885,0.0844873795554701,0.6,15,04,46190764,NA
Gm04_46171702,46171702,0,0,174,40,3,0,0.0019267822736031,0.191244239631336,0.0885372424612208,0.086944891574188,0.6,15,04,46190764,NA
Gm04_46171726,46171726,0,0,59,154,4,0,-0.0605486173059768,0.71889400921659,0.223427357457989,0.219763089942051,0.6,15,04,46190764,NA
Gm04_46171736,46171736,0,0,67,146,4,0,-0.0417972831765936,0.682027649769585,0.197429549882916,0.195391084076554,0.6,15,04,46190764,NA
Gm04_46171756,46171756,0,0,67,146,4,0,-0.0417972831765936,0.682027649769585,0.197429549882916,0.195391084076554,0.6,15,04,46190764,NA
Gm04_46171855,46171855,8,0,110,104,3,0,-0.0502136752136753,0.486175115207373,0.95294884,0.215189838057333,0.6,15,04,46190764,NA
Gm04_46171862,46171862,0,0,67,146,4,0,-0.0417972831765936,0.682027649769585,0.197429549882916,0.195391084076554,0.6,15,04,46190764,NA
Gm04_46172042,46172042,0,0,87,127,3,0,-0.0921379310344828,0.592165898617512,0.229171931289048,0.225499232013675,0.6,15,04,46190764,NA
Gm04_46172352,46172352,0,0,202,15,0,0,-0.105188343994314,0.0691244239631336,0.115724641638779,0.114909508688547,0.6,15,04,46190764,NA
Gm04_46173757,46173757,0,0,126,90,1,0,-0.0218637992831543,0.41705069124424,0.223813318258528,0.223193759758974,0.6,15,04,46190764,NA
Gm04_46174303,46174303,0,0,51,164,2,0,0.00617283950617287,0.76036866359447,0.229433046635548,0.225102647035897,0.6,15,04,46190764,NA
Gm04_46174366,46174366,0,0,51,164,2,0,0.00617283950617287,0.76036866359447,0.229433046635548,0.225102647035897,0.6,15,04,46190764,NA
Gm04_46174576,46174576,0,0,202,15,0,0,-0.105188343994314,0.0691244239631336,0.115724641638779,0.114909508688547,0.6,15,04,46190764,NA
Gm04_46174662,46174662,0,0,62,153,2,0,0.0678386540120794,0.709677419354839,0.202197151571813,0.201268174744444,0.6,15,04,46190764,NA
Gm04_46175356,46175356,0,0,156,57,4,0,-0.010253456221198,0.271889400921659,0.0978216427327443,0.0952917464993822,0.6,15,04,46190764,NA
Gm04_46176133,46176133,0,0,202,15,0,0,-0.105188343994314,0.0691244239631336,0.115724641638779,0.114909508688547,0.6,15,04,46190764,NA
Gm04_46176139,46176139,0,0,63,152,2,0,-0.0384126984126985,0.705069124423963,0.200925165866248,0.198366390423077,0.6,15,04,46190764,NA
Gm04_46176301,46176301,0,0,202,15,0,0,-0.105188343994314,0.0691244239631336,0.115724641638779,0.114909508688547,0.6,15,04,46190764,NA
Gm04_46176509,46176509,0,0,71,145,1,0,0.0801587301587301,0.670506912442396,0.196657081053321,0.195850245208034,0.6,15,04,46190764,NA
Gm04_46176694,46176694,0,0,57,159,1,0,0.0499497150519612,0.735023041474654,0.214710978799403,0.211429037798747,0.6,15,04,46190764,NA
Gm04_46177063,46177063,0,0,202,15,0,0,-0.105188343994314,0.0691244239631336,0.115724641638779,0.114909508688547,0.6,15,04,46190764,NA
Gm04_46177173,46177173,0,0,198,19,0,0,-0.245910885504794,0.0875576036866359,0.104473200030162,0.102897593003077,0.6,15,04,46190764,NA
Gm04_46177183,46177183,0,0,79,137,1,0,0.0903403166176888,0.633640552995392,0.202233220872083,0.202819874505556,0.6,15,04,46190764,NA
Gm04_46177188,46177188,0,0,126,89,2,0,-0.0257339615802827,0.414746543778802,0.225664635783124,0.225695154754188,0.6,15,04,46190764,NA
Gm04_46177221,46177221,0,0,202,15,0,0,-0.105188343994314,0.0691244239631336,0.115724641638779,0.114909508688547,0.6,15,04,46190764,NA
Gm04_46177223,46177223,0,0,52,164,1,0,-0.00641025641025639,0.758064516129032,0.224134019245817,0.220818367538325,0.6,15,04,46190764,NA
Gm04_46177225,46177225,0,0,79,137,1,0,0.0903403166176888,0.633640552995392,0.202233220872083,0.202819874505556,0.6,15,04,46190764,NA
Gm04_46177231,46177231,0,0,76,139,2,0,0.0278260869565217,0.645161290322581,0.194431697015099,0.192212455551128,0.6,15,04,46190764,NA
Gm04_46177240,46177240,0,0,67,149,1,0,0.0241605241605241,0.688940092165899,0.198759469857451,0.198421326684786,0.6,15,04,46190764,NA
Gm04_46177254,46177254,0,0,68,148,1,0,0.0167529698446545,0.684331797235023,0.198156603553196,0.19792438560535,0.6,15,04,46190764,NA
Gm04_46177261,46177261,0,0,72,144,1,0,0.0725893824485373,0.665898617511521,0.196127271013196,0.195429276332222,0.6,15,04,46190764,NA
Gm04_46177328,46177328,0,0,171,45,1,0,-0.0582511505588428,0.209677419354839,0.111477384335727,0.110861849632479,0.6,15,04,46190764,NA
Gm04_46177341,46177341,0,0,79,137,1,0,0.0903403166176888,0.633640552995392,0.202233220872083,0.202819874505556,0.6,15,04,46190764,NA
Gm04_46177417,46177417,0,0,52,164,1,0,-0.00641025641025639,0.758064516129032,0.224134019245817,0.220818367538325,0.6,15,04,46190764,NA
Gm04_46178099,46178099,0,0,91,123,3,0,0.0506074723668586,0.573732718894009,0.218661753045422,0.218320150335556,0.6,15,04,46190764,NA
Gm04_46179090,46179090,9,MG2,48,168,1,0,-0.0517068273092369,0.776497695852535,0.989676615384615,0.9932815,0.6,15,04,46190764,Gm04_46190764_MG2
Gm04_46179278,46179278,0,0,92,123,2,0,0.0577235772357725,0.571428571428571,0.220227882682765,0.219802401631282,0.6,15,04,46190764,NA
Gm04_46179558,46179558,0,0,203,13,1,0,0.184462303865289,0.0622119815668203,0.0892269997370377,0.0860627621959487,0.6,15,04,46190764,NA
Gm04_46180048,46180048,0,0,87,128,2,0,0.0130514705882352,0.594470046082949,0.209383292028725,0.209856319931624,0.6,15,04,46190764,NA
Gm04_46180421,46180421,0,0,196,21,0,0,-0.157357679914071,0.0967741935483871,0.140939267568851,0.141481038864701,0.6,15,04,46190764,NA
Gm04_46180423,46180423,0,0,65,149,3,0,-0.0546310832025116,0.693548387096774,0.200654623741113,0.198331468638974,0.6,15,04,46190764,NA
Gm04_46180532,46180532,0,0,87,128,2,0,0.0130514705882352,0.594470046082949,0.209383292028725,0.209856319931624,0.6,15,04,46190764,NA
Gm04_46180545,46180545,0,0,88,126,3,0,0.00387596899224807,0.587557603686636,0.209183251694794,0.209782441528205,0.6,15,04,46190764,NA
Gm04_46180592,46180592,0,0,87,128,2,0,0.0130514705882352,0.594470046082949,0.209383292028725,0.209856319931624,0.6,15,04,46190764,NA
Gm04_46180668,46180668,0,0,196,21,0,0,-0.157357679914071,0.0967741935483871,0.140939267568851,0.141481038864701,0.6,15,04,46190764,NA
Gm04_46180859,46180859,0,0,196,21,0,0,-0.157357679914071,0.0967741935483871,0.140939267568851,0.141481038864701,0.6,15,04,46190764,NA
Gm04_46181265,46181265,0,0,87,128,2,0,0.0130514705882352,0.594470046082949,0.209383292028725,0.209856319931624,0.6,15,04,46190764,NA
Gm04_46181296,46181296,0,0,64,150,3,0,-0.0701013513513513,0.69815668202765,0.19534540856553,0.193062630565812,0.6,15,04,46190764,NA
Gm04_46181340,46181340,0,0,64,150,3,0,-0.0701013513513513,0.69815668202765,0.19534540856553,0.193062630565812,0.6,15,04,46190764,NA
Gm04_46181583,46181583,0,0,66,148,3,0,-0.0614362806143629,0.688940092165899,0.201072491601034,0.198731894703891,0.6,15,04,46190764,NA
Gm04_46182049,46182049,0,0,164,51,2,0,-0.0319535221496006,0.23963133640553,0.125496156670916,0.124653667941368,0.6,15,04,46190764,NA
Gm04_46182461,46182461,0,0,192,25,0,0,-0.263134057971015,0.115207373271889,0.132266491172819,0.131719992227795,0.6,15,04,46190764,NA
Gm04_46182905,46182905,0,0,196,21,0,0,-0.157357679914071,0.0967741935483871,0.140939267568851,0.141481038864701,0.6,15,04,46190764,NA
Gm04_46183606,46183606,9,MG2,48,168,1,0,-0.0517068273092369,0.776497695852535,0.989676615384615,0.9932815,0.6,15,04,46190764,Gm04_46190764_MG2
Gm04_46185873,46185873,9,MG2,49,167,1,0,-0.0597402597402596,0.771889400921659,0.973800961538462,0.97399525,0.6,15,04,46190764,Gm04_46190764_MG2
Gm04_46185949,46185949,9,MG2,48,168,1,0,-0.0517068273092369,0.776497695852535,0.989676615384615,0.9932815,0.6,15,04,46190764,Gm04_46190764_MG2
Gm04_46185956,46185956,0,0,52,164,1,0,0.0189933523266859,0.758064516129032,0.217158214754578,0.214551833706496,0.6,15,04,46190764,NA
Gm04_46186188,46186188,0,0,200,16,1,0,-0.0321428571428573,0.076036866359447,0.106906939859404,0.109405110498612,0.6,15,04,46190764,NA
Gm04_46186299,46186299,9,MG2,49,167,1,0,-0.0597402597402596,0.771889400921659,0.973800961538462,0.97399525,0.6,15,04,46190764,Gm04_46190764_MG2
Gm04_46186317,46186317,9,MG2,48,168,1,0,-0.0517068273092369,0.776497695852535,0.989676615384615,0.9932815,0.6,15,04,46190764,Gm04_46190764_MG2
Gm04_46186502,46186502,9,MG2,49,167,1,0,-0.0597402597402596,0.771889400921659,0.973800961538462,0.97399525,0.6,15,04,46190764,Gm04_46190764_MG2
Gm04_46186752,46186752,0,0,178,36,3,0,0.135732323232323,0.172811059907834,0.0894625225947935,0.0869164894326496,0.6,15,04,46190764,NA
Gm04_46187907,46187907,9,0,50,166,1,0,-0.0675609756097562,0.767281105990783,0.952843846153846,0.224160276402872,0.6,15,04,46190764,NA
Gm04_46188174,46188174,9,0,50,165,2,0,-0.0635582822085889,0.764976958525346,0.945325769230769,0.219870839271624,0.6,15,04,46190764,NA
Gm04_46188259,46188259,9,MG2,49,167,1,0,-0.0597402597402596,0.771889400921659,0.967976423076923,0.971861666666667,0.6,15,04,46190764,Gm04_46190764_MG2
Gm04_46188269,46188269,9,MG2,49,167,1,0,-0.0597402597402596,0.771889400921659,0.967976423076923,0.971861666666667,0.6,15,04,46190764,Gm04_46190764_MG2
Gm04_46188383,46188383,9,MG2,48,168,1,0,-0.0517068273092369,0.776497695852535,0.989676615384615,0.9932815,0.6,15,04,46190764,Gm04_46190764_MG2
Gm04_46188548,46188548,9,MG2,48,168,1,0,-0.0517068273092369,0.776497695852535,0.989676615384615,0.9932815,0.6,15,04,46190764,Gm04_46190764_MG2
Gm04_46188624,46188624,9,MG2,48,168,1,0,-0.0517068273092369,0.776497695852535,0.989676615384615,0.9932815,0.6,15,04,46190764,Gm04_46190764_MG2
Gm04_46188641,46188641,9,MG2,48,168,1,0,-0.0517068273092369,0.776497695852535,0.989676615384615,0.9932815,0.6,15,04,46190764,Gm04_46190764_MG2
Gm04_46188760,46188760,9,MG2,48,168,1,0,-0.0517068273092369,0.776497695852535,0.989676615384615,0.9932815,0.6,15,04,46190764,Gm04_46190764_MG2
Gm04_46188765,46188765,9,MG2,48,168,1,0,-0.0517068273092369,0.776497695852535,0.989676615384615,0.9932815,0.6,15,04,46190764,Gm04_46190764_MG2
Gm04_46188831,46188831,9,MG2,48,168,1,0,-0.0517068273092369,0.776497695852535,0.989676615384615,0.9932815,0.6,15,04,46190764,Gm04_46190764_MG2
Gm04_46188861,46188861,9,MG2,48,168,1,0,-0.0517068273092369,0.776497695852535,0.989676615384615,0.9932815,0.6,15,04,46190764,Gm04_46190764_MG2
Gm04_46188888,46188888,9,MG2,48,168,1,0,-0.0517068273092369,0.776497695852535,0.989676615384615,0.9932815,0.6,15,04,46190764,Gm04_46190764_MG2
Gm04_46188974,46188974,0,0,200,16,1,0,-0.0321428571428573,0.076036866359447,0.106906939859404,0.109405110498612,0.6,15,04,46190764,NA
Gm04_46189743,46189743,0,0,52,164,1,0,0.0189933523266859,0.758064516129032,0.217158214754578,0.214551833706496,0.6,15,04,46190764,NA
Gm04_46189784,46189784,0,0,176,38,3,0,0.151542649727768,0.182027649769585,0.0923194500071813,0.0896325124415385,0.6,15,04,46190764,NA
Gm04_46190529,46190529,9,MG2,48,168,1,0,-0.0517068273092369,0.776497695852535,0.989676615384615,0.9932815,0.6,15,04,46190764,Gm04_46190764_MG2
Gm04_46190764,46190764,9,MG2,47,168,2,0,-0.0667777492950525,0.778801843317972,0.983710807692308,0.987334,0.6,15,04,46190764,Gm04_46190764_MG2
Gm04_46190802,46190802,0,0,52,164,1,0,0.0189933523266859,0.758064516129032,0.217158214754578,0.214551833706496,0.6,15,04,46190764,NA
Gm04_46190864,46190864,9,MG2,49,167,1,0,-0.0597402597402596,0.771889400921659,0.967937769230769,0.969728083333333,0.6,15,04,46190764,Gm04_46190764_MG2
Gm04_46190901,46190901,9,MG2,48,168,1,0,-0.0517068273092369,0.776497695852535,0.989676615384615,0.9932815,0.6,15,04,46190764,Gm04_46190764_MG2
Gm04_46190904,46190904,0,0,52,164,1,0,0.0189933523266859,0.758064516129032,0.217158214754578,0.214551833706496,0.6,15,04,46190764,NA
Gm04_46190936,46190936,0,0,52,164,1,0,0.0189933523266859,0.758064516129032,0.217158214754578,0.214551833706496,0.6,15,04,46190764,NA
Gm04_46191545,46191545,9,MG2,48,168,1,0,-0.0517068273092369,0.776497695852535,0.989676615384615,0.9932815,0.6,15,04,46190764,Gm04_46190764_MG2
Gm04_46191561,46191561,9,MG2,48,168,1,0,-0.0517068273092369,0.776497695852535,0.989676615384615,0.9932815,0.6,15,04,46190764,Gm04_46190764_MG2
Gm04_46192187,46192187,0,0,204,13,0,0,0.105864432597106,0.0599078341013825,0.0937281523788151,0.0905624597863248,0.6,15,04,46190764,NA
Gm04_46192971,46192971,0,0,192,23,2,0,-0.0702517162471394,0.110599078341014,0.0889417895828007,0.0864271735515556,0.6,15,04,46190764,NA
Gm04_46193171,46193171,0,0,194,22,1,0,-0.0913825757575759,0.1036866359447,0.0897973251158348,0.087275736497812,0.6,15,04,46190764,NA
Gm04_46193326,46193326,0,0,192,23,2,0,-0.0702517162471394,0.110599078341014,0.0889417895828007,0.0864271735515556,0.6,15,04,46190764,NA
Gm04_46193557,46193557,0,0,182,33,2,0,0.143434343434343,0.15668202764977,0.100486702829443,0.0976501518735043,0.6,15,04,46190764,NA
Gm04_46193623,46193623,10,MG14,200,17,0,0,-0.0885323826500297,0.0783410138248848,0.967571705882353,0.967571705882353,0.6,15,04,46190764,Gm04_46190764_MG14
Gm04_46193981,46193981,0,0,197,17,3,0,-0.00846023688663267,0.0852534562211982,0.10789068222851,0.11053489962612,0.6,15,04,46190764,NA
Gm04_46194394,46194394,0,0,143,70,4,0,0.0702385849444673,0.331797235023041,0.0994255814017343,0.0972049205996,0.6,15,04,46190764,NA
Gm04_46194472,46194472,0,0,142,71,4,0,0.0767503572157584,0.336405529953917,0.0996037758390592,0.0973903320553094,0.6,15,04,46190764,NA
Gm04_46194623,46194623,0,0,144,69,4,0,0.0636401326699836,0.327188940092166,0.0976128454528905,0.0954596711577094,0.6,15,04,46190764,NA
Gm04_46194702,46194702,0,0,143,70,4,0,0.0702385849444673,0.331797235023041,0.0990799164608905,0.096893363895241,0.6,15,04,46190764,NA
Gm04_46194760,46194760,0,0,143,70,4,0,0.0702385849444673,0.331797235023041,0.0994255814017343,0.0972049205996,0.6,15,04,46190764,NA
Gm04_46194780,46194780,0,0,143,70,4,0,0.0702385849444673,0.331797235023041,0.0994255814017343,0.0972049205996,0.6,15,04,46190764,NA
Gm04_46194807,46194807,0,0,143,70,4,0,0.0702385849444673,0.331797235023041,0.0994255814017343,0.0972049205996,0.6,15,04,46190764,NA
Gm04_46195212,46195212,0,0,129,86,2,0,-0.00650064090825841,0.400921658986175,0.22406049849228,0.223594067812308,0.6,15,04,46190764,NA
Gm04_46195229,46195229,0,0,181,35,1,0,0.157541899441341,0.163594470046083,0.103412876142386,0.100501347814203,0.6,15,04,46190764,NA
Gm04_46195371,46195371,0,0,131,84,2,0,-0.0196566998892582,0.391705069124424,0.224735692315978,0.224193923569231,0.6,15,04,46190764,NA
Gm04_46195487,46195487,0,0,130,85,2,0,-0.0130514705882352,0.3963133640553,0.227187846032316,0.226689548035897,0.6,15,04,46190764,NA
Gm04_46195612,46195612,0,0,128,86,3,0,-0.00387596899224807,0.403225806451613,0.224170915345781,0.223583722635214,0.6,15,04,46190764,NA
Gm04_46195617,46195617,0,0,111,103,3,0,-0.0284136456756034,0.481566820276498,0.207021516722337,0.207178510821097,0.6,15,04,46190764,NA
Gm04_46195760,46195760,0,0,195,20,2,0,0.0555555555555556,0.0967741935483871,0.0873581908112567,0.0893223462613162,0.6,15,04,46190764,NA
Gm04_46195930,46195930,0,0,108,106,3,0,0.00641025641025639,0.495391705069124,0.211990624587335,0.20911397411136,0.6,15,04,46190764,NA
Gm04_46195979,46195979,0,0,108,107,2,0,0.00952380952380949,0.497695852534562,0.210972376053106,0.208034358105265,0.6,15,04,46190764,NA
Gm04_46195996,46195996,0,0,108,107,2,0,0.00952380952380949,0.497695852534562,0.210972376053106,0.208034358105265,0.6,15,04,46190764,NA
Gm04_46196003,46196003,0,0,108,107,2,0,0.00952380952380949,0.497695852534562,0.210972376053106,0.208034358105265,0.6,15,04,46190764,NA
Gm04_46196025,46196025,0,0,108,107,2,0,0.00952380952380949,0.497695852534562,0.210972376053106,0.208034358105265,0.6,15,04,46190764,NA
Gm04_46196228,46196228,0,0,173,41,3,0,0.0162601626016259,0.195852534562212,0.0998199574448743,0.0971561605073419,0.6,15,04,46190764,NA
Gm04_46196294,46196294,0,0,172,42,3,0,-0.00392156862745097,0.200460829493088,0.09963197446693,0.0969884751078291,0.6,15,04,46190764,NA
Gm04_46196380,46196380,10,MG14,198,18,1,0,-0.062358276643991,0.0852534562211982,0.958032,0.958032,0.6,15,04,46190764,Gm04_46190764_MG14
Gm04_46196496,46196496,0,0,46,170,1,0,-0.0289855072463767,0.785714285714286,0.230131465864488,0.227236551942769,0.6,15,04,46190764,NA
Gm04_46196499,46196499,10,MG14,198,18,1,0,-0.062358276643991,0.0852534562211982,0.958032,0.958032,0.6,15,04,46190764,Gm04_46190764_MG14
Gm04_46196558,46196558,0,0,152,62,3,0,-0.0187096774193547,0.292626728110599,0.0952386615991278,0.0922844515106226,0.6,15,04,46190764,NA
Gm04_46196576,46196576,0,0,152,62,3,0,-0.0187096774193547,0.292626728110599,0.0952386615991278,0.0922844515106226,0.6,15,04,46190764,NA
Gm04_46196764,46196764,0,0,172,42,3,0,0.0257703081232492,0.200460829493088,0.103068092346115,0.100284155943224,0.6,15,04,46190764,NA
Gm04_46196777,46196777,0,0,172,42,3,0,0.0257703081232492,0.200460829493088,0.103068092346115,0.100284155943224,0.6,15,04,46190764,NA
Gm04_46196789,46196789,0,0,172,42,3,0,0.0257703081232492,0.200460829493088,0.103068092346115,0.100284155943224,0.6,15,04,46190764,NA
Gm04_46196830,46196830,0,0,170,43,4,0,0.00179955703211521,0.207373271889401,0.102817235122029,0.10009160691106,0.6,15,04,46190764,NA
Gm04_46196954,46196954,0,0,171,42,4,0,-0.00788954635108463,0.202764976958525,0.102799628281017,0.100112081320558,0.6,15,04,46190764,NA
Gm04_46196993,46196993,0,0,153,61,3,0,-0.0263815003799803,0.288018433179723,0.0946235105337163,0.0916775702859487,0.6,15,04,46190764,NA
Gm04_46196997,46196997,0,0,151,63,3,0,-0.0111856823266219,0.297235023041475,0.0927734745382585,0.0897854939962564,0.6,15,04,46190764,NA
Gm04_46197026,46197026,0,0,171,42,4,0,-0.00788954635108463,0.202764976958525,0.102799628281017,0.100112081320558,0.6,15,04,46190764,NA
Gm04_46197031,46197031,10,MG14,198,18,1,0,-0.062358276643991,0.0852534562211982,0.958032,0.958032,0.6,15,04,46190764,Gm04_46190764_MG14
Gm04_46197048,46197048,0,0,171,42,4,0,-0.00788954635108463,0.202764976958525,0.102799628281017,0.100112081320558,0.6,15,04,46190764,NA
Gm04_46197122,46197122,0,0,171,43,3,0,0.00577955139672492,0.205069124423963,0.10283948161228,0.100066667056479,0.6,15,04,46190764,NA
Gm04_46197195,46197195,0,0,171,42,4,0,-0.00788954635108463,0.202764976958525,0.102799628281017,0.100112081320558,0.6,15,04,46190764,NA
Gm04_46197196,46197196,10,MG14,198,18,1,0,-0.062358276643991,0.0852534562211982,0.958032,0.958032,0.6,15,04,46190764,Gm04_46190764_MG14
Gm04_46197199,46197199,10,MG14,198,18,1,0,-0.062358276643991,0.0852534562211982,0.958032,0.958032,0.6,15,04,46190764,Gm04_46190764_MG14
Gm04_46197219,46197219,0,0,171,42,4,0,-0.00788954635108463,0.202764976958525,0.102799628281017,0.100112081320558,0.6,15,04,46190764,NA
Gm04_46197323,46197323,0,0,49,168,0,0,-0.0576592082616179,0.774193548387097,0.214180596781329,0.211219515225983,0.6,15,04,46190764,NA
Gm04_46197366,46197366,10,MG14,198,18,1,0,-0.062358276643991,0.0852534562211982,0.958032,0.958032,0.6,15,04,46190764,Gm04_46190764_MG14
Gm04_46197370,46197370,0,0,171,42,4,0,-0.00788954635108463,0.202764976958525,0.102799628281017,0.100112081320558,0.6,15,04,46190764,NA
Gm04_46197380,46197380,10,MG14,198,18,1,0,-0.062358276643991,0.0852534562211982,0.958032,0.958032,0.6,15,04,46190764,Gm04_46190764_MG14
Gm04_46199779,46199779,10,MG14,199,17,1,0,-0.0868916094356524,0.0806451612903226,0.968049647058823,0.968049647058823,0.6,15,04,46190764,Gm04_46190764_MG14
Gm04_46199781,46199781,0,0,130,85,2,0,-0.0130514705882352,0.3963133640553,0.228566646815081,0.227843235550427,0.6,15,04,46190764,NA
Gm04_46199826,46199826,0,0,198,17,2,0,-0.00505050505050497,0.0829493087557604,0.103682659658402,0.106466683657658,0.6,15,04,46190764,NA
Gm04_46199986,46199986,0,0,93,120,4,0,-0.0463823583014398,0.56221198156682,0.222742431092286,0.218672787860519,0.6,15,04,46190764,NA
Gm04_46200038,46200038,0,0,93,120,4,0,-0.0463823583014398,0.56221198156682,0.222742431092286,0.218672787860519,0.6,15,04,46190764,NA
Gm04_46200046,46200046,0,0,93,120,4,0,-0.0463823583014398,0.56221198156682,0.222742431092286,0.218672787860519,0.6,15,04,46190764,NA
Gm04_46200169,46200169,0,0,94,120,3,0,-0.0389469888207716,0.559907834101382,0.221360521052944,0.217390777754684,0.6,15,04,46190764,NA
Gm04_46200172,46200172,0,0,94,120,3,0,-0.0389469888207716,0.559907834101382,0.221360521052944,0.217390777754684,0.6,15,04,46190764,NA
Gm04_46200177,46200177,0,0,94,120,3,0,-0.0389469888207716,0.559907834101382,0.221360521052944,0.217390777754684,0.6,15,04,46190764,NA
Gm04_46200215,46200215,0,0,94,120,3,0,-0.0389469888207716,0.559907834101382,0.221360521052944,0.217390777754684,0.6,15,04,46190764,NA
Gm04_46200221,46200221,0,0,94,120,3,0,-0.0389469888207716,0.559907834101382,0.221360521052944,0.217390777754684,0.6,15,04,46190764,NA
Gm04_46200250,46200250,0,0,87,127,3,0,0.00533333333333319,0.592165898617512,0.2268269406232,0.222619508964311,0.6,15,04,46190764,NA
Gm04_46200288,46200288,0,0,94,120,3,0,-0.0389469888207716,0.559907834101382,0.221360521052944,0.217390777754684,0.6,15,04,46190764,NA
Gm04_46200320,46200320,0,0,130,85,2,0,-0.0130514705882352,0.3963133640553,0.228566646815081,0.227843235550427,0.6,15,04,46190764,NA
Gm04_46200333,46200333,0,0,93,120,4,0,-0.0463823583014398,0.56221198156682,0.222742431092286,0.218672787860519,0.6,15,04,46190764,NA
Gm04_46200437,46200437,10,MG14,199,17,1,0,-0.0868916094356524,0.0806451612903226,0.968049647058823,0.968049647058823,0.6,15,04,46190764,Gm04_46190764_MG14
Gm04_46200438,46200438,0,0,180,34,3,0,-0.0527777777777778,0.163594470046083,0.145173425462478,0.142246385334359,0.6,15,04,46190764,NA
Gm04_46200543,46200543,0,0,92,121,4,0,-0.040189989039094,0.566820276497696,0.22070264547763,0.216686147403487,0.6,15,04,46190764,NA
Gm04_46200596,46200596,0,0,93,120,4,0,-0.0463823583014398,0.56221198156682,0.222742431092286,0.218672787860519,0.6,15,04,46190764,NA
Gm04_46200608,46200608,0,0,86,127,4,0,-0.00241860465116295,0.594470046082949,0.228392772867576,0.22407847620212,0.6,15,04,46190764,NA
Gm04_46200630,46200630,0,0,179,34,4,0,-0.0565642458100559,0.165898617511521,0.148147170247805,0.145150940222269,0.6,15,04,46190764,NA
Gm04_46200640,46200640,0,0,179,34,4,0,-0.0565642458100559,0.165898617511521,0.148147170247805,0.145150940222269,0.6,15,04,46190764,NA
Gm04_46200669,46200669,0,0,86,127,4,0,-0.00241860465116295,0.594470046082949,0.228392772867576,0.22407847620212,0.6,15,04,46190764,NA
Gm04_46200702,46200702,0,0,130,85,2,0,-0.0130514705882352,0.3963133640553,0.228566646815081,0.227843235550427,0.6,15,04,46190764,NA
Gm04_46200760,46200760,0,0,180,34,3,0,-0.0527777777777778,0.163594470046083,0.145173425462478,0.142246385334359,0.6,15,04,46190764,NA
Gm04_46200773,46200773,0,0,180,34,3,0,-0.0527777777777778,0.163594470046083,0.145173425462478,0.142246385334359,0.6,15,04,46190764,NA
Gm04_46200782,46200782,0,0,180,34,3,0,-0.0527777777777778,0.163594470046083,0.145173425462478,0.142246385334359,0.6,15,04,46190764,NA
Gm04_46200828,46200828,0,0,89,125,3,0,-0.00749063670411987,0.58294930875576,0.225894914133239,0.221762825562759,0.6,15,04,46190764,NA
Gm04_46200980,46200980,0,0,180,34,3,0,-0.0583333333333333,0.163594470046083,0.149233244647038,0.146226847737436,0.6,15,04,46190764,NA
Gm04_46201698,46201698,0,0,179,34,4,0,-0.0565642458100559,0.165898617511521,0.148147170247805,0.145150940222269,0.6,15,04,46190764,NA
Gm04_46201703,46201703,0,0,179,34,4,0,-0.0565642458100559,0.165898617511521,0.148147170247805,0.145150940222269,0.6,15,04,46190764,NA
Gm04_46201718,46201718,0,0,86,127,4,0,-0.00241860465116295,0.594470046082949,0.228392772867576,0.22407847620212,0.6,15,04,46190764,NA
Gm04_46201991,46201991,0,0,179,34,4,0,-0.0565642458100559,0.165898617511521,0.148147170247805,0.145150940222269,0.6,15,04,46190764,NA
Gm04_46202500,46202500,0,0,105,110,2,0,-0.0470899470899471,0.511520737327189,0.208305753798653,0.204482277890342,0.6,15,04,46190764,NA
Gm04_46202788,46202788,0,0,78,137,2,0,-0.0937321937321938,0.63594470046083,0.231674402272531,0.22790525105265,0.6,15,04,46190764,NA
Gm04_46202789,46202789,0,0,192,22,3,0,-0.0822916666666667,0.108294930875576,0.144757970384919,0.145574491870769,0.6,15,04,46190764,NA
Gm04_46202856,46202856,0,0,131,84,2,0,-0.0196566998892582,0.391705069124424,0.226131959123878,0.225366853688034,0.6,15,04,46190764,NA
Gm04_46202893,46202893,11,MG8,186,30,1,0,-0.193548387096774,0.140552995391705,0.99665,0.997109483146067,0.6,15,04,46190764,Gm04_46190764_MG8
Gm04_46202894,46202894,0,0,130,85,2,0,-0.0130514705882352,0.3963133640553,0.228566646815081,0.227843235550427,0.6,15,04,46190764,NA
Gm04_46202903,46202903,11,MG8,186,30,1,0,-0.193548387096774,0.140552995391705,0.99665,0.997109483146067,0.6,15,04,46190764,Gm04_46190764_MG8
Gm04_46202907,46202907,11,MG8,186,30,1,0,-0.193548387096774,0.140552995391705,0.99665,0.997109483146067,0.6,15,04,46190764,Gm04_46190764_MG8
Gm04_46203015,46203015,11,MG8,186,30,1,0,-0.193548387096774,0.140552995391705,0.99665,0.997109483146067,0.6,15,04,46190764,Gm04_46190764_MG8
Gm04_46203017,46203017,0,0,100,116,1,0,-0.0971929824561404,0.536866359447005,0.200199864910857,0.1982174289835,0.6,15,04,46190764,NA
Gm04_46203070,46203070,11,MG8,186,29,2,0,-0.175029868578256,0.138248847926267,0.992770417582418,0.993362516853933,0.6,15,04,46190764,Gm04_46190764_MG8
Gm04_46203094,46203094,0,0,130,85,2,0,-0.0130514705882352,0.3963133640553,0.228566646815081,0.227843235550427,0.6,15,04,46190764,NA
Gm04_46203149,46203149,11,MG8,186,29,2,0,-0.175029868578256,0.138248847926267,0.992770417582418,0.993362516853933,0.6,15,04,46190764,Gm04_46190764_MG8
Gm04_46203206,46203206,11,MG8,186,29,2,0,-0.175029868578256,0.138248847926267,0.992770417582418,0.993362516853933,0.6,15,04,46190764,Gm04_46190764_MG8
Gm04_46203207,46203207,0,0,130,85,2,0,-0.0130514705882352,0.3963133640553,0.222932702906284,0.222203254175265,0.6,15,04,46190764,NA
Gm04_46203244,46203244,0,0,191,23,3,0,-0.0615806532036898,0.112903225806452,0.143073110585099,0.143847360864786,0.6,15,04,46190764,NA
Gm04_46203269,46203269,0,0,130,85,2,0,-0.0130514705882352,0.3963133640553,0.228566646815081,0.227843235550427,0.6,15,04,46190764,NA
Gm04_46203299,46203299,11,MG8,186,30,1,0,-0.193548387096774,0.140552995391705,0.99665,0.997109483146067,0.6,15,04,46190764,Gm04_46190764_MG8
Gm04_46203342,46203342,11,MG8,186,30,1,0,-0.193548387096774,0.140552995391705,0.99665,0.997109483146067,0.6,15,04,46190764,Gm04_46190764_MG8
Gm04_46203344,46203344,0,0,100,116,1,0,-0.0971929824561404,0.536866359447005,0.200199864910857,0.1982174289835,0.6,15,04,46190764,NA
Gm04_46203364,46203364,11,MG8,186,30,1,0,-0.193548387096774,0.140552995391705,0.99665,0.997109483146067,0.6,15,04,46190764,Gm04_46190764_MG8
Gm04_46203386,46203386,11,MG8,186,30,1,0,-0.193548387096774,0.140552995391705,0.99665,0.997109483146067,0.6,15,04,46190764,Gm04_46190764_MG8
Gm04_46203413,46203413,11,MG8,186,30,1,0,-0.193548387096774,0.140552995391705,0.99665,0.997109483146067,0.6,15,04,46190764,Gm04_46190764_MG8
Gm04_46203417,46203417,11,MG8,186,30,1,0,-0.193548387096774,0.140552995391705,0.99665,0.997109483146067,0.6,15,04,46190764,Gm04_46190764_MG8
Gm04_46203437,46203437,11,MG8,186,30,1,0,-0.193548387096774,0.140552995391705,0.99665,0.997109483146067,0.6,15,04,46190764,Gm04_46190764_MG8
Gm04_46203448,46203448,11,MG8,186,30,1,0,-0.193548387096774,0.140552995391705,0.99665,0.997109483146067,0.6,15,04,46190764,Gm04_46190764_MG8
Gm04_46203452,46203452,11,MG8,186,30,1,0,-0.193548387096774,0.140552995391705,0.99665,0.997109483146067,0.6,15,04,46190764,Gm04_46190764_MG8
Gm04_46203454,46203454,11,MG8,186,30,1,0,-0.193548387096774,0.140552995391705,0.99665,0.997109483146067,0.6,15,04,46190764,Gm04_46190764_MG8
Gm04_46203555,46203555,11,0,187,29,1,0,-0.21370568429392,0.135944700460829,0.958949428571429,0.136413447758304,0.6,15,04,46190764,NA
Gm04_46203586,46203586,11,MG8,186,30,1,0,-0.193548387096774,0.140552995391705,0.99665,0.997109483146067,0.6,15,04,46190764,Gm04_46190764_MG8
Gm04_46203601,46203601,11,MG8,186,30,1,0,-0.193548387096774,0.140552995391705,0.99665,0.997109483146067,0.6,15,04,46190764,Gm04_46190764_MG8
Gm04_46203647,46203647,11,MG8,186,30,1,0,-0.193548387096774,0.140552995391705,0.99665,0.997109483146067,0.6,15,04,46190764,Gm04_46190764_MG8
Gm04_46203677,46203677,11,MG8,186,30,1,0,-0.193548387096774,0.140552995391705,0.99665,0.997109483146067,0.6,15,04,46190764,Gm04_46190764_MG8
Gm04_46204443,46204443,12,MG7,123,93,1,0,-0.0919324577861163,0.430875576036866,0.987362291666667,0.987218,0.6,15,04,46190764,Gm04_46190764_MG7
Gm04_46204517,46204517,12,MG7,123,93,1,0,-0.0919324577861163,0.430875576036866,0.987362291666667,0.987218,0.6,15,04,46190764,Gm04_46190764_MG7
Gm04_46204624,46204624,11,MG8,186,29,2,0,-0.175029868578256,0.138248847926267,0.992770417582418,0.993362516853933,0.6,15,04,46190764,Gm04_46190764_MG8
Gm04_46204660,46204660,12,MG7,122,93,2,0,-0.0785444064132588,0.433179723502304,0.988499,0.989014217391304,0.6,15,04,46190764,Gm04_46190764_MG7
Gm04_46206856,46206856,13,MG12,157,59,1,0,-0.0333515582285402,0.274193548387097,0.984526266666667,0.985054142857143,0.6,15,04,46190764,Gm04_46190764_MG12
Gm04_46207147,46207147,0,0,183,33,1,0,-0.140137493389741,0.154377880184332,0.122245144941421,0.127746761510037,0.6,15,04,46190764,NA
Gm04_46208715,46208715,10,MG14,200,17,0,0,-0.0885323826500297,0.0783410138248848,0.967571705882353,0.967571705882353,0.6,15,04,46190764,Gm04_46190764_MG14
Gm04_46208803,46208803,0,0,154,63,0,0,-0.0043859649122806,0.290322580645161,0.167357243775583,0.166063494398291,0.6,15,04,46190764,NA
Gm04_46209148,46209148,0,0,153,64,0,0,0.00300082781456945,0.294930875576037,0.164078121177379,0.162848578796239,0.6,15,04,46190764,NA
Gm04_46209293,46209293,0,0,153,63,1,0,-0.00220750551876381,0.292626728110599,0.165440607648402,0.164200220615658,0.6,15,04,46190764,NA
Gm04_46209294,46209294,0,0,153,63,1,0,-0.00220750551876381,0.292626728110599,0.165440607648402,0.164200220615658,0.6,15,04,46190764,NA
Gm04_46209333,46209333,0,0,153,64,0,0,0.00300082781456945,0.294930875576037,0.164078121177379,0.162848578796239,0.6,15,04,46190764,NA
Gm04_46209540,46209540,11,MG8,186,29,2,0,-0.175029868578256,0.138248847926267,0.992770417582418,0.993362516853933,0.6,15,04,46190764,Gm04_46190764_MG8
Gm04_46209608,46209608,11,MG8,186,29,2,0,-0.175029868578256,0.138248847926267,0.992770417582418,0.993362516853933,0.6,15,04,46190764,Gm04_46190764_MG8
Gm04_46209700,46209700,11,MG8,186,29,2,0,-0.175029868578256,0.138248847926267,0.992770417582418,0.993362516853933,0.6,15,04,46190764,Gm04_46190764_MG8
Gm04_46209756,46209756,14,0,202,14,1,0,-0.443069306930693,0.0668202764976959,0.986265153846154,0.066693605753988,0.6,15,04,46190764,NA
Gm04_46209838,46209838,11,MG8,186,29,2,0,-0.175029868578256,0.138248847926267,0.992770417582418,0.993362516853933,0.6,15,04,46190764,Gm04_46190764_MG8
Gm04_46209854,46209854,11,MG8,186,29,2,0,-0.175029868578256,0.138248847926267,0.992770417582418,0.993362516853933,0.6,15,04,46190764,Gm04_46190764_MG8
Gm04_46209858,46209858,11,MG8,186,29,2,0,-0.175029868578256,0.138248847926267,0.992770417582418,0.993362516853933,0.6,15,04,46190764,Gm04_46190764_MG8
Gm04_46209872,46209872,11,MG8,186,29,2,0,-0.175029868578256,0.138248847926267,0.992770417582418,0.993362516853933,0.6,15,04,46190764,Gm04_46190764_MG8
Gm04_46209894,46209894,11,MG8,186,29,2,0,-0.175029868578256,0.138248847926267,0.992770417582418,0.993362516853933,0.6,15,04,46190764,Gm04_46190764_MG8
Gm04_46210041,46210041,14,0,202,14,1,0,-0.443069306930693,0.0668202764976959,0.986265153846154,0.066693605753988,0.6,15,04,46190764,NA
Gm04_46210180,46210180,15,MG15,201,15,1,0,0.0649916247906199,0.0714285714285714,1,1,0.6,15,04,46190764,Gm04_46190764_MG15
Gm04_46210433,46210433,13,MG12,157,60,0,0,-0.0274193548387098,0.276497695852535,0.988669933333333,0.989897857142857,0.6,15,04,46190764,Gm04_46190764_MG12
Gm04_46210627,46210627,11,MG8,186,29,2,0,-0.175029868578256,0.138248847926267,0.992770417582418,0.993362516853933,0.6,15,04,46190764,Gm04_46190764_MG8
Gm04_46210690,46210690,15,MG15,201,15,1,0,0.0649916247906199,0.0714285714285714,1,1,0.6,15,04,46190764,Gm04_46190764_MG15
Gm04_46210720,46210720,15,MG15,201,15,1,0,0.0649916247906199,0.0714285714285714,1,1,0.6,15,04,46190764,Gm04_46190764_MG15
Gm04_46210743,46210743,11,MG8,186,30,1,0,-0.193548387096774,0.140552995391705,0.99665,0.997109483146067,0.6,15,04,46190764,Gm04_46190764_MG8
Gm04_46210879,46210879,12,0,123,91,3,0,-0.0893395450808441,0.426267281105991,0.981605666666667,0.145824732275692,0.6,15,04,46190764,NA
Gm04_46210915,46210915,13,MG12,157,60,0,0,-0.0274193548387098,0.276497695852535,0.988669933333333,0.989897857142857,0.6,15,04,46190764,Gm04_46190764_MG12
Gm04_46211103,46211103,15,MG15,201,15,1,0,0.0649916247906199,0.0714285714285714,1,1,0.6,15,04,46190764,Gm04_46190764_MG15
Gm04_46211117,46211117,15,MG15,201,15,1,0,0.0649916247906199,0.0714285714285714,1,1,0.6,15,04,46190764,Gm04_46190764_MG15
Gm04_46211207,46211207,11,MG8,186,29,2,0,-0.175029868578256,0.138248847926267,0.992770417582418,0.993362516853933,0.6,15,04,46190764,Gm04_46190764_MG8
Gm04_46211357,46211357,11,MG8,186,29,2,0,-0.175029868578256,0.138248847926267,0.992770417582418,0.993362516853933,0.6,15,04,46190764,Gm04_46190764_MG8
Gm04_46211393,46211393,0,0,187,29,1,0,-0.21370568429392,0.135944700460829,0.121706510167224,0.12840082998828,0.6,15,04,46190764,NA
Gm04_46211475,46211475,0,0,187,29,1,0,-0.21370568429392,0.135944700460829,0.121706510167224,0.12840082998828,0.6,15,04,46190764,NA
Gm04_46212282,46212282,11,MG8,186,30,1,0,-0.193548387096774,0.140552995391705,0.99665,0.997109483146067,0.6,15,04,46190764,Gm04_46190764_MG8
Gm04_46212453,46212453,11,MG8,186,30,1,0,-0.193548387096774,0.140552995391705,0.99665,0.997109483146067,0.6,15,04,46190764,Gm04_46190764_MG8
Gm04_46212489,46212489,11,MG8,186,30,1,0,-0.193548387096774,0.140552995391705,0.99665,0.997109483146067,0.6,15,04,46190764,Gm04_46190764_MG8
Gm04_46212534,46212534,10,MG14,200,17,0,0,-0.0885323826500297,0.0783410138248848,0.967571705882353,0.967571705882353,0.6,15,04,46190764,Gm04_46190764_MG14
Gm04_46212850,46212850,11,MG8,186,29,2,0,-0.175029868578256,0.138248847926267,0.992770417582418,0.993362516853933,0.6,15,04,46190764,Gm04_46190764_MG8
Gm04_46212851,46212851,12,MG7,122,93,2,0,-0.0785444064132588,0.433179723502304,0.988499,0.989014217391304,0.6,15,04,46190764,Gm04_46190764_MG7
Gm04_46212862,46212862,0,0,183,32,2,0,-0.121857923497268,0.152073732718894,0.119766946711023,0.125504983574427,0.6,15,04,46190764,NA
Gm04_46212873,46212873,12,MG7,122,93,2,0,-0.0785444064132588,0.433179723502304,0.988499,0.989014217391304,0.6,15,04,46190764,Gm04_46190764_MG7
Gm04_46212874,46212874,15,MG15,201,15,1,0,0.0649916247906199,0.0714285714285714,1,1,0.6,15,04,46190764,Gm04_46190764_MG15
Gm04_46212899,46212899,15,MG15,201,15,1,0,0.0649916247906199,0.0714285714285714,1,1,0.6,15,04,46190764,Gm04_46190764_MG15
Gm04_46212911,46212911,14,0,202,14,1,0,-0.443069306930693,0.0668202764976959,0.986265153846154,0.066693605753988,0.6,15,04,46190764,NA
Gm04_46212975,46212975,0,0,105,110,2,0,-0.112698412698413,0.511520737327189,0.169045203483896,0.166111801270991,0.6,15,04,46190764,NA
Gm04_46213015,46213015,11,MG8,186,30,1,0,-0.193548387096774,0.140552995391705,0.99665,0.997109483146067,0.6,15,04,46190764,Gm04_46190764_MG8
Gm04_46213040,46213040,11,MG8,186,30,1,0,-0.193548387096774,0.140552995391705,0.99665,0.997109483146067,0.6,15,04,46190764,Gm04_46190764_MG8
Gm04_46213085,46213085,14,MG13,201,14,2,0,-0.446517412935323,0.0691244239631336,0.995263846153846,1,0.6,15,04,46190764,Gm04_46190764_MG13
Gm04_46213147,46213147,14,0,202,14,1,0,-0.443069306930693,0.0668202764976959,0.986265153846154,0.066693605753988,0.6,15,04,46190764,NA
Gm04_46213183,46213183,11,MG8,186,29,2,0,-0.175029868578256,0.138248847926267,0.992770417582418,0.993362516853933,0.6,15,04,46190764,Gm04_46190764_MG8
Gm04_46213203,46213203,11,MG8,186,29,2,0,-0.175029868578256,0.138248847926267,0.992770417582418,0.993362516853933,0.6,15,04,46190764,Gm04_46190764_MG8
Gm04_46213234,46213234,15,MG15,201,15,1,0,0.0649916247906199,0.0714285714285714,1,1,0.6,15,04,46190764,Gm04_46190764_MG15
Gm04_46213272,46213272,11,MG8,186,30,1,0,-0.193548387096774,0.140552995391705,0.99665,0.997109483146067,0.6,15,04,46190764,Gm04_46190764_MG8
Gm04_46213282,46213282,15,MG15,201,15,1,0,0.0649916247906199,0.0714285714285714,1,1,0.6,15,04,46190764,Gm04_46190764_MG15
Gm04_46213289,46213289,14,0,202,14,1,0,-0.443069306930693,0.0668202764976959,0.986265153846154,0.066693605753988,0.6,15,04,46190764,NA
Gm04_46213334,46213334,15,MG15,201,15,1,0,0.0649916247906199,0.0714285714285714,1,1,0.6,15,04,46190764,Gm04_46190764_MG15
Gm04_46213335,46213335,15,MG15,201,15,1,0,0.0649916247906199,0.0714285714285714,1,1,0.6,15,04,46190764,Gm04_46190764_MG15
Gm04_46213420,46213420,13,MG12,156,61,0,0,-0.0195869704066425,0.28110599078341,0.987186933333333,0.986675857142857,0.6,15,04,46190764,Gm04_46190764_MG12
Gm04_46213430,46213430,11,MG8,186,30,1,0,-0.193548387096774,0.140552995391705,0.99665,0.997109483146067,0.6,15,04,46190764,Gm04_46190764_MG8
Gm04_46213465,46213465,15,MG15,201,15,1,0,0.0649916247906199,0.0714285714285714,1,1,0.6,15,04,46190764,Gm04_46190764_MG15
Gm04_46213481,46213481,0,0,104,111,2,0,-0.106474947071277,0.516129032258065,0.167343595030144,0.16446694711588,0.6,15,04,46190764,NA
Gm04_46213507,46213507,13,0,156,60,1,0,-0.0253246753246754,0.278801843317972,0.982902733333333,0.169220875396752,0.6,15,04,46190764,NA
Gm04_46213517,46213517,14,MG13,201,14,2,0,-0.446517412935323,0.0691244239631336,0.995263846153846,1,0.6,15,04,46190764,Gm04_46190764_MG13
Gm04_46213530,46213530,15,MG15,201,15,1,0,0.0649916247906199,0.0714285714285714,1,1,0.6,15,04,46190764,Gm04_46190764_MG15
Gm04_46213578,46213578,11,MG8,186,30,1,0,-0.193548387096774,0.140552995391705,0.99665,0.997109483146067,0.6,15,04,46190764,Gm04_46190764_MG8
Gm04_46213601,46213601,15,MG15,201,15,1,0,0.0649916247906199,0.0714285714285714,1,1,0.6,15,04,46190764,Gm04_46190764_MG15
Gm04_46213695,46213695,12,MG7,122,93,2,0,-0.0785444064132588,0.433179723502304,0.988499,0.989014217391304,0.6,15,04,46190764,Gm04_46190764_MG7
Gm04_46213712,46213712,14,0,202,14,1,0,-0.443069306930693,0.0668202764976959,0.986265153846154,0.066693605753988,0.6,15,04,46190764,NA
Gm04_46213773,46213773,12,MG7,123,93,1,0,-0.0919324577861163,0.430875576036866,0.987362291666667,0.987218,0.6,15,04,46190764,Gm04_46190764_MG7
Gm04_46213913,46213913,14,MG13,201,14,2,0,-0.446517412935323,0.0691244239631336,0.995263846153846,1,0.6,15,04,46190764,Gm04_46190764_MG13
Gm04_46214083,46214083,11,MG8,186,30,1,0,-0.193548387096774,0.140552995391705,0.99665,0.997109483146067,0.6,15,04,46190764,Gm04_46190764_MG8
Gm04_46214244,46214244,14,0,202,14,1,0,-0.443069306930693,0.0668202764976959,0.986265153846154,0.066693605753988,0.6,15,04,46190764,NA
Gm04_46214252,46214252,11,MG8,186,29,2,0,-0.175029868578256,0.138248847926267,0.992770417582418,0.993362516853933,0.6,15,04,46190764,Gm04_46190764_MG8
Gm04_46214440,46214440,12,MG7,122,94,1,0,-0.0853528153955807,0.435483870967742,0.990503291666667,0.991297434782609,0.6,15,04,46190764,Gm04_46190764_MG7
Gm04_46214651,46214651,11,MG8,186,30,1,0,-0.193548387096774,0.140552995391705,0.99665,0.997109483146067,0.6,15,04,46190764,Gm04_46190764_MG8
Gm04_46214712,46214712,0,0,183,32,2,0,-0.121857923497268,0.152073732718894,0.119766946711023,0.125504983574427,0.6,15,04,46190764,NA
Gm04_46214844,46214844,12,MG7,122,94,1,0,-0.0853528153955807,0.435483870967742,0.990503291666667,0.991297434782609,0.6,15,04,46190764,Gm04_46190764_MG7
Gm04_46214879,46214879,0,0,137,78,2,0,-0.102766039185555,0.36405529953917,0.137088773892822,0.137620570185132,0.6,15,04,46190764,NA
Gm04_46214913,46214913,15,MG15,201,15,1,0,0.0649916247906199,0.0714285714285714,1,1,0.6,15,04,46190764,Gm04_46190764_MG15
Gm04_46214919,46214919,12,MG7,122,93,2,0,-0.0785444064132588,0.433179723502304,0.988499,0.989014217391304,0.6,15,04,46190764,Gm04_46190764_MG7
Gm04_46215000,46215000,14,MG13,201,14,2,0,-0.446517412935323,0.0691244239631336,0.995263846153846,1,0.6,15,04,46190764,Gm04_46190764_MG13
Gm04_46215037,46215037,11,MG8,186,30,1,0,-0.193548387096774,0.140552995391705,0.99665,0.997109483146067,0.6,15,04,46190764,Gm04_46190764_MG8
Gm04_46215059,46215059,11,MG8,186,30,1,0,-0.193548387096774,0.140552995391705,0.99665,0.997109483146067,0.6,15,04,46190764,Gm04_46190764_MG8
Gm04_46215143,46215143,14,MG13,201,14,2,0,-0.446517412935323,0.0691244239631336,0.995263846153846,1,0.6,15,04,46190764,Gm04_46190764_MG13
Gm04_46215215,46215215,14,MG13,201,14,2,0,-0.446517412935323,0.0691244239631336,0.995263846153846,1,0.6,15,04,46190764,Gm04_46190764_MG13
Gm04_46215341,46215341,11,MG8,186,29,2,0,-0.175029868578256,0.138248847926267,0.992770417582418,0.993362516853933,0.6,15,04,46190764,Gm04_46190764_MG8
Gm04_46215401,46215401,14,0,202,14,1,0,-0.443069306930693,0.0668202764976959,0.986265153846154,0.066693605753988,0.6,15,04,46190764,NA
Gm04_46215422,46215422,15,MG15,201,15,1,0,0.0649916247906199,0.0714285714285714,1,1,0.6,15,04,46190764,Gm04_46190764_MG15
Gm04_46215449,46215449,15,MG15,201,15,1,0,0.0649916247906199,0.0714285714285714,1,1,0.6,15,04,46190764,Gm04_46190764_MG15
Gm04_46215536,46215536,11,MG8,186,29,2,0,-0.175029868578256,0.138248847926267,0.992770417582418,0.993362516853933,0.6,15,04,46190764,Gm04_46190764_MG8
Gm04_46215543,46215543,15,MG15,201,15,1,0,0.0649916247906199,0.0714285714285714,1,1,0.6,15,04,46190764,Gm04_46190764_MG15
Gm04_46215572,46215572,15,MG15,201,15,1,0,0.0649916247906199,0.0714285714285714,1,1,0.6,15,04,46190764,Gm04_46190764_MG15
Gm04_46215714,46215714,11,0,186,31,0,0,-0.176307007786429,0.142857142857143,0.987673956043956,0.137369262530672,0.6,15,04,46190764,NA
Gm04_46215733,46215733,11,MG8,186,30,1,0,-0.193548387096774,0.140552995391705,0.99665,0.997109483146067,0.6,15,04,46190764,Gm04_46190764_MG8
Gm04_46215775,46215775,14,MG13,201,14,2,0,-0.446517412935323,0.0691244239631336,0.995263846153846,1,0.6,15,04,46190764,Gm04_46190764_MG13
Gm04_46215802,46215802,11,MG8,186,30,1,0,-0.193548387096774,0.140552995391705,0.99665,0.997109483146067,0.6,15,04,46190764,Gm04_46190764_MG8
Gm04_46215860,46215860,11,MG8,186,29,2,0,-0.175029868578256,0.138248847926267,0.992770417582418,0.993362516853933,0.6,15,04,46190764,Gm04_46190764_MG8
Gm04_46215900,46215900,11,MG8,186,29,2,0,-0.175029868578256,0.138248847926267,0.992770417582418,0.993362516853933,0.6,15,04,46190764,Gm04_46190764_MG8
Gm04_46215901,46215901,13,MG12,156,61,0,0,-0.0195869704066425,0.28110599078341,0.987186933333333,0.986675857142857,0.6,15,04,46190764,Gm04_46190764_MG12
Gm04_46215916,46215916,15,MG15,201,15,1,0,0.0649916247906199,0.0714285714285714,1,1,0.6,15,04,46190764,Gm04_46190764_MG15
Gm04_46215951,46215951,0,0,183,32,2,0,-0.121857923497268,0.152073732718894,0.119766946711023,0.125504983574427,0.6,15,04,46190764,NA
Gm04_46216178,46216178,11,MG8,186,30,1,0,-0.193548387096774,0.140552995391705,0.99665,0.997109483146067,0.6,15,04,46190764,Gm04_46190764_MG8
Gm04_46216365,46216365,0,0,105,109,3,0,-0.116332888295505,0.509216589861751,0.168694450508977,0.165796103611111,0.6,15,04,46190764,NA
Gm04_46216436,46216436,14,MG13,201,14,2,0,-0.446517412935323,0.0691244239631336,0.995263846153846,1,0.6,15,04,46190764,Gm04_46190764_MG13
Gm04_46216439,46216439,0,0,105,110,2,0,-0.112698412698413,0.511520737327189,0.169045203483896,0.166111801270991,0.6,15,04,46190764,NA
Gm04_46216495,46216495,13,MG12,157,60,0,0,-0.0274193548387098,0.276497695852535,0.988669933333333,0.989897857142857,0.6,15,04,46190764,Gm04_46190764_MG12
Gm04_46216511,46216511,11,MG8,186,30,1,0,-0.193548387096774,0.140552995391705,0.99665,0.997109483146067,0.6,15,04,46190764,Gm04_46190764_MG8
Gm04_46216571,46216571,11,MG8,186,30,1,0,-0.193548387096774,0.140552995391705,0.99665,0.997109483146067,0.6,15,04,46190764,Gm04_46190764_MG8
Gm04_46216609,46216609,14,MG13,201,14,2,0,-0.446517412935323,0.0691244239631336,0.995263846153846,1,0.6,15,04,46190764,Gm04_46190764_MG13
Gm04_46216620,46216620,12,MG7,122,93,2,0,-0.0895334174022697,0.433179723502304,0.986540291666667,0.986970347826087,0.6,15,04,46190764,Gm04_46190764_MG7
Gm04_46216761,46216761,15,MG15,201,15,1,0,0.0649916247906199,0.0714285714285714,1,1,0.6,15,04,46190764,Gm04_46190764_MG15
Gm04_46216836,46216836,11,MG8,186,30,1,0,-0.193548387096774,0.140552995391705,0.99665,0.997109483146067,0.6,15,04,46190764,Gm04_46190764_MG8
Gm04_46217167,46217167,0,0,197,17,3,0,-0.0247360482654602,0.0852534562211982,0.0565503287253142,0.0567855097435897,0.6,15,04,46190764,NA
Gm04_46217309,46217309,12,MG7,123,92,2,0,-0.0850948509485094,0.428571428571429,0.985434875,0.985006391304348,0.6,15,04,46190764,Gm04_46190764_MG7
Gm04_46217326,46217326,11,MG8,186,29,2,0,-0.175029868578256,0.138248847926267,0.992770417582418,0.993362516853933,0.6,15,04,46190764,Gm04_46190764_MG8
Gm04_46217388,46217388,11,MG8,186,30,1,0,-0.193548387096774,0.140552995391705,0.99665,0.997109483146067,0.6,15,04,46190764,Gm04_46190764_MG8
Gm04_46217645,46217645,11,MG8,186,30,1,0,-0.193548387096774,0.140552995391705,0.99665,0.997109483146067,0.6,15,04,46190764,Gm04_46190764_MG8
Gm04_46217686,46217686,11,MG8,186,30,1,0,-0.193548387096774,0.140552995391705,0.99665,0.997109483146067,0.6,15,04,46190764,Gm04_46190764_MG8
Gm04_46217765,46217765,13,MG12,157,60,0,0,-0.0274193548387098,0.276497695852535,0.988669933333333,0.989897857142857,0.6,15,04,46190764,Gm04_46190764_MG12
Gm04_46217814,46217814,15,MG15,201,15,1,0,0.0649916247906199,0.0714285714285714,1,1,0.6,15,04,46190764,Gm04_46190764_MG15
Gm04_46217883,46217883,0,0,90,124,3,0,0.0183284457478006,0.578341013824885,0.202323657401634,0.200518168449077,0.6,15,04,46190764,NA
Gm04_46217949,46217949,11,MG8,186,30,1,0,-0.193548387096774,0.140552995391705,0.99665,0.997109483146067,0.6,15,04,46190764,Gm04_46190764_MG8
Gm04_46218018,46218018,11,MG8,186,30,1,0,-0.193548387096774,0.140552995391705,0.99665,0.997109483146067,0.6,15,04,46190764,Gm04_46190764_MG8
Gm04_46218039,46218039,12,MG7,123,93,1,0,-0.0919324577861163,0.430875576036866,0.987362291666667,0.987218,0.6,15,04,46190764,Gm04_46190764_MG7
Gm04_46218104,46218104,11,MG8,186,29,2,0,-0.175029868578256,0.138248847926267,0.992770417582418,0.993362516853933,0.6,15,04,46190764,Gm04_46190764_MG8
Gm04_46218136,46218136,10,MG14,200,17,0,0,-0.0885323826500297,0.0783410138248848,0.967571705882353,0.967571705882353,0.6,15,04,46190764,Gm04_46190764_MG14
Gm04_46218182,46218182,11,MG8,186,30,1,0,-0.193548387096774,0.140552995391705,0.99665,0.997109483146067,0.6,15,04,46190764,Gm04_46190764_MG8
Gm04_46218288,46218288,12,MG7,122,94,1,0,-0.0853528153955807,0.435483870967742,0.990503291666667,0.991297434782609,0.6,15,04,46190764,Gm04_46190764_MG7
Gm04_46218462,46218462,15,MG15,201,15,1,0,0.0649916247906199,0.0714285714285714,1,1,0.6,15,04,46190764,Gm04_46190764_MG15
Gm04_46218487,46218487,13,MG12,157,60,0,0,-0.0274193548387098,0.276497695852535,0.988669933333333,0.989897857142857,0.6,15,04,46190764,Gm04_46190764_MG12
Gm04_46218499,46218499,14,0,202,14,1,0,-0.443069306930693,0.0668202764976959,0.986265153846154,0.066693605753988,0.6,15,04,46190764,NA
Gm04_46218535,46218535,12,MG7,123,93,1,0,-0.0919324577861163,0.430875576036866,0.987362291666667,0.987218,0.6,15,04,46190764,Gm04_46190764_MG7
Gm04_46218587,46218587,15,MG15,201,15,1,0,0.0649916247906199,0.0714285714285714,1,1,0.6,15,04,46190764,Gm04_46190764_MG15
Gm04_46218637,46218637,15,MG15,201,15,1,0,0.0649916247906199,0.0714285714285714,1,1,0.6,15,04,46190764,Gm04_46190764_MG15
Gm04_46218653,46218653,11,MG8,186,30,1,0,-0.193548387096774,0.140552995391705,0.99665,0.997109483146067,0.6,15,04,46190764,Gm04_46190764_MG8
Gm04_46218703,46218703,11,MG8,186,30,1,0,-0.193548387096774,0.140552995391705,0.99665,0.997109483146067,0.6,15,04,46190764,Gm04_46190764_MG8
Gm04_46218769,46218769,0,0,105,110,2,0,-0.112698412698413,0.511520737327189,0.169045203483896,0.166111801270991,0.6,15,04,46190764,NA
Gm04_46218889,46218889,11,MG8,186,30,1,0,-0.193548387096774,0.140552995391705,0.99665,0.997109483146067,0.6,15,04,46190764,Gm04_46190764_MG8
Gm04_46218927,46218927,14,MG13,201,14,2,0,-0.446517412935323,0.0691244239631336,0.995263846153846,1,0.6,15,04,46190764,Gm04_46190764_MG13
Gm04_46218954,46218954,14,MG13,201,14,2,0,-0.446517412935323,0.0691244239631336,0.995263846153846,1,0.6,15,04,46190764,Gm04_46190764_MG13
Gm04_46218957,46218957,15,MG15,201,15,1,0,0.0649916247906199,0.0714285714285714,1,1,0.6,15,04,46190764,Gm04_46190764_MG15
Gm04_46219000,46219000,15,MG15,201,15,1,0,0.0649916247906199,0.0714285714285714,1,1,0.6,15,04,46190764,Gm04_46190764_MG15
Gm04_46219033,46219033,11,MG8,186,30,1,0,-0.193548387096774,0.140552995391705,0.99665,0.997109483146067,0.6,15,04,46190764,Gm04_46190764_MG8
Gm04_46219066,46219066,11,MG8,186,30,1,0,-0.193548387096774,0.140552995391705,0.99665,0.997109483146067,0.6,15,04,46190764,Gm04_46190764_MG8
Gm04_46219084,46219084,11,MG8,186,30,1,0,-0.193548387096774,0.140552995391705,0.99665,0.997109483146067,0.6,15,04,46190764,Gm04_46190764_MG8
Gm04_46219086,46219086,11,MG8,186,30,1,0,-0.193548387096774,0.140552995391705,0.99665,0.997109483146067,0.6,15,04,46190764,Gm04_46190764_MG8
Gm04_46219092,46219092,11,MG8,186,30,1,0,-0.193548387096774,0.140552995391705,0.99665,0.997109483146067,0.6,15,04,46190764,Gm04_46190764_MG8
Gm04_46219157,46219157,11,MG8,186,29,2,0,-0.175029868578256,0.138248847926267,0.992770417582418,0.993362516853933,0.6,15,04,46190764,Gm04_46190764_MG8
Gm04_46219221,46219221,15,MG15,201,15,1,0,0.0649916247906199,0.0714285714285714,1,1,0.6,15,04,46190764,Gm04_46190764_MG15
Gm04_46219232,46219232,15,MG15,201,15,1,0,0.0649916247906199,0.0714285714285714,1,1,0.6,15,04,46190764,Gm04_46190764_MG15
Gm04_46219240,46219240,14,MG13,201,14,2,0,-0.446517412935323,0.0691244239631336,0.995263846153846,1,0.6,15,04,46190764,Gm04_46190764_MG13
Gm04_46219250,46219250,15,MG15,201,15,1,0,0.0649916247906199,0.0714285714285714,1,1,0.6,15,04,46190764,Gm04_46190764_MG15
Gm04_46219390,46219390,14,MG13,201,14,2,0,-0.446517412935323,0.0691244239631336,0.995263846153846,1,0.6,15,04,46190764,Gm04_46190764_MG13
Gm04_46219532,46219532,13,MG12,156,61,0,0,-0.0195869704066425,0.28110599078341,0.987186933333333,0.986675857142857,0.6,15,04,46190764,Gm04_46190764_MG12
Gm04_46219545,46219545,11,MG8,186,30,1,0,-0.193548387096774,0.140552995391705,0.99665,0.997109483146067,0.6,15,04,46190764,Gm04_46190764_MG8
Gm04_46219598,46219598,14,MG13,201,14,2,0,-0.446517412935323,0.0691244239631336,0.995263846153846,1,0.6,15,04,46190764,Gm04_46190764_MG13
Gm04_46219661,46219661,11,MG8,186,30,1,0,-0.193548387096774,0.140552995391705,0.99665,0.997109483146067,0.6,15,04,46190764,Gm04_46190764_MG8
Gm04_46219782,46219782,14,MG13,201,14,2,0,-0.446517412935323,0.0691244239631336,0.995263846153846,1,0.6,15,04,46190764,Gm04_46190764_MG13
Gm04_46219816,46219816,14,MG13,201,14,2,0,-0.446517412935323,0.0691244239631336,0.995263846153846,1,0.6,15,04,46190764,Gm04_46190764_MG13
Gm04_46219902,46219902,13,MG12,157,60,0,0,-0.0274193548387098,0.276497695852535,0.988669933333333,0.989897857142857,0.6,15,04,46190764,Gm04_46190764_MG12
Gm04_46219963,46219963,13,MG12,156,61,0,0,-0.0195869704066425,0.28110599078341,0.987186933333333,0.986675857142857,0.6,15,04,46190764,Gm04_46190764_MG12
Gm04_46219998,46219998,14,MG13,201,14,2,0,-0.446517412935323,0.0691244239631336,0.995263846153846,1,0.6,15,04,46190764,Gm04_46190764_MG13
Gm04_46220008,46220008,11,MG8,186,30,1,0,-0.193548387096774,0.140552995391705,0.99665,0.997109483146067,0.6,15,04,46190764,Gm04_46190764_MG8
Gm04_46220299,46220299,0,0,154,63,0,0,-0.0043859649122806,0.290322580645161,0.167357243775583,0.166063494398291,0.6,15,04,46190764,NA
Gm04_46220785,46220785,13,MG12,156,61,0,0,-0.0195869704066425,0.28110599078341,0.987186933333333,0.986675857142857,0.6,15,04,46190764,Gm04_46190764_MG12
Gm04_46220832,46220832,0,0,183,33,1,0,-0.140137493389741,0.154377880184332,0.122245144941421,0.127746761510037,0.6,15,04,46190764,NA
Gm04_46221965,46221965,14,MG13,201,14,2,0,-0.446517412935323,0.0691244239631336,0.995263846153846,1,0.6,15,04,46190764,Gm04_46190764_MG13
Gm04_46222358,46222358,15,MG15,201,15,1,0,0.0649916247906199,0.0714285714285714,1,1,0.6,15,04,46190764,Gm04_46190764_MG15
Gm04_46222589,46222589,14,MG13,201,14,2,0,-0.446517412935323,0.0691244239631336,0.995263846153846,1,0.6,15,04,46190764,Gm04_46190764_MG13
Gm04_46223048,46223048,15,MG15,201,15,1,0,0.0649916247906199,0.0714285714285714,1,1,0.6,15,04,46190764,Gm04_46190764_MG15
Gm04_46223232,46223232,15,MG15,201,15,1,0,0.0649916247906199,0.0714285714285714,1,1,0.6,15,04,46190764,Gm04_46190764_MG15
Gm04_46223462,46223462,15,MG15,201,15,1,0,0.0649916247906199,0.0714285714285714,1,1,0.6,15,04,46190764,Gm04_46190764_MG15
Gm04_46224218,46224218,14,MG13,201,14,2,0,-0.446517412935323,0.0691244239631336,0.995263846153846,1,0.6,15,04,46190764,Gm04_46190764_MG13
Gm04_46224601,46224601,11,MG8,186,30,1,0,-0.193548387096774,0.140552995391705,0.99665,0.997109483146067,0.6,15,04,46190764,Gm04_46190764_MG8
Gm04_46227590,46227590,12,MG7,122,94,1,0,-0.0853528153955807,0.435483870967742,0.990503291666667,0.991297434782609,0.6,15,04,46190764,Gm04_46190764_MG7
Gm04_46227631,46227631,11,MG8,186,30,1,0,-0.193548387096774,0.140552995391705,0.99665,0.997109483146067,0.6,15,04,46190764,Gm04_46190764_MG8
Gm04_46227662,46227662,12,MG7,122,94,1,0,-0.0853528153955807,0.435483870967742,0.990503291666667,0.991297434782609,0.6,15,04,46190764,Gm04_46190764_MG7
Gm04_46227684,46227684,13,MG12,156,61,0,0,-0.0195869704066425,0.28110599078341,0.987186933333333,0.986675857142857,0.6,15,04,46190764,Gm04_46190764_MG12
Gm04_46227891,46227891,14,0,202,14,1,0,-0.443069306930693,0.0668202764976959,0.986265153846154,0.066693605753988,0.6,15,04,46190764,NA
Gm04_46227966,46227966,14,MG13,201,14,2,0,-0.446517412935323,0.0691244239631336,0.995263846153846,1,0.6,15,04,46190764,Gm04_46190764_MG13
Gm04_46228072,46228072,0,0,200,16,1,0,0.0833333333333333,0.076036866359447,0.0883541182820467,0.0867099215403419,0.6,15,04,46190764,NA
Gm04_46228093,46228093,11,MG8,186,30,1,0,-0.193548387096774,0.140552995391705,0.99665,0.997109483146067,0.6,15,04,46190764,Gm04_46190764_MG8
Gm04_46228107,46228107,0,0,120,95,2,0,-0.0148082069580731,0.442396313364055,0.148531855819259,0.146042529916799,0.6,15,04,46190764,NA
Gm04_46228153,46228153,15,MG15,201,15,1,0,0.0649916247906199,0.0714285714285714,1,1,0.6,15,04,46190764,Gm04_46190764_MG15
Gm04_46228346,46228346,12,MG7,123,93,1,0,-0.0919324577861163,0.430875576036866,0.987362291666667,0.987218,0.6,15,04,46190764,Gm04_46190764_MG7
Gm04_46228516,46228516,15,MG15,201,15,1,0,0.0649916247906199,0.0714285714285714,1,1,0.6,15,04,46190764,Gm04_46190764_MG15
Gm04_46228573,46228573,15,MG15,201,15,1,0,0.0649916247906199,0.0714285714285714,1,1,0.6,15,04,46190764,Gm04_46190764_MG15
Gm04_46228686,46228686,11,MG8,186,30,1,0,-0.193548387096774,0.140552995391705,0.99665,0.997109483146067,0.6,15,04,46190764,Gm04_46190764_MG8
Gm04_46228721,46228721,14,MG13,201,14,2,0,-0.446517412935323,0.0691244239631336,0.995263846153846,1,0.6,15,04,46190764,Gm04_46190764_MG13
Gm04_46228841,46228841,15,MG15,201,15,1,0,0.0649916247906199,0.0714285714285714,1,1,0.6,15,04,46190764,Gm04_46190764_MG15
Gm04_46228864,46228864,15,MG15,201,15,1,0,0.0649916247906199,0.0714285714285714,1,1,0.6,15,04,46190764,Gm04_46190764_MG15
Gm04_46228902,46228902,15,MG15,201,15,1,0,0.0649916247906199,0.0714285714285714,1,1,0.6,15,04,46190764,Gm04_46190764_MG15
Gm04_46228984,46228984,11,MG8,186,30,1,0,-0.193548387096774,0.140552995391705,0.99665,0.997109483146067,0.6,15,04,46190764,Gm04_46190764_MG8
Gm04_46229000,46229000,11,MG8,186,30,1,0,-0.193548387096774,0.140552995391705,0.99665,0.997109483146067,0.6,15,04,46190764,Gm04_46190764_MG8
Gm04_46229292,46229292,10,MG14,200,17,0,0,-0.0885323826500297,0.0783410138248848,0.967571705882353,0.967571705882353,0.6,15,04,46190764,Gm04_46190764_MG14
Gm04_46229883,46229883,10,MG14,200,17,0,0,-0.0885323826500297,0.0783410138248848,0.967571705882353,0.967571705882353,0.6,15,04,46190764,Gm04_46190764_MG14
Gm04_46230299,46230299,15,MG15,201,15,1,0,0.0649916247906199,0.0714285714285714,1,1,0.6,15,04,46190764,Gm04_46190764_MG15
Gm04_46230361,46230361,15,MG15,201,15,1,0,0.0649916247906199,0.0714285714285714,1,1,0.6,15,04,46190764,Gm04_46190764_MG15
Gm04_46230610,46230610,14,MG13,201,14,2,0,-0.446517412935323,0.0691244239631336,0.995263846153846,1,0.6,15,04,46190764,Gm04_46190764_MG13
Gm04_46231243,46231243,15,MG15,201,15,1,0,0.0649916247906199,0.0714285714285714,1,1,0.6,15,04,46190764,Gm04_46190764_MG15
Gm04_46231710,46231710,15,MG15,201,15,1,0,0.0649916247906199,0.0714285714285714,1,1,0.6,15,04,46190764,Gm04_46190764_MG15
Gm04_46231777,46231777,11,MG8,186,30,1,0,-0.193548387096774,0.140552995391705,0.99665,0.997109483146067,0.6,15,04,46190764,Gm04_46190764_MG8
Gm04_46231912,46231912,12,MG7,123,93,1,0,-0.0919324577861163,0.430875576036866,0.987362291666667,0.987218,0.6,15,04,46190764,Gm04_46190764_MG7
Gm04_46232393,46232393,15,MG15,201,15,1,0,0.0649916247906199,0.0714285714285714,1,1,0.6,15,04,46190764,Gm04_46190764_MG15
Gm04_46232687,46232687,11,MG8,186,30,1,0,-0.193548387096774,0.140552995391705,0.99665,0.997109483146067,0.6,15,04,46190764,Gm04_46190764_MG8
Gm04_46232910,46232910,11,MG8,186,29,2,0,-0.175029868578256,0.138248847926267,0.992770417582418,0.993362516853933,0.6,15,04,46190764,Gm04_46190764_MG8
Gm04_46233251,46233251,14,MG13,201,14,2,0,-0.446517412935323,0.0691244239631336,0.995263846153846,1,0.6,15,04,46190764,Gm04_46190764_MG13
Gm04_46233272,46233272,12,MG7,123,93,1,0,-0.0919324577861163,0.430875576036866,0.987362291666667,0.987218,0.6,15,04,46190764,Gm04_46190764_MG7
Gm04_46233391,46233391,14,MG13,201,14,2,0,-0.446517412935323,0.0691244239631336,0.995263846153846,1,0.6,15,04,46190764,Gm04_46190764_MG13
Gm04_46234352,46234352,15,MG15,201,15,1,0,0.0649916247906199,0.0714285714285714,1,1,0.6,15,04,46190764,Gm04_46190764_MG15
Gm04_46234644,46234644,15,MG15,201,15,1,0,0.0649916247906199,0.0714285714285714,1,1,0.6,15,04,46190764,Gm04_46190764_MG15
Gm04_46234835,46234835,14,MG13,201,14,2,0,-0.446517412935323,0.0691244239631336,0.995263846153846,1,0.6,15,04,46190764,Gm04_46190764_MG13
Gm04_46235124,46235124,14,MG13,201,14,2,0,-0.446517412935323,0.0691244239631336,0.995263846153846,1,0.6,15,04,46190764,Gm04_46190764_MG13
Gm04_46235232,46235232,15,MG15,201,15,1,0,0.0649916247906199,0.0714285714285714,1,1,0.6,15,04,46190764,Gm04_46190764_MG15
Gm04_46235749,46235749,13,MG12,157,60,0,0,-0.0274193548387098,0.276497695852535,0.988669933333333,0.989897857142857,0.6,15,04,46190764,Gm04_46190764_MG12
Gm04_46236607,46236607,14,MG13,201,14,2,0,-0.446517412935323,0.0691244239631336,0.995263846153846,1,0.6,15,04,46190764,Gm04_46190764_MG13
Gm04_46237011,46237011,0,0,198,17,2,0,-0.291919191919192,0.0829493087557604,0.0482342894639677,0.0614744923938974,0.6,15,04,46190764,NA
Gm04_46237015,46237015,12,MG7,122,94,1,0,-0.0853528153955807,0.435483870967742,0.990503291666667,0.991297434782609,0.6,15,04,46190764,Gm04_46190764_MG7
Gm04_46237065,46237065,0,0,198,17,2,0,-0.291919191919192,0.0829493087557604,0.0482342894639677,0.0614744923938974,0.6,15,04,46190764,NA
Gm04_46237134,46237134,14,MG13,201,14,2,0,-0.446517412935323,0.0691244239631336,0.995263846153846,1,0.6,15,04,46190764,Gm04_46190764_MG13
Gm04_46237253,46237253,12,MG7,122,94,1,0,-0.0853528153955807,0.435483870967742,0.990503291666667,0.991297434782609,0.6,15,04,46190764,Gm04_46190764_MG7
Gm04_46237289,46237289,12,MG7,122,94,1,0,-0.0853528153955807,0.435483870967742,0.990503291666667,0.991297434782609,0.6,15,04,46190764,Gm04_46190764_MG7
Gm04_46237292,46237292,0,0,140,76,1,0,-0.00286041189931363,0.352534562211982,0.140853975248007,0.139066007714769,0.6,15,04,46190764,NA
Gm04_46238199,46238199,0,0,197,20,0,0,-0.0217948717948719,0.0921658986175115,0.0908278387276068,0.0876265447714137,0.6,15,04,46190764,NA
Gm04_46238215,46238215,0,0,197,20,0,0,-0.0217948717948719,0.0921658986175115,0.0908278387276068,0.0876265447714137,0.6,15,04,46190764,NA
Gm04_46238251,46238251,0,0,197,20,0,0,-0.0217948717948719,0.0921658986175115,0.0908278387276068,0.0876265447714137,0.6,15,04,46190764,NA
Gm04_46238255,46238255,0,0,167,49,1,0,-0.120142693336731,0.228110599078341,0.16232497795178,0.161231176101096,0.6,15,04,46190764,NA
Gm04_46238259,46238259,0,0,197,20,0,0,-0.0217948717948719,0.0921658986175115,0.0908278387276068,0.0876265447714137,0.6,15,04,46190764,NA
Gm04_46238277,46238277,10,MG14,200,17,0,0,-0.0885323826500297,0.0783410138248848,0.967571705882353,0.967571705882353,0.6,15,04,46190764,Gm04_46190764_MG14
Gm04_46238321,46238321,0,0,118,95,4,0,-0.0753176043557169,0.447004608294931,0.144596670538779,0.141804684786496,0.6,15,04,46190764,NA
Gm04_46238348,46238348,10,MG14,200,17,0,0,-0.0885323826500297,0.0783410138248848,0.967571705882353,0.967571705882353,0.6,15,04,46190764,Gm04_46190764_MG14
Gm04_46238466,46238466,15,MG15,201,15,1,0,0.0649916247906199,0.0714285714285714,1,1,0.6,15,04,46190764,Gm04_46190764_MG15
Gm04_46239098,46239098,0,0,175,41,1,0,-0.0421542365712675,0.191244239631336,0.0771532028565889,0.0763490528053333,0.6,15,04,46190764,NA
Gm04_46239500,46239500,0,0,148,66,3,0,-0.0933277027027026,0.311059907834101,0.149325576580251,0.147452279516821,0.6,15,04,46190764,NA
Gm04_46239815,46239815,0,0,174,42,1,0,-0.0315614617940201,0.195852534562212,0.0780405405660682,0.0772945205731624,0.6,15,04,46190764,NA
Gm04_46239930,46239930,0,0,114,100,3,0,-0.0475000000000001,0.467741935483871,0.197925113906496,0.197792435606697,0.6,15,04,46190764,NA
Gm04_46240098,46240098,0,0,174,42,1,0,-0.0315614617940201,0.195852534562212,0.0780405405660682,0.0772945205731624,0.6,15,04,46190764,NA
Gm04_46240949,46240949,0,0,148,66,3,0,-0.0933277027027026,0.311059907834101,0.149325576580251,0.147452279516821,0.6,15,04,46190764,NA
Gm04_46242071,46242071,0,0,174,42,1,0,-0.0315614617940201,0.195852534562212,0.0780405405660682,0.0772945205731624,0.6,15,04,46190764,NA
Gm04_46243834,46243834,0,0,202,13,2,0,0.0173076923076922,0.0645161290322581,0.0283267578190976,0.0295349673029699,0.6,15,04,46190764,NA
Gm04_46243854,46243854,0,0,202,14,1,0,0.0442857142857143,0.0668202764976959,0.0980397235558348,0.0961906011935043,0.6,15,04,46190764,NA
Gm04_46243951,46243951,0,0,202,14,1,0,0.0442857142857143,0.0668202764976959,0.0980397235558348,0.0961906011935043,0.6,15,04,46190764,NA
Gm04_46243954,46243954,0,0,202,14,1,0,0.0442857142857143,0.0668202764976959,0.0980397235558348,0.0961906011935043,0.6,15,04,46190764,NA
Gm04_46243956,46243956,0,0,202,14,1,0,0.0442857142857143,0.0668202764976959,0.0980397235558348,0.0961906011935043,0.6,15,04,46190764,NA
Gm04_46243961,46243961,0,0,202,14,1,0,0.0442857142857143,0.0668202764976959,0.0980397235558348,0.0961906011935043,0.6,15,04,46190764,NA
Gm04_46244105,46244105,0,0,202,13,2,0,0.0173076923076922,0.0645161290322581,0.0283267578190976,0.0295349673029699,0.6,15,04,46190764,NA
Gm04_46244244,46244244,0,0,202,13,2,0,0.0223076923076924,0.0645161290322581,0.0269784721499641,0.0281943480727009,0.6,15,04,46190764,NA
Gm04_46244432,46244432,0,0,202,13,2,0,0.0173076923076922,0.0645161290322581,0.0283267578190976,0.0295349673029699,0.6,15,04,46190764,NA
Gm04_46244476,46244476,0,0,175,38,4,0,0.0136902951019164,0.184331797235023,0.053622236287684,0.0530646854482735,0.6,15,04,46190764,NA
Gm04_46244639,46244639,0,0,170,45,2,0,-0.00595238095238093,0.211981566820276,0.0748512871836291,0.0738288349936434,0.6,15,04,46190764,NA
Gm04_46244685,46244685,0,0,191,24,2,0,0,0.115207373271889,0.0703338196364452,0.0700185839957265,0.6,15,04,46190764,NA
Gm04_46244868,46244868,0,0,143,72,2,0,-0.0280732860520096,0.336405529953917,0.14057352458526,0.13843971332306,0.6,15,04,46190764,NA
Gm04_46245465,46245465,0,0,180,36,1,0,-0.165032679738562,0.168202764976959,0.109238529111058,0.111477428093777,0.6,15,04,46190764,NA
Gm04_46245522,46245522,0,0,180,36,1,0,-0.165032679738562,0.168202764976959,0.109238529111058,0.111477428093777,0.6,15,04,46190764,NA
Gm04_46245562,46245562,0,0,144,72,1,0,-0.0303208137715181,0.334101382488479,0.140526104930418,0.138399067087595,0.6,15,04,46190764,NA
Gm04_46245732,46245732,0,0,179,36,2,0,-0.163325665461715,0.170506912442396,0.106983180395592,0.109293074188624,0.6,15,04,46190764,NA
Gm04_46245839,46245839,0,0,159,58,0,0,-0.0435976279376236,0.267281105990783,0.168261497289048,0.166681480034188,0.6,15,04,46190764,NA
Gm04_46246401,46246401,0,0,180,36,1,0,-0.165032679738562,0.168202764976959,0.109238529111058,0.111477428093777,0.6,15,04,46190764,NA
Gm04_46247194,46247194,0,0,179,37,1,0,-0.149880287310455,0.172811059907834,0.107231617821501,0.109394959771925,0.6,15,04,46190764,NA
Gm04_46247847,46247847,0,0,179,37,1,0,-0.149880287310455,0.172811059907834,0.107231617821501,0.109394959771925,0.6,15,04,46190764,NA
Gm04_46247880,46247880,0,0,179,37,1,0,-0.149880287310455,0.172811059907834,0.107231617821501,0.109394959771925,0.6,15,04,46190764,NA
Gm04_46247981,46247981,0,0,180,36,1,0,-0.165032679738562,0.168202764976959,0.109238529111058,0.111477428093777,0.6,15,04,46190764,NA
Gm04_46248302,46248302,0,0,171,44,2,0,-0.0948203842940685,0.207373271889401,0.088223792401921,0.0898593218714017,0.6,15,04,46190764,NA
Gm04_46248960,46248960,0,0,180,36,1,0,-0.165032679738562,0.168202764976959,0.109238529111058,0.111477428093777,0.6,15,04,46190764,NA
Gm04_46253684,46253684,0,0,197,17,3,0,-0.0247360482654602,0.0852534562211982,0.0565503287253142,0.0567855097435897,0.6,15,04,46190764,NA
Gm04_46253693,46253693,0,0,195,22,0,0,-0.0372114931700422,0.101382488479263,0.104742138678636,0.101299114451282,0.6,15,04,46190764,NA
Gm04_46254038,46254038,0,0,164,51,2,0,-0.103285216525635,0.23963133640553,0.167831045565189,0.167264143657795,0.6,15,04,46190764,NA
Gm04_46254295,46254295,0,0,165,50,2,0,-0.113636363636364,0.235023041474654,0.170105332355282,0.169519050191268,0.6,15,04,46190764,NA
Gm04_46254519,46254519,0,0,164,50,3,0,-0.111788617886179,0.237327188940092,0.168162677701081,0.167675103828209,0.6,15,04,46190764,NA
Gm04_46254532,46254532,0,0,164,50,3,0,-0.111788617886179,0.237327188940092,0.168162677701081,0.167675103828209,0.6,15,04,46190764,NA
Gm04_46254878,46254878,0,0,165,50,2,0,-0.113636363636364,0.235023041474654,0.170105332355282,0.169519050191268,0.6,15,04,46190764,NA
Gm04_46255152,46255152,0,0,165,50,2,0,-0.113636363636364,0.235023041474654,0.170105332355282,0.169519050191268,0.6,15,04,46190764,NA
Gm04_46255232,46255232,0,0,106,108,3,0,-0.113207547169811,0.504608294930876,0.159854441394704,0.157275374049316,0.6,15,04,46190764,NA
Gm04_46256926,46256926,0,0,94,120,3,0,-0.0771727371078255,0.559907834101382,0.172461328792819,0.169136203312308,0.6,15,04,46190764,NA
Gm04_46257013,46257013,0,0,179,37,1,0,0.00335929149488479,0.172811059907834,0.134905287887074,0.130867532996752,0.6,15,04,46190764,NA
Gm04_46257254,46257254,0,0,146,68,3,0,0.002859477124183,0.320276497695853,0.176073514070018,0.174226608439316,0.6,15,04,46190764,NA
Gm04_46258486,46258486,0,0,147,68,2,0,0.00750507099391484,0.317972350230415,0.1774091394614,0.17558383842735,0.6,15,04,46190764,NA
Gm04_46258589,46258589,0,0,146,68,3,0,0.002859477124183,0.320276497695853,0.176073514070018,0.174226608439316,0.6,15,04,46190764,NA
Gm04_46258687,46258687,0,0,146,68,3,0,0.002859477124183,0.320276497695853,0.176073514070018,0.174226608439316,0.6,15,04,46190764,NA
Gm04_46258888,46258888,0,0,94,119,4,0,-0.0717403164211676,0.557603686635945,0.171668976952547,0.168413644453369,0.6,15,04,46190764,NA
Gm04_46259615,46259615,0,0,158,58,1,0,-0.0415561450044208,0.269585253456221,0.168317023263914,0.166722358355556,0.6,15,04,46190764,NA
Gm04_46260037,46260037,0,0,165,50,2,0,-0.113636363636364,0.235023041474654,0.170105332355282,0.169519050191268,0.6,15,04,46190764,NA
Gm04_46260239,46260239,0,0,158,58,1,0,-0.0415561450044208,0.269585253456221,0.168317023263914,0.166722358355556,0.6,15,04,46190764,NA
Gm04_46260328,46260328,0,0,159,58,0,0,-0.0435976279376236,0.267281105990783,0.168261497289048,0.166681480034188,0.6,15,04,46190764,NA
Gm04_46260483,46260483,0,0,158,58,1,0,-0.0415561450044208,0.269585253456221,0.168317023263914,0.166722358355556,0.6,15,04,46190764,NA
Gm04_46260664,46260664,0,0,158,58,1,0,-0.0415561450044208,0.269585253456221,0.168317023263914,0.166722358355556,0.6,15,04,46190764,NA
Gm04_46260690,46260690,0,0,158,58,1,0,-0.0415561450044208,0.269585253456221,0.168317023263914,0.166722358355556,0.6,15,04,46190764,NA
Gm04_46260705,46260705,0,0,158,58,1,0,-0.0415561450044208,0.269585253456221,0.168317023263914,0.166722358355556,0.6,15,04,46190764,NA
Gm04_46260746,46260746,0,0,158,58,1,0,-0.0415561450044208,0.269585253456221,0.168317023263914,0.166722358355556,0.6,15,04,46190764,NA
Gm04_46260909,46260909,0,0,158,58,1,0,-0.0415561450044208,0.269585253456221,0.168317023263914,0.166722358355556,0.6,15,04,46190764,NA
Gm04_46261048,46261048,0,0,164,51,2,0,-0.103285216525635,0.23963133640553,0.167831045565189,0.167264143657795,0.6,15,04,46190764,NA
Gm04_46261070,46261070,0,0,158,58,1,0,-0.0415561450044208,0.269585253456221,0.168317023263914,0.166722358355556,0.6,15,04,46190764,NA
Gm04_46261168,46261168,0,0,78,138,1,0,-0.0984162895927603,0.638248847926267,0.22000136698061,0.215982087535385,0.6,15,04,46190764,NA
Gm04_46262772,46262772,0,0,184,31,2,0,0.0825948245303083,0.147465437788018,0.0592294291002513,0.0588402391775043,0.6,15,04,46190764,NA
Gm04_46263935,46263935,0,0,133,83,1,0,-0.0422352176738141,0.384792626728111,0.121932232868402,0.119902594577265,0.6,15,04,46190764,NA
Gm04_46267180,46267180,0,0,196,20,1,0,-0.0201030927835053,0.0944700460829493,0.0421972488186715,0.0420968968700855,0.6,15,04,46190764,NA
Gm04_46268042,46268042,0,0,132,83,2,0,-0.0398428731762066,0.387096774193548,0.121792985125311,0.119759400657774,0.6,15,04,46190764,NA
Gm04_46268239,46268239,0,0,165,50,2,0,-0.113636363636364,0.235023041474654,0.170105332355282,0.169519050191268,0.6,15,04,46190764,NA
Gm04_46268263,46268263,0,0,133,83,1,0,-0.0422352176738141,0.384792626728111,0.121932232868402,0.119902594577265,0.6,15,04,46190764,NA
Gm04_46268628,46268628,0,0,133,83,1,0,-0.0422352176738141,0.384792626728111,0.121932232868402,0.119902594577265,0.6,15,04,46190764,NA
Gm04_46268829,46268829,0,0,133,83,1,0,-0.0422352176738141,0.384792626728111,0.121932232868402,0.119902594577265,0.6,15,04,46190764,NA
Gm04_46268918,46268918,0,0,165,50,2,0,-0.113636363636364,0.235023041474654,0.170105332355282,0.169519050191268,0.6,15,04,46190764,NA
Gm04_46269379,46269379,0,0,151,64,2,0,-0.0369579149754324,0.299539170506912,0.136753403679065,0.135646442200529,0.6,15,04,46190764,NA
Gm04_46269799,46269799,0,0,146,68,3,0,0.002859477124183,0.320276497695853,0.176073514070018,0.174226608439316,0.6,15,04,46190764,NA
Gm04_46270337,46270337,0,0,197,17,3,0,-0.0247360482654602,0.0852534562211982,0.0565503287253142,0.0567855097435897,0.6,15,04,46190764,NA
Gm04_46270744,46270744,0,0,114,99,4,0,-0.100741544583107,0.465437788018433,0.169899721624057,0.165833540954872,0.6,15,04,46190764,NA
Gm04_46270799,46270799,0,0,114,99,4,0,-0.100741544583107,0.465437788018433,0.169899721624057,0.165833540954872,0.6,15,04,46190764,NA
Gm04_46270841,46270841,0,0,75,140,2,0,-0.0823188405797102,0.649769585253456,0.224652447135009,0.220710959408889,0.6,15,04,46190764,NA
Gm04_46270846,46270846,0,0,114,99,4,0,-0.100741544583107,0.465437788018433,0.169899721624057,0.165833540954872,0.6,15,04,46190764,NA
Gm04_46270873,46270873,0,0,170,44,3,0,-0.069187675070028,0.209677419354839,0.176950053030449,0.173565458738393,0.6,15,04,46190764,NA
Gm04_46271083,46271083,0,0,95,118,4,0,-0.0778584392014519,0.552995391705069,0.172696997770054,0.169737671620376,0.6,15,04,46190764,NA
Gm04_46271120,46271120,0,0,161,55,1,0,-0.0673527730131505,0.255760368663594,0.175839737827648,0.174252767128205,0.6,15,04,46190764,NA
Gm04_46271577,46271577,0,0,74,141,2,0,-0.0759284464320436,0.654377880184332,0.227788899815081,0.22383403845641,0.6,15,04,46190764,NA
Gm04_46271606,46271606,0,0,92,122,3,0,-0.0648550724637682,0.569124423963134,0.175441681718312,0.172080545807009,0.6,15,04,46190764,NA
Gm04_46274959,46274959,0,0,183,31,3,0,0.00338620566743897,0.149769585253456,0.0550929519728671,0.0546444875692085,0.6,15,04,46190764,NA
Gm04_46275114,46275114,0,0,114,99,4,0,-0.100741544583107,0.465437788018433,0.169899721624057,0.165833540954872,0.6,15,04,46190764,NA
Gm04_46275896,46275896,0,0,65,150,2,0,-0.0369022869022868,0.695852534562212,0.222979998628366,0.219146886215385,0.6,15,04,46190764,NA
Gm04_46276725,46276725,0,0,169,45,3,0,0.0806387225548904,0.214285714285714,0.0655556338236984,0.0649046614441026,0.6,15,04,46190764,NA
Gm04_46279702,46279702,0,0,65,150,2,0,-0.0369022869022868,0.695852534562212,0.222979998628366,0.219146886215385,0.6,15,04,46190764,NA
Gm04_46280203,46280203,0,0,169,45,3,0,0.0806387225548904,0.214285714285714,0.0655556338236984,0.0649046614441026,0.6,15,04,46190764,NA
Gm04_46280348,46280348,0,0,186,30,1,0,0.0369565217391303,0.140552995391705,0.118198996354255,0.114205731164137,0.6,15,04,46190764,NA
Gm04_46282360,46282360,0,0,183,30,4,0,-0.00736648250460403,0.147465437788018,0.0530560051008851,0.052668805460159,0.6,15,04,46190764,NA
Gm04_46282386,46282386,0,0,203,14,0,0,-0.0287846481876333,0.0645161290322581,0.0391063993572711,0.0400023395589744,0.6,15,04,46190764,NA
Gm04_46282598,46282598,0,0,65,150,2,0,-0.0369022869022868,0.695852534562212,0.222979998628366,0.219146886215385,0.6,15,04,46190764,NA
Gm04_46283353,46283353,0,0,65,150,2,0,-0.0369022869022868,0.695852534562212,0.222979998628366,0.219146886215385,0.6,15,04,46190764,NA
Gm04_46283605,46283605,0,0,114,99,4,0,-0.100741544583107,0.465437788018433,0.169899721624057,0.165833540954872,0.6,15,04,46190764,NA
Gm04_46283747,46283747,0,0,114,98,5,0,-0.104714912280702,0.463133640552995,0.169711873586715,0.165658932992821,0.6,15,04,46190764,NA
Gm04_46283916,46283916,0,0,65,150,2,0,-0.0369022869022868,0.695852534562212,0.222979998628366,0.219146886215385,0.6,15,04,46190764,NA
Gm04_46283941,46283941,0,0,169,45,3,0,0.0806387225548904,0.214285714285714,0.0655556338236984,0.0649046614441026,0.6,15,04,46190764,NA
Gm04_46284079,46284079,0,0,65,150,2,0,-0.0369022869022868,0.695852534562212,0.222979998628366,0.219146886215385,0.6,15,04,46190764,NA
Gm04_46284246,46284246,0,0,187,30,0,0,0.035135135135135,0.138248847926267,0.115762794137343,0.111806180894701,0.6,15,04,46190764,NA
Gm04_46284327,46284327,0,0,65,150,2,0,-0.0369022869022868,0.695852534562212,0.222979998628366,0.219146886215385,0.6,15,04,46190764,NA
Gm04_46284358,46284358,0,0,15,201,1,0,0.306926903941829,0.928571428571429,0.0977857014300072,0.100792644250451,0.6,15,04,46190764,NA
Gm04_46284374,46284374,0,0,65,150,2,0,-0.0369022869022868,0.695852534562212,0.222979998628366,0.219146886215385,0.6,15,04,46190764,NA
Gm04_46284946,46284946,0,0,170,45,2,0,0.0785714285714287,0.211981566820276,0.0657171607091562,0.0650669769145299,0.6,15,04,46190764,NA
Gm04_46285397,46285397,0,0,114,99,4,0,-0.100741544583107,0.465437788018433,0.169899721624057,0.165833540954872,0.6,15,04,46190764,NA
Gm04_46285485,46285485,0,0,184,30,3,0,-0.00915750915750912,0.145161290322581,0.0579263660820467,0.0575734510580051,0.6,15,04,46190764,NA
Gm04_46285550,46285550,0,0,170,44,3,0,-0.069187675070028,0.209677419354839,0.176950053030449,0.173565458738393,0.6,15,04,46190764,NA
Gm04_46285715,46285715,0,0,170,45,2,0,0.0785714285714287,0.211981566820276,0.0657171607091562,0.0650669769145299,0.6,15,04,46190764,NA
Gm04_46286107,46286107,0,0,114,99,4,0,-0.100741544583107,0.465437788018433,0.169899721624057,0.165833540954872,0.6,15,04,46190764,NA
Gm04_46286228,46286228,0,0,65,150,2,0,-0.0369022869022868,0.695852534562212,0.222979998628366,0.219146886215385,0.6,15,04,46190764,NA
