ID,POS,cluster,MGs,ref,alt,het,miss,phenodiff,AltAF,premeanr2,meanr2,epsilon,MGmin,chr,gwas_pos,MG_ID
Gm19_39308555,39308555,0,0,156,58,3,0,0.0436898698358801,0.274193548387097,0.295916050613953,0.295707762640816,0.4,10,19,39398893,NA
Gm19_39310054,39310054,0,0,140,72,5,0,-0.0357142857142858,0.34331797235023,0.336846450302326,0.335458342306122,0.4,10,19,39398893,NA
Gm19_39310593,39310593,0,0,144,68,5,0,-0.0146122534182236,0.324884792626728,0.347279521404651,0.345933036226122,0.4,10,19,39398893,NA
Gm19_39310665,39310665,0,0,139,71,7,0,-0.0240850797622771,0.34331797235023,0.336143477883163,0.334630764840327,0.4,10,19,39398893,NA
Gm19_39311247,39311247,0,0,141,70,6,0,-0.00476190476190474,0.336405529953917,0.356282502334884,0.354084550595918,0.4,10,19,39398893,NA
Gm19_39311459,39311459,0,0,144,69,4,0,0.0487147595356552,0.327188940092166,0.267647868375814,0.266390775758367,0.4,10,19,39398893,NA
Gm19_39312311,39312311,0,0,128,84,5,0,0.0132814723460772,0.398617511520737,0.428149262539957,0.417561823466166,0.4,10,19,39398893,NA
Gm19_39312373,39312373,0,0,157,57,3,0,0.036172161172161,0.269585253456221,0.288516118626977,0.288518288244082,0.4,10,19,39398893,NA
Gm19_39312465,39312465,0,0,133,79,5,0,-0.00683526999316464,0.375576036866359,0.330915960651163,0.329531885142857,0.4,10,19,39398893,NA
Gm19_39313816,39313816,0,0,127,86,4,0,0.0118580765639589,0.405529953917051,0.431488571455814,0.421286313481633,0.4,10,19,39398893,NA
Gm19_39313936,39313936,0,0,127,86,4,0,0.0118580765639589,0.405529953917051,0.431488571455814,0.421286313481633,0.4,10,19,39398893,NA
Gm19_39314070,39314070,0,0,116,98,3,0,0.0219109195402298,0.45852534562212,0.414400533570047,0.406501569867592,0.4,10,19,39398893,NA
Gm19_39315553,39315553,0,0,116,98,3,0,0.0219109195402298,0.45852534562212,0.414400533570047,0.406501569867592,0.4,10,19,39398893,NA
Gm19_39316742,39316742,0,0,124,90,3,0,0.0868768328445746,0.421658986175115,0.350298060517209,0.342963966494694,0.4,10,19,39398893,NA
Gm19_39318166,39318166,0,0,135,78,4,0,0.079957356076759,0.368663594470046,0.36960460307907,0.359987311493878,0.4,10,19,39398893,NA
Gm19_39318218,39318218,0,0,155,59,3,0,0.051052395879982,0.278801843317972,0.301684639786047,0.301842484044898,0.4,10,19,39398893,NA
Gm19_39319190,39319190,0,0,135,78,4,0,0.079957356076759,0.368663594470046,0.36960460307907,0.359987311493878,0.4,10,19,39398893,NA
Gm19_39319799,39319799,0,0,135,78,4,0,0.079957356076759,0.368663594470046,0.36960460307907,0.359987311493878,0.4,10,19,39398893,NA
Gm19_39319868,39319868,0,0,116,98,3,0,0.0219109195402298,0.45852534562212,0.414400533570047,0.406501569867592,0.4,10,19,39398893,NA
Gm19_39321283,39321283,0,0,116,98,3,0,0.0219109195402298,0.45852534562212,0.414400533570047,0.406501569867592,0.4,10,19,39398893,NA
Gm19_39321395,39321395,0,0,116,98,3,0,0.0219109195402298,0.45852534562212,0.414400533570047,0.406501569867592,0.4,10,19,39398893,NA
Gm19_39321485,39321485,0,0,116,98,3,0,0.0219109195402298,0.45852534562212,0.414400533570047,0.406501569867592,0.4,10,19,39398893,NA
Gm19_39322895,39322895,0,0,130,83,4,0,-0.0426400759734094,0.391705069124424,0.322563649953488,0.320844288408163,0.4,10,19,39398893,NA
Gm19_39323522,39323522,0,0,133,80,4,0,0.0522631377061755,0.377880184331797,0.371356189389209,0.361363496203592,0.4,10,19,39398893,NA
Gm19_39323762,39323762,1,MG4,114,100,3,0,-0.0034013605442178,0.467741935483871,0.988228,0.991551846153846,0.4,10,19,39398893,Gm19_39398893_MG4
Gm19_39324305,39324305,1,MG4,114,100,3,0,-0.0034013605442178,0.467741935483871,0.988228,0.991551846153846,0.4,10,19,39398893,Gm19_39398893_MG4
Gm19_39324459,39324459,0,0,133,80,4,0,0.0522631377061755,0.377880184331797,0.371356189389209,0.361363496203592,0.4,10,19,39398893,NA
Gm19_39324996,39324996,0,0,153,61,3,0,0.018859649122807,0.288018433179723,0.301083974093023,0.300766920693878,0.4,10,19,39398893,NA
Gm19_39325024,39325024,1,MG4,114,100,3,0,-0.0034013605442178,0.467741935483871,0.988228,0.991551846153846,0.4,10,19,39398893,Gm19_39398893_MG4
Gm19_39325346,39325346,1,MG4,114,100,3,0,-0.0034013605442178,0.467741935483871,0.988228,0.991551846153846,0.4,10,19,39398893,Gm19_39398893_MG4
Gm19_39325357,39325357,0,0,125,88,4,0,-0.0141824249165741,0.414746543778802,0.434167315554884,0.423546958993061,0.4,10,19,39398893,NA
Gm19_39325359,39325359,0,0,125,88,4,0,-0.0141824249165741,0.414746543778802,0.434167315554884,0.423546958993061,0.4,10,19,39398893,NA
Gm19_39325409,39325409,1,MG4,114,100,3,0,-0.0034013605442178,0.467741935483871,0.988228,0.991551846153846,0.4,10,19,39398893,Gm19_39398893_MG4
Gm19_39325522,39325522,0,0,133,80,4,0,0.0522631377061755,0.377880184331797,0.371356189389209,0.361363496203592,0.4,10,19,39398893,NA
Gm19_39325869,39325869,0,0,133,80,4,0,0.0522631377061755,0.377880184331797,0.371356189389209,0.361363496203592,0.4,10,19,39398893,NA
Gm19_39326092,39326092,1,MG4,114,100,3,0,-0.0034013605442178,0.467741935483871,0.988228,0.991551846153846,0.4,10,19,39398893,Gm19_39398893_MG4
Gm19_39326720,39326720,1,MG4,114,100,3,0,-0.0034013605442178,0.467741935483871,0.988228,0.991551846153846,0.4,10,19,39398893,Gm19_39398893_MG4
Gm19_39326995,39326995,1,MG4,114,100,3,0,-0.0034013605442178,0.467741935483871,0.988228,0.991551846153846,0.4,10,19,39398893,Gm19_39398893_MG4
Gm19_39328211,39328211,1,MG4,114,103,0,0,0.00660066006600646,0.474654377880184,0.986393357142857,0.988470076923077,0.4,10,19,39398893,Gm19_39398893_MG4
Gm19_39328923,39328923,1,0,116,100,1,0,0.00105559465165395,0.463133640552995,0.9569425,0.404104486199551,0.4,10,19,39398893,NA
Gm19_39329191,39329191,1,MG4,114,103,0,0,0.00660066006600646,0.474654377880184,0.986393357142857,0.988470076923077,0.4,10,19,39398893,Gm19_39398893_MG4
Gm19_39329729,39329729,1,MG4,115,102,0,0,0.000434782608695672,0.470046082949309,0.975769071428571,0.975657,0.4,10,19,39398893,Gm19_39398893_MG4
Gm19_39329831,39329831,0,0,125,91,1,0,-0.00268817204301075,0.421658986175115,0.432535390998279,0.422200497055633,0.4,10,19,39398893,NA
Gm19_39329883,39329883,0,0,125,91,1,0,-0.00268817204301075,0.421658986175115,0.432535390998279,0.422200497055633,0.4,10,19,39398893,NA
Gm19_39329988,39329988,1,MG4,115,101,1,0,0.00720245937637243,0.467741935483871,0.9724305,0.971722307692308,0.4,10,19,39398893,Gm19_39398893_MG4
Gm19_39330580,39330580,1,MG4,114,103,0,0,0.00660066006600646,0.474654377880184,0.986393357142857,0.988470076923077,0.4,10,19,39398893,Gm19_39398893_MG4
Gm19_39331658,39331658,0,0,169,45,3,0,-0.0322022621423819,0.214285714285714,0.1968855846,0.194373765261224,0.4,10,19,39398893,NA
Gm19_39332370,39332370,0,0,203,13,1,0,-0.0899339933993399,0.0622119815668203,0.100243213173488,0.0934988892946939,0.4,10,19,39398893,NA
Gm19_39332432,39332432,0,0,203,12,2,0,-0.0369036903690367,0.0599078341013825,0.101224922626465,0.0941772587575102,0.4,10,19,39398893,NA
Gm19_39332455,39332455,0,0,203,12,2,0,-0.0369036903690367,0.0599078341013825,0.101224922626465,0.0941772587575102,0.4,10,19,39398893,NA
Gm19_39332579,39332579,0,0,203,13,1,0,-0.0899339933993399,0.0622119815668203,0.100243213173488,0.0934988892946939,0.4,10,19,39398893,NA
Gm19_39332615,39332615,0,0,203,13,1,0,-0.0899339933993399,0.0622119815668203,0.100243213173488,0.0934988892946939,0.4,10,19,39398893,NA
Gm19_39332719,39332719,0,0,203,13,1,0,-0.0899339933993399,0.0622119815668203,0.100243213173488,0.0934988892946939,0.4,10,19,39398893,NA
Gm19_39332822,39332822,0,0,203,13,1,0,-0.0899339933993399,0.0622119815668203,0.100243213173488,0.0934988892946939,0.4,10,19,39398893,NA
Gm19_39332974,39332974,0,0,204,11,2,0,-0.0748768472906403,0.0552995391705069,0.103580451548837,0.0968534075367347,0.4,10,19,39398893,NA
Gm19_39344508,39344508,0,0,127,90,0,0,0.00749063670411987,0.414746543778802,0.434273604698605,0.423864891339592,0.4,10,19,39398893,NA
Gm19_39345523,39345523,0,0,112,105,0,0,-0.0183772538141471,0.483870967741935,0.41924528771814,0.411708998977143,0.4,10,19,39398893,NA
Gm19_39345602,39345602,0,0,113,103,1,0,-0.00920003504775257,0.476958525345622,0.422534502445581,0.414842530186939,0.4,10,19,39398893,NA
Gm19_39346036,39346036,0,0,127,90,0,0,0.00749063670411987,0.414746543778802,0.434273604698605,0.423864891339592,0.4,10,19,39398893,NA
Gm19_39346187,39346187,0,0,114,102,1,0,-0.0154385964912283,0.472350230414747,0.420462084972093,0.413122095008163,0.4,10,19,39398893,NA
Gm19_39346315,39346315,0,0,113,103,1,0,-0.00920003504775257,0.476958525345622,0.422534502445581,0.414842530186939,0.4,10,19,39398893,NA
Gm19_39346331,39346331,0,0,113,102,2,0,-0.00256637168141594,0.474654377880184,0.422687963531163,0.415074686029388,0.4,10,19,39398893,NA
Gm19_39346512,39346512,0,0,126,91,0,0,0.0137777777777779,0.419354838709677,0.432596592840716,0.422066424125527,0.4,10,19,39398893,NA
Gm19_39346554,39346554,0,0,113,103,1,0,-0.00920003504775257,0.476958525345622,0.422534502445581,0.414842530186939,0.4,10,19,39398893,NA
Gm19_39346573,39346573,0,0,113,103,1,0,-0.00920003504775257,0.476958525345622,0.422534502445581,0.414842530186939,0.4,10,19,39398893,NA
Gm19_39346637,39346637,0,0,127,90,0,0,0.00749063670411987,0.414746543778802,0.434273604698605,0.423864891339592,0.4,10,19,39398893,NA
Gm19_39346670,39346670,0,0,127,90,0,0,0.00749063670411987,0.414746543778802,0.434273604698605,0.423864891339592,0.4,10,19,39398893,NA
Gm19_39346752,39346752,0,0,113,103,1,0,-0.00920003504775257,0.476958525345622,0.422534502445581,0.414842530186939,0.4,10,19,39398893,NA
Gm19_39346856,39346856,0,0,116,100,1,0,-0.0177691766361718,0.463133640552995,0.41423657747907,0.407029003404245,0.4,10,19,39398893,NA
Gm19_39347340,39347340,0,0,204,11,2,0,-0.0748768472906403,0.0552995391705069,0.103580451548837,0.0968534075367347,0.4,10,19,39398893,NA
Gm19_39347559,39347559,0,0,204,11,2,0,-0.0748768472906403,0.0552995391705069,0.103580451548837,0.0968534075367347,0.4,10,19,39398893,NA
Gm19_39347561,39347561,0,0,204,11,2,0,-0.0748768472906403,0.0552995391705069,0.103580451548837,0.0968534075367347,0.4,10,19,39398893,NA
Gm19_39347887,39347887,0,0,204,11,2,0,-0.0748768472906403,0.0552995391705069,0.103580451548837,0.0968534075367347,0.4,10,19,39398893,NA
Gm19_39348139,39348139,0,0,172,43,2,0,-0.0253077975376197,0.202764976958525,0.204888597162791,0.201429657591837,0.4,10,19,39398893,NA
Gm19_39348470,39348470,2,MG8,160,54,3,0,-0.0440251572327044,0.255760368663594,0.97670925,0.976709363636364,0.4,10,19,39398893,Gm19_39398893_MG8
Gm19_39348546,39348546,0,0,170,45,2,0,0.0418235610543303,0.211981566820276,0.1866642046,0.192461667710204,0.4,10,19,39398893,NA
Gm19_39349033,39349033,0,0,171,43,3,0,-0.0293105820833905,0.205069124423963,0.206071853395349,0.202683169714286,0.4,10,19,39398893,NA
Gm19_39349938,39349938,0,0,172,43,2,0,-0.0253077975376197,0.202764976958525,0.204888597162791,0.201429657591837,0.4,10,19,39398893,NA
Gm19_39349965,39349965,2,MG8,160,54,3,0,-0.0628930817610063,0.255760368663594,0.98391925,0.986734545454545,0.4,10,19,39398893,Gm19_39398893_MG8
Gm19_39349967,39349967,2,MG8,160,54,3,0,-0.0628930817610063,0.255760368663594,0.98391925,0.986734545454545,0.4,10,19,39398893,Gm19_39398893_MG8
Gm19_39350668,39350668,2,MG8,161,53,3,0,-0.0528846153846154,0.251152073732719,0.9850325,0.987903,0.4,10,19,39398893,Gm19_39398893_MG8
Gm19_39350943,39350943,2,MG8,161,53,3,0,-0.0528846153846154,0.251152073732719,0.9850325,0.987903,0.4,10,19,39398893,Gm19_39398893_MG8
Gm19_39351273,39351273,0,0,172,43,2,0,-0.0253077975376197,0.202764976958525,0.204888597162791,0.201429657591837,0.4,10,19,39398893,NA
Gm19_39351332,39351332,0,0,172,43,2,0,-0.0253077975376197,0.202764976958525,0.204888597162791,0.201429657591837,0.4,10,19,39398893,NA
Gm19_39351341,39351341,0,0,172,43,2,0,-0.0253077975376197,0.202764976958525,0.204888597162791,0.201429657591837,0.4,10,19,39398893,NA
Gm19_39351406,39351406,2,MG8,159,55,3,0,-0.0539146741678389,0.26036866359447,0.975977833333333,0.975944272727273,0.4,10,19,39398893,Gm19_39398893_MG8
Gm19_39351453,39351453,2,MG8,161,53,3,0,-0.0528846153846154,0.251152073732719,0.9850325,0.987903,0.4,10,19,39398893,Gm19_39398893_MG8
Gm19_39351746,39351746,2,MG8,161,53,3,0,-0.0528846153846154,0.251152073732719,0.9850325,0.987903,0.4,10,19,39398893,Gm19_39398893_MG8
Gm19_39351800,39351800,2,MG8,161,53,3,0,-0.0528846153846154,0.251152073732719,0.9850325,0.987903,0.4,10,19,39398893,Gm19_39398893_MG8
Gm19_39352002,39352002,0,0,172,43,2,0,-0.0253077975376197,0.202764976958525,0.204888597162791,0.201429657591837,0.4,10,19,39398893,NA
Gm19_39352042,39352042,2,MG8,160,54,3,0,-0.0628930817610063,0.255760368663594,0.98391925,0.986734545454545,0.4,10,19,39398893,Gm19_39398893_MG8
Gm19_39352525,39352525,2,0,159,57,1,0,-0.0585443037974684,0.264976958525346,0.962961666666667,0.18902830755102,0.4,10,19,39398893,NA
Gm19_39352584,39352584,2,MG8,159,55,3,0,-0.0539146741678389,0.26036866359447,0.975977833333333,0.975944272727273,0.4,10,19,39398893,Gm19_39398893_MG8
Gm19_39352611,39352611,0,0,172,43,2,0,-0.0253077975376197,0.202764976958525,0.204888597162791,0.201429657591837,0.4,10,19,39398893,NA
Gm19_39352669,39352669,0,0,206,11,0,0,-0.0731707317073169,0.0506912442396313,0.0995721961162791,0.0927901263959184,0.4,10,19,39398893,NA
Gm19_39361062,39361062,0,0,131,84,2,0,0.019656699889258,0.391705069124424,0.437699776729767,0.42901746406898,0.4,10,19,39398893,NA
Gm19_39371376,39371376,0,0,177,38,2,0,-0.112481203007519,0.179723502304147,0.123694828825581,0.127134624806122,0.4,10,19,39398893,NA
Gm19_39371628,39371628,3,0,187,28,2,0,-0.150772200772201,0.133640552995392,0.990825454545455,0.132373971738776,0.4,10,19,39398893,NA
Gm19_39374594,39374594,4,0,119,97,1,0,0.0222927130143624,0.449308755760369,0.9967527,0.426477300734694,0.4,10,19,39398893,NA
Gm19_39374635,39374635,4,0,119,97,1,0,0.0222927130143624,0.449308755760369,0.9967527,0.426477300734694,0.4,10,19,39398893,NA
Gm19_39375001,39375001,0,0,132,83,2,0,0.0329008341056536,0.387096774193548,0.444737856370698,0.436736197675918,0.4,10,19,39398893,NA
Gm19_39376763,39376763,5,MG13,145,70,2,0,9.99000999002408e-05,0.327188940092166,0.977093869565217,0.978171227272727,0.4,10,19,39398893,Gm19_39398893_MG13
Gm19_39376796,39376796,5,MG13,145,70,2,0,9.99000999002408e-05,0.327188940092166,0.977093869565217,0.978171227272727,0.4,10,19,39398893,Gm19_39398893_MG13
Gm19_39377018,39377018,5,MG13,145,70,2,0,9.99000999002408e-05,0.327188940092166,0.977093869565217,0.978171227272727,0.4,10,19,39398893,Gm19_39398893_MG13
Gm19_39377938,39377938,0,0,127,89,1,0,0.0293932584269663,0.412442396313364,0.438093107201163,0.430104285652367,0.4,10,19,39398893,NA
Gm19_39377994,39377994,5,MG13,145,69,3,0,-0.0046620046620045,0.324884792626728,0.988567739130435,0.989474363636364,0.4,10,19,39398893,Gm19_39398893_MG13
Gm19_39378187,39378187,0,0,127,89,1,0,0.0293932584269663,0.412442396313364,0.438093107201163,0.430104285652367,0.4,10,19,39398893,NA
Gm19_39378209,39378209,5,MG13,145,70,2,0,9.99000999002408e-05,0.327188940092166,0.977093869565217,0.978171227272727,0.4,10,19,39398893,Gm19_39398893_MG13
Gm19_39379548,39379548,4,0,119,97,1,0,0.0222927130143624,0.449308755760369,0.9967527,0.426477300734694,0.4,10,19,39398893,NA
Gm19_39385727,39385727,4,MG5,119,96,2,0,0.018963675213675,0.447004608294931,0.9986083,1,0.4,10,19,39398893,Gm19_39398893_MG5
Gm19_39386532,39386532,0,0,191,26,0,0,-0.149369149369149,0.119815668202765,0.13963261031,0.142323702108776,0.4,10,19,39398893,NA
Gm19_39386852,39386852,5,MG13,146,69,2,0,-0.00694444444444442,0.32258064516129,0.989700695652174,0.990426272727273,0.4,10,19,39398893,Gm19_39398893_MG13
Gm19_39387131,39387131,4,MG5,119,96,2,0,0.018963675213675,0.447004608294931,0.9986083,1,0.4,10,19,39398893,Gm19_39398893_MG5
Gm19_39387500,39387500,6,MG18,176,39,2,0,0.0941644562334218,0.184331797235023,0.991893424242424,0.992622666666667,0.4,10,19,39398893,Gm19_39398893_MG18
Gm19_39387569,39387569,3,MG17,188,28,1,0,-0.152457757296467,0.131336405529954,0.999082545454545,1,0.4,10,19,39398893,Gm19_39398893_MG17
Gm19_39387737,39387737,3,MG17,188,28,1,0,-0.152457757296467,0.131336405529954,0.999082545454545,1,0.4,10,19,39398893,Gm19_39398893_MG17
Gm19_39387776,39387776,3,MG17,188,28,1,0,-0.152457757296467,0.131336405529954,0.999082545454545,1,0.4,10,19,39398893,Gm19_39398893_MG17
Gm19_39388105,39388105,6,MG18,176,40,1,0,0.100574712643678,0.186635944700461,0.987119090909091,0.989619,0.4,10,19,39398893,Gm19_39398893_MG18
Gm19_39388181,39388181,6,MG18,176,40,1,0,0.100574712643678,0.186635944700461,0.987119090909091,0.989619,0.4,10,19,39398893,Gm19_39398893_MG18
Gm19_39388243,39388243,6,MG18,176,40,1,0,0.100574712643678,0.186635944700461,0.987119090909091,0.989619,0.4,10,19,39398893,Gm19_39398893_MG18
Gm19_39388260,39388260,6,MG18,176,40,1,0,0.100574712643678,0.186635944700461,0.987119090909091,0.989619,0.4,10,19,39398893,Gm19_39398893_MG18
Gm19_39388314,39388314,6,MG18,176,40,1,0,0.100574712643678,0.186635944700461,0.987119090909091,0.989619,0.4,10,19,39398893,Gm19_39398893_MG18
Gm19_39388394,39388394,6,MG18,176,40,1,0,0.100574712643678,0.186635944700461,0.987119090909091,0.989619,0.4,10,19,39398893,Gm19_39398893_MG18
Gm19_39388407,39388407,3,MG17,188,28,1,0,-0.152457757296467,0.131336405529954,0.999082545454545,1,0.4,10,19,39398893,Gm19_39398893_MG17
Gm19_39388460,39388460,6,MG18,176,40,1,0,0.100574712643678,0.186635944700461,0.987119090909091,0.989619,0.4,10,19,39398893,Gm19_39398893_MG18
Gm19_39388477,39388477,6,MG18,176,40,1,0,0.100574712643678,0.186635944700461,0.987119090909091,0.989619,0.4,10,19,39398893,Gm19_39398893_MG18
Gm19_39388521,39388521,5,MG13,146,69,2,0,-0.00694444444444442,0.32258064516129,0.989700695652174,0.990426272727273,0.4,10,19,39398893,Gm19_39398893_MG13
Gm19_39388549,39388549,6,MG18,177,39,1,0,0.0921611721611721,0.182027649769585,0.981568727272727,0.9804985,0.4,10,19,39398893,Gm19_39398893_MG18
Gm19_39388582,39388582,4,MG5,119,96,2,0,0.018963675213675,0.447004608294931,0.9986083,1,0.4,10,19,39398893,Gm19_39398893_MG5
Gm19_39388583,39388583,6,MG18,177,39,1,0,0.0921611721611721,0.182027649769585,0.981568727272727,0.9804985,0.4,10,19,39398893,Gm19_39398893_MG18
Gm19_39388606,39388606,6,MG18,177,39,1,0,0.0921611721611721,0.182027649769585,0.981568727272727,0.9804985,0.4,10,19,39398893,Gm19_39398893_MG18
Gm19_39388607,39388607,5,MG13,146,69,2,0,-0.00694444444444442,0.32258064516129,0.989700695652174,0.990426272727273,0.4,10,19,39398893,Gm19_39398893_MG13
Gm19_39388668,39388668,6,MG18,176,40,1,0,0.100574712643678,0.186635944700461,0.987119090909091,0.989619,0.4,10,19,39398893,Gm19_39398893_MG18
Gm19_39388675,39388675,6,MG18,176,40,1,0,0.100574712643678,0.186635944700461,0.987119090909091,0.989619,0.4,10,19,39398893,Gm19_39398893_MG18
Gm19_39388681,39388681,5,MG13,146,69,2,0,-0.00694444444444442,0.32258064516129,0.989700695652174,0.990426272727273,0.4,10,19,39398893,Gm19_39398893_MG13
Gm19_39388691,39388691,6,MG18,176,40,1,0,0.100574712643678,0.186635944700461,0.987119090909091,0.989619,0.4,10,19,39398893,Gm19_39398893_MG18
Gm19_39388705,39388705,6,MG18,176,40,1,0,0.100574712643678,0.186635944700461,0.987119090909091,0.989619,0.4,10,19,39398893,Gm19_39398893_MG18
Gm19_39388723,39388723,6,MG18,176,40,1,0,0.100574712643678,0.186635944700461,0.987119090909091,0.989619,0.4,10,19,39398893,Gm19_39398893_MG18
Gm19_39388946,39388946,3,MG17,188,28,1,0,-0.152457757296467,0.131336405529954,0.999082545454545,1,0.4,10,19,39398893,Gm19_39398893_MG17
Gm19_39390141,39390141,3,MG17,188,28,1,0,-0.152457757296467,0.131336405529954,0.999082545454545,1,0.4,10,19,39398893,Gm19_39398893_MG17
Gm19_39390159,39390159,6,MG18,176,40,1,0,0.100574712643678,0.186635944700461,0.987119090909091,0.989619,0.4,10,19,39398893,Gm19_39398893_MG18
Gm19_39390258,39390258,5,MG13,146,68,3,0,-0.0118464052287581,0.320276497695853,0.985298173913044,0.986074954545455,0.4,10,19,39398893,Gm19_39398893_MG13
Gm19_39390262,39390262,5,MG13,146,68,3,0,-0.0118464052287581,0.320276497695853,0.985298173913044,0.986074954545455,0.4,10,19,39398893,Gm19_39398893_MG13
Gm19_39390319,39390319,6,MG18,176,40,1,0,0.100574712643678,0.186635944700461,0.987119090909091,0.989619,0.4,10,19,39398893,Gm19_39398893_MG18
Gm19_39390328,39390328,6,MG18,176,40,1,0,0.100574712643678,0.186635944700461,0.987119090909091,0.989619,0.4,10,19,39398893,Gm19_39398893_MG18
Gm19_39390331,39390331,6,MG18,176,40,1,0,0.100574712643678,0.186635944700461,0.987119090909091,0.989619,0.4,10,19,39398893,Gm19_39398893_MG18
Gm19_39390333,39390333,6,MG18,176,40,1,0,0.100574712643678,0.186635944700461,0.987119090909091,0.989619,0.4,10,19,39398893,Gm19_39398893_MG18
Gm19_39390456,39390456,5,MG13,146,69,2,0,-0.00694444444444442,0.32258064516129,0.989700695652174,0.990426272727273,0.4,10,19,39398893,Gm19_39398893_MG13
Gm19_39390597,39390597,6,MG18,177,39,1,0,0.0921611721611721,0.182027649769585,0.981568727272727,0.9804985,0.4,10,19,39398893,Gm19_39398893_MG18
Gm19_39390615,39390615,6,MG18,177,39,1,0,0.0921611721611721,0.182027649769585,0.981568727272727,0.9804985,0.4,10,19,39398893,Gm19_39398893_MG18
Gm19_39390677,39390677,0,0,138,78,1,0,-0.00980392156862742,0.361751152073733,0.337082527488372,0.339329135755102,0.4,10,19,39398893,NA
Gm19_39390683,39390683,3,MG17,188,28,1,0,-0.152457757296467,0.131336405529954,0.999082545454545,1,0.4,10,19,39398893,Gm19_39398893_MG17
Gm19_39390691,39390691,6,MG18,177,39,1,0,0.0921611721611721,0.182027649769585,0.981568727272727,0.9804985,0.4,10,19,39398893,Gm19_39398893_MG18
Gm19_39390790,39390790,3,MG17,188,28,1,0,-0.152457757296467,0.131336405529954,0.999082545454545,1,0.4,10,19,39398893,Gm19_39398893_MG17
Gm19_39390870,39390870,6,MG18,177,39,1,0,0.0921611721611721,0.182027649769585,0.981568727272727,0.9804985,0.4,10,19,39398893,Gm19_39398893_MG18
Gm19_39390935,39390935,4,MG5,119,96,2,0,0.018963675213675,0.447004608294931,0.9986083,1,0.4,10,19,39398893,Gm19_39398893_MG5
Gm19_39390992,39390992,6,0,177,38,2,0,0.0854135338345865,0.179723502304147,0.975381545454545,0.206232622938776,0.4,10,19,39398893,NA
Gm19_39391000,39391000,6,0,177,38,2,0,0.0854135338345865,0.179723502304147,0.975381545454545,0.206232622938776,0.4,10,19,39398893,NA
Gm19_39391085,39391085,6,0,177,38,2,0,0.0854135338345865,0.179723502304147,0.975381545454545,0.206232622938776,0.4,10,19,39398893,NA
Gm19_39391479,39391479,3,MG17,188,28,1,0,-0.152457757296467,0.131336405529954,0.999082545454545,1,0.4,10,19,39398893,Gm19_39398893_MG17
Gm19_39391484,39391484,6,MG18,177,39,1,0,0.0921611721611721,0.182027649769585,0.981568727272727,0.9804985,0.4,10,19,39398893,Gm19_39398893_MG18
Gm19_39391540,39391540,6,MG18,177,39,1,0,0.0921611721611721,0.182027649769585,0.981568727272727,0.9804985,0.4,10,19,39398893,Gm19_39398893_MG18
Gm19_39391606,39391606,6,MG18,177,39,1,0,0.0921611721611721,0.182027649769585,0.981568727272727,0.9804985,0.4,10,19,39398893,Gm19_39398893_MG18
Gm19_39391658,39391658,6,MG18,176,40,1,0,0.100574712643678,0.186635944700461,0.987119090909091,0.989619,0.4,10,19,39398893,Gm19_39398893_MG18
Gm19_39391697,39391697,4,MG5,119,96,2,0,0.018963675213675,0.447004608294931,0.9986083,1,0.4,10,19,39398893,Gm19_39398893_MG5
Gm19_39392091,39392091,3,MG17,188,28,1,0,-0.152457757296467,0.131336405529954,0.999082545454545,1,0.4,10,19,39398893,Gm19_39398893_MG17
Gm19_39392355,39392355,5,MG13,146,69,2,0,-0.00694444444444442,0.32258064516129,0.989700695652174,0.990426272727273,0.4,10,19,39398893,Gm19_39398893_MG13
Gm19_39392714,39392714,5,MG13,147,68,2,0,-0.0140973630831642,0.317972350230415,0.977809913043478,0.977043181818182,0.4,10,19,39398893,Gm19_39398893_MG13
Gm19_39393355,39393355,4,MG5,119,96,2,0,0.018963675213675,0.447004608294931,0.9986083,1,0.4,10,19,39398893,Gm19_39398893_MG5
Gm19_39393356,39393356,4,MG5,119,96,2,0,0.018963675213675,0.447004608294931,0.9986083,1,0.4,10,19,39398893,Gm19_39398893_MG5
Gm19_39393952,39393952,5,MG13,147,68,2,0,-0.0140973630831642,0.317972350230415,0.977809913043478,0.977043181818182,0.4,10,19,39398893,Gm19_39398893_MG13
Gm19_39393962,39393962,5,MG13,147,68,2,0,-0.0140973630831642,0.317972350230415,0.977809913043478,0.977043181818182,0.4,10,19,39398893,Gm19_39398893_MG13
Gm19_39394110,39394110,5,MG13,147,68,2,0,-0.0140973630831642,0.317972350230415,0.977809913043478,0.977043181818182,0.4,10,19,39398893,Gm19_39398893_MG13
Gm19_39394958,39394958,0,0,127,86,4,0,0.0300465116279072,0.405529953917051,0.447159957595349,0.439127159351429,0.4,10,19,39398893,NA
Gm19_39394985,39394985,0,0,128,86,3,0,0.0352528608342564,0.403225806451613,0.444625127013954,0.436717403310204,0.4,10,19,39398893,NA
Gm19_39395032,39395032,0,0,127,87,3,0,0.0221609195402299,0.407834101382488,0.445459358287395,0.437376936796653,0.4,10,19,39398893,NA
Gm19_39395155,39395155,5,MG13,147,69,1,0,-0.00229885057471257,0.320276497695853,0.987193652173913,0.987570272727273,0.4,10,19,39398893,Gm19_39398893_MG13
Gm19_39395404,39395404,5,MG13,147,69,1,0,-0.00229885057471257,0.320276497695853,0.987193652173913,0.987570272727273,0.4,10,19,39398893,Gm19_39398893_MG13
Gm19_39395502,39395502,0,0,127,86,4,0,0.0300465116279072,0.405529953917051,0.447159957595349,0.439127159351429,0.4,10,19,39398893,NA
Gm19_39395541,39395541,0,0,127,86,4,0,0.0300465116279072,0.405529953917051,0.447159957595349,0.439127159351429,0.4,10,19,39398893,NA
Gm19_39395718,39395718,0,0,127,87,3,0,0.0221609195402299,0.407834101382488,0.445459358287395,0.437376936796653,0.4,10,19,39398893,NA
Gm19_39396251,39396251,0,0,127,87,3,0,0.0221609195402299,0.407834101382488,0.445459358287395,0.437376936796653,0.4,10,19,39398893,NA
Gm19_39396266,39396266,0,0,121,93,3,0,-0.00560224089635852,0.435483870967742,0.39584777187586,0.392365439017592,0.4,10,19,39398893,NA
Gm19_39396854,39396854,7,MG14,150,66,1,0,-0.00225225225225212,0.306451612903226,0.9994591,1,0.4,10,19,39398893,Gm19_39398893_MG14
Gm19_39397030,39397030,5,0,148,68,1,0,-0.00946817082997575,0.315668202764977,0.975403826086957,0.361161738552653,0.4,10,19,39398893,NA
Gm19_39397094,39397094,7,MG14,150,66,1,0,-0.00225225225225212,0.306451612903226,0.9994591,1,0.4,10,19,39398893,Gm19_39398893_MG14
Gm19_39397888,39397888,5,MG13,147,69,1,0,-0.00229885057471257,0.320276497695853,0.987193652173913,0.987570272727273,0.4,10,19,39398893,Gm19_39398893_MG13
Gm19_39397972,39397972,5,MG13,147,69,1,0,-0.00229885057471257,0.320276497695853,0.987193652173913,0.987570272727273,0.4,10,19,39398893,Gm19_39398893_MG13
Gm19_39398057,39398057,7,MG14,150,66,1,0,-0.00225225225225212,0.306451612903226,0.9994591,1,0.4,10,19,39398893,Gm19_39398893_MG14
Gm19_39398099,39398099,5,MG13,147,69,1,0,-0.00229885057471257,0.320276497695853,0.987193652173913,0.987570272727273,0.4,10,19,39398893,Gm19_39398893_MG13
Gm19_39398893,39398893,0,0,137,79,1,0,0.00421940928270037,0.366359447004608,0.291610527500465,0.292819805365714,0.4,10,19,39398893,NA
Gm19_39399194,39399194,0,0,116,99,2,0,0,0.460829493087558,0.421356240093023,0.416483966653061,0.4,10,19,39398893,NA
Gm19_39399278,39399278,8,MG19,205,11,1,0,-0.22525750111957,0.0529953917050691,1,1,0.4,10,19,39398893,Gm19_39398893_MG19
Gm19_39399311,39399311,8,MG19,205,11,1,0,-0.22525750111957,0.0529953917050691,1,1,0.4,10,19,39398893,Gm19_39398893_MG19
Gm19_39399326,39399326,8,MG19,205,11,1,0,-0.22525750111957,0.0529953917050691,1,1,0.4,10,19,39398893,Gm19_39398893_MG19
Gm19_39399466,39399466,0,0,126,89,2,0,0.0128669807901414,0.414746543778802,0.442641299060465,0.434311603103673,0.4,10,19,39398893,NA
Gm19_39399523,39399523,9,MG6,114,101,2,0,-0.0251060820367752,0.470046082949309,0.999691466666667,1,0.4,10,19,39398893,Gm19_39398893_MG6
Gm19_39399554,39399554,9,MG6,114,101,2,0,-0.0251060820367752,0.470046082949309,0.999691466666667,1,0.4,10,19,39398893,Gm19_39398893_MG6
Gm19_39399613,39399613,8,MG19,205,11,1,0,-0.22525750111957,0.0529953917050691,1,1,0.4,10,19,39398893,Gm19_39398893_MG19
Gm19_39399720,39399720,8,MG19,205,11,1,0,-0.22525750111957,0.0529953917050691,1,1,0.4,10,19,39398893,Gm19_39398893_MG19
Gm19_39399794,39399794,8,MG19,205,11,1,0,-0.22525750111957,0.0529953917050691,1,1,0.4,10,19,39398893,Gm19_39398893_MG19
Gm19_39399819,39399819,7,MG14,150,66,1,0,-0.00225225225225212,0.306451612903226,0.9994591,1,0.4,10,19,39398893,Gm19_39398893_MG14
Gm19_39400461,39400461,8,MG19,205,11,1,0,-0.22525750111957,0.0529953917050691,1,1,0.4,10,19,39398893,Gm19_39398893_MG19
Gm19_39400834,39400834,8,MG19,205,11,1,0,-0.22525750111957,0.0529953917050691,1,1,0.4,10,19,39398893,Gm19_39398893_MG19
Gm19_39400913,39400913,8,MG19,205,11,1,0,-0.22525750111957,0.0529953917050691,1,1,0.4,10,19,39398893,Gm19_39398893_MG19
Gm19_39400920,39400920,8,MG19,205,11,1,0,-0.22525750111957,0.0529953917050691,1,1,0.4,10,19,39398893,Gm19_39398893_MG19
Gm19_39400978,39400978,8,MG19,205,11,1,0,-0.22525750111957,0.0529953917050691,1,1,0.4,10,19,39398893,Gm19_39398893_MG19
Gm19_39401016,39401016,8,MG19,205,11,1,0,-0.22525750111957,0.0529953917050691,1,1,0.4,10,19,39398893,Gm19_39398893_MG19
Gm19_39401047,39401047,10,MG20,203,13,1,0,-0.138155376961347,0.0622119815668203,1,1,0.4,10,19,39398893,Gm19_39398893_MG20
Gm19_39401114,39401114,10,MG20,203,13,1,0,-0.138155376961347,0.0622119815668203,1,1,0.4,10,19,39398893,Gm19_39398893_MG20
Gm19_39401146,39401146,8,MG19,205,11,1,0,-0.22525750111957,0.0529953917050691,1,1,0.4,10,19,39398893,Gm19_39398893_MG19
Gm19_39401164,39401164,9,MG6,114,101,2,0,-0.0251060820367752,0.470046082949309,0.999691466666667,1,0.4,10,19,39398893,Gm19_39398893_MG6
Gm19_39401243,39401243,8,MG19,205,11,1,0,-0.22525750111957,0.0529953917050691,1,1,0.4,10,19,39398893,Gm19_39398893_MG19
Gm19_39401259,39401259,8,MG19,205,11,1,0,-0.22525750111957,0.0529953917050691,1,1,0.4,10,19,39398893,Gm19_39398893_MG19
Gm19_39401284,39401284,8,MG19,205,11,1,0,-0.22525750111957,0.0529953917050691,1,1,0.4,10,19,39398893,Gm19_39398893_MG19
Gm19_39401304,39401304,7,MG14,150,66,1,0,-0.00225225225225212,0.306451612903226,0.9994591,1,0.4,10,19,39398893,Gm19_39398893_MG14
Gm19_39401347,39401347,10,MG20,203,13,1,0,-0.138155376961347,0.0622119815668203,1,1,0.4,10,19,39398893,Gm19_39398893_MG20
Gm19_39401374,39401374,8,MG19,205,11,1,0,-0.22525750111957,0.0529953917050691,1,1,0.4,10,19,39398893,Gm19_39398893_MG19
Gm19_39401518,39401518,10,MG20,203,13,1,0,-0.138155376961347,0.0622119815668203,1,1,0.4,10,19,39398893,Gm19_39398893_MG20
Gm19_39401566,39401566,8,MG19,205,11,1,0,-0.22525750111957,0.0529953917050691,1,1,0.4,10,19,39398893,Gm19_39398893_MG19
Gm19_39401593,39401593,10,MG20,203,13,1,0,-0.138155376961347,0.0622119815668203,1,1,0.4,10,19,39398893,Gm19_39398893_MG20
Gm19_39401621,39401621,10,MG20,203,13,1,0,-0.138155376961347,0.0622119815668203,1,1,0.4,10,19,39398893,Gm19_39398893_MG20
Gm19_39401632,39401632,9,MG6,114,101,2,0,-0.0251060820367752,0.470046082949309,0.999691466666667,1,0.4,10,19,39398893,Gm19_39398893_MG6
Gm19_39401642,39401642,8,MG19,205,11,1,0,-0.22525750111957,0.0529953917050691,1,1,0.4,10,19,39398893,Gm19_39398893_MG19
Gm19_39401748,39401748,8,MG19,205,11,1,0,-0.22525750111957,0.0529953917050691,1,1,0.4,10,19,39398893,Gm19_39398893_MG19
Gm19_39401774,39401774,10,MG20,203,13,1,0,-0.138155376961347,0.0622119815668203,1,1,0.4,10,19,39398893,Gm19_39398893_MG20
Gm19_39401790,39401790,8,MG19,205,11,1,0,-0.22525750111957,0.0529953917050691,1,1,0.4,10,19,39398893,Gm19_39398893_MG19
Gm19_39401791,39401791,8,MG19,205,11,1,0,-0.22525750111957,0.0529953917050691,1,1,0.4,10,19,39398893,Gm19_39398893_MG19
Gm19_39401930,39401930,8,MG19,205,11,1,0,-0.22525750111957,0.0529953917050691,1,1,0.4,10,19,39398893,Gm19_39398893_MG19
Gm19_39401945,39401945,10,MG20,203,13,1,0,-0.138155376961347,0.0622119815668203,1,1,0.4,10,19,39398893,Gm19_39398893_MG20
Gm19_39401951,39401951,10,MG20,203,13,1,0,-0.138155376961347,0.0622119815668203,1,1,0.4,10,19,39398893,Gm19_39398893_MG20
Gm19_39401962,39401962,7,0,150,65,2,0,-0.00738045738045723,0.304147465437788,0.9951319,0.366393764061265,0.4,10,19,39398893,NA
Gm19_39401964,39401964,8,MG19,205,11,1,0,-0.22525750111957,0.0529953917050691,1,1,0.4,10,19,39398893,Gm19_39398893_MG19
Gm19_39401970,39401970,8,MG19,205,11,1,0,-0.22525750111957,0.0529953917050691,1,1,0.4,10,19,39398893,Gm19_39398893_MG19
Gm19_39402017,39402017,10,MG20,203,13,1,0,-0.138155376961347,0.0622119815668203,1,1,0.4,10,19,39398893,Gm19_39398893_MG20
Gm19_39402060,39402060,8,MG19,205,11,1,0,-0.22525750111957,0.0529953917050691,1,1,0.4,10,19,39398893,Gm19_39398893_MG19
Gm19_39402132,39402132,9,MG6,114,101,2,0,-0.0251060820367752,0.470046082949309,0.999691466666667,1,0.4,10,19,39398893,Gm19_39398893_MG6
Gm19_39402154,39402154,8,MG19,205,11,1,0,-0.22525750111957,0.0529953917050691,1,1,0.4,10,19,39398893,Gm19_39398893_MG19
Gm19_39402167,39402167,10,MG20,203,13,1,0,-0.138155376961347,0.0622119815668203,1,1,0.4,10,19,39398893,Gm19_39398893_MG20
Gm19_39402686,39402686,8,MG19,205,11,1,0,-0.22525750111957,0.0529953917050691,1,1,0.4,10,19,39398893,Gm19_39398893_MG19
Gm19_39402919,39402919,7,MG14,150,66,1,0,-0.00225225225225212,0.306451612903226,0.9994591,1,0.4,10,19,39398893,Gm19_39398893_MG14
Gm19_39403193,39403193,0,0,149,67,1,0,0.00497512437810932,0.311059907834101,0.349379283851163,0.351898975132653,0.4,10,19,39398893,NA
Gm19_39403319,39403319,7,MG14,150,66,1,0,-0.00225225225225212,0.306451612903226,0.9994591,1,0.4,10,19,39398893,Gm19_39398893_MG14
Gm19_39403335,39403335,7,MG14,150,66,1,0,-0.00225225225225212,0.306451612903226,0.9994591,1,0.4,10,19,39398893,Gm19_39398893_MG14
Gm19_39403679,39403679,7,MG14,150,66,1,0,-0.00225225225225212,0.306451612903226,0.9994591,1,0.4,10,19,39398893,Gm19_39398893_MG14
Gm19_39403747,39403747,9,MG6,114,101,2,0,-0.0251060820367752,0.470046082949309,0.999691466666667,1,0.4,10,19,39398893,Gm19_39398893_MG6
Gm19_39404674,39404674,9,MG6,114,101,2,0,-0.0251060820367752,0.470046082949309,0.999691466666667,1,0.4,10,19,39398893,Gm19_39398893_MG6
Gm19_39405429,39405429,9,MG6,114,101,2,0,-0.0251060820367752,0.470046082949309,0.999691466666667,1,0.4,10,19,39398893,Gm19_39398893_MG6
Gm19_39405604,39405604,11,MG21,205,12,0,0,-0.0915435139573071,0.0552995391705069,1,1,0.4,10,19,39398893,Gm19_39398893_MG21
Gm19_39405648,39405648,11,MG21,205,12,0,0,-0.0915435139573071,0.0552995391705069,1,1,0.4,10,19,39398893,Gm19_39398893_MG21
Gm19_39405680,39405680,11,MG21,205,12,0,0,-0.0915435139573071,0.0552995391705069,1,1,0.4,10,19,39398893,Gm19_39398893_MG21
Gm19_39405759,39405759,11,MG21,205,12,0,0,-0.0915435139573071,0.0552995391705069,1,1,0.4,10,19,39398893,Gm19_39398893_MG21
Gm19_39405803,39405803,9,MG6,114,101,2,0,-0.0251060820367752,0.470046082949309,0.999691466666667,1,0.4,10,19,39398893,Gm19_39398893_MG6
Gm19_39405861,39405861,11,MG21,205,12,0,0,-0.0915435139573071,0.0552995391705069,1,1,0.4,10,19,39398893,Gm19_39398893_MG21
Gm19_39405899,39405899,9,MG6,114,101,2,0,-0.0251060820367752,0.470046082949309,0.999691466666667,1,0.4,10,19,39398893,Gm19_39398893_MG6
Gm19_39405983,39405983,11,MG21,205,12,0,0,-0.0915435139573071,0.0552995391705069,1,1,0.4,10,19,39398893,Gm19_39398893_MG21
Gm19_39406015,39406015,11,MG21,205,12,0,0,-0.0915435139573071,0.0552995391705069,1,1,0.4,10,19,39398893,Gm19_39398893_MG21
Gm19_39406076,39406076,11,MG21,205,12,0,0,-0.0915435139573071,0.0552995391705069,1,1,0.4,10,19,39398893,Gm19_39398893_MG21
Gm19_39406086,39406086,11,MG21,205,12,0,0,-0.0915435139573071,0.0552995391705069,1,1,0.4,10,19,39398893,Gm19_39398893_MG21
Gm19_39406089,39406089,0,0,128,87,2,0,0,0.405529953917051,0.451423374890698,0.442956025184898,0.4,10,19,39398893,NA
Gm19_39406498,39406498,9,MG6,114,101,2,0,-0.0251060820367752,0.470046082949309,0.999691466666667,1,0.4,10,19,39398893,Gm19_39398893_MG6
Gm19_39406545,39406545,0,0,127,87,3,0,-0.0168275862068965,0.407834101382488,0.445211551434233,0.436693369884694,0.4,10,19,39398893,NA
Gm19_39406711,39406711,11,MG21,205,12,0,0,-0.0915435139573071,0.0552995391705069,1,1,0.4,10,19,39398893,Gm19_39398893_MG21
Gm19_39406752,39406752,9,MG6,114,101,2,0,-0.0251060820367752,0.470046082949309,0.999691466666667,1,0.4,10,19,39398893,Gm19_39398893_MG6
Gm19_39406852,39406852,11,MG21,205,12,0,0,-0.0915435139573071,0.0552995391705069,1,1,0.4,10,19,39398893,Gm19_39398893_MG21
Gm19_39406871,39406871,11,MG21,205,12,0,0,-0.0915435139573071,0.0552995391705069,1,1,0.4,10,19,39398893,Gm19_39398893_MG21
Gm19_39406902,39406902,0,0,126,88,3,0,-0.0102639296187683,0.412442396313364,0.449377879594233,0.44099184125302,0.4,10,19,39398893,NA
Gm19_39406951,39406951,9,MG6,114,101,2,0,-0.0251060820367752,0.470046082949309,0.999691466666667,1,0.4,10,19,39398893,Gm19_39398893_MG6
Gm19_39407056,39407056,9,MG6,114,101,2,0,-0.0251060820367752,0.470046082949309,0.999691466666667,1,0.4,10,19,39398893,Gm19_39398893_MG6
Gm19_39407121,39407121,11,MG21,205,12,0,0,-0.0915435139573071,0.0552995391705069,1,1,0.4,10,19,39398893,Gm19_39398893_MG21
Gm19_39407268,39407268,0,0,116,99,2,0,-0.0188729399255716,0.460829493087558,0.429340716232558,0.423756679510204,0.4,10,19,39398893,NA
Gm19_39407391,39407391,0,0,116,99,2,0,-0.0188729399255716,0.460829493087558,0.429340716232558,0.423756679510204,0.4,10,19,39398893,NA
Gm19_39407396,39407396,0,0,118,97,2,0,-0.0315499466761466,0.451612903225806,0.434073554827907,0.428584323636735,0.4,10,19,39398893,NA
Gm19_39407401,39407401,9,0,114,100,3,0,-0.0285714285714287,0.467741935483871,0.995680533333333,0.424037478408163,0.4,10,19,39398893,NA
Gm19_39410746,39410746,0,0,138,77,2,0,-0.00677998472116115,0.359447004608295,0.378621188790698,0.379472057096735,0.4,10,19,39398893,NA
Gm19_39411145,39411145,0,0,106,110,1,0,-0.0281468531468532,0.509216589861751,0.427171824413954,0.421054865506122,0.4,10,19,39398893,NA
Gm19_39411938,39411938,0,0,106,110,1,0,-0.0281468531468532,0.509216589861751,0.427171824413954,0.421054865506122,0.4,10,19,39398893,NA
Gm19_39412207,39412207,0,0,109,106,2,0,-0.0312995944277905,0.493087557603687,0.434127771106977,0.427667594889796,0.4,10,19,39398893,NA
Gm19_39412287,39412287,0,0,110,105,2,0,-0.0375661375661376,0.488479262672811,0.433868608606512,0.427541774899592,0.4,10,19,39398893,NA
Gm19_39412447,39412447,0,0,106,110,1,0,-0.0281468531468532,0.509216589861751,0.427171824413954,0.421054865506122,0.4,10,19,39398893,NA
Gm19_39412725,39412725,0,0,106,109,2,0,-0.0313161609033168,0.506912442396313,0.429890940372093,0.42375662444898,0.4,10,19,39398893,NA
Gm19_39412760,39412760,0,0,106,109,2,0,-0.0313161609033168,0.506912442396313,0.429890940372093,0.42375662444898,0.4,10,19,39398893,NA
Gm19_39413020,39413020,0,0,99,116,2,0,-0.100959829363669,0.539170506912442,0.398777136651163,0.392293401010937,0.4,10,19,39398893,NA
Gm19_39413023,39413023,0,0,99,116,2,0,-0.100959829363669,0.539170506912442,0.398777136651163,0.392293401010937,0.4,10,19,39398893,NA
Gm19_39413036,39413036,0,0,99,116,2,0,-0.100959829363669,0.539170506912442,0.398777136651163,0.392293401010937,0.4,10,19,39398893,NA
Gm19_39413038,39413038,0,0,99,116,2,0,-0.100959829363669,0.539170506912442,0.398777136651163,0.392293401010937,0.4,10,19,39398893,NA
Gm19_39413282,39413282,0,0,111,104,2,0,-0.100211714890614,0.483870967741935,0.308985650322512,0.306757336109959,0.4,10,19,39398893,NA
Gm19_39413513,39413513,0,0,114,101,2,0,-0.1004243281471,0.470046082949309,0.305654008516279,0.304239789840816,0.4,10,19,39398893,NA
Gm19_39414199,39414199,0,0,119,96,2,0,-0.0948183760683761,0.447004608294931,0.305200227302977,0.304670526423429,0.4,10,19,39398893,NA
Gm19_39415144,39415144,12,0,140,76,1,0,0.0043859649122806,0.352534562211982,0.960894736842105,0.377357262542857,0.4,10,19,39398893,NA
Gm19_39415558,39415558,0,0,102,114,1,0,-0.115964912280702,0.527649769585253,0.399717055860465,0.394069698057143,0.4,10,19,39398893,NA
Gm19_39416868,39416868,0,0,195,20,2,0,-0.189119170984456,0.0967741935483871,0.102814878983721,0.104215493210204,0.4,10,19,39398893,NA
Gm19_39417394,39417394,13,MG15,184,30,3,0,-0.203296703296703,0.145161290322581,0.997859882352941,0.998845,0.4,10,19,39398893,Gm19_39398893_MG15
Gm19_39417467,39417467,13,MG15,184,30,3,0,-0.203296703296703,0.145161290322581,0.997859882352941,0.998845,0.4,10,19,39398893,Gm19_39398893_MG15
Gm19_39417524,39417524,13,MG15,184,30,3,0,-0.203296703296703,0.145161290322581,0.997859882352941,0.998845,0.4,10,19,39398893,Gm19_39398893_MG15
Gm19_39417558,39417558,13,MG15,184,30,3,0,-0.203296703296703,0.145161290322581,0.997859882352941,0.998845,0.4,10,19,39398893,Gm19_39398893_MG15
Gm19_39417598,39417598,13,MG15,184,30,3,0,-0.203296703296703,0.145161290322581,0.997859882352941,0.998845,0.4,10,19,39398893,Gm19_39398893_MG15
Gm19_39417654,39417654,13,MG15,184,30,3,0,-0.203296703296703,0.145161290322581,0.997859882352941,0.998845,0.4,10,19,39398893,Gm19_39398893_MG15
Gm19_39417658,39417658,13,MG15,184,30,3,0,-0.203296703296703,0.145161290322581,0.997859882352941,0.998845,0.4,10,19,39398893,Gm19_39398893_MG15
Gm19_39417699,39417699,13,MG15,184,30,3,0,-0.203296703296703,0.145161290322581,0.997859882352941,0.998845,0.4,10,19,39398893,Gm19_39398893_MG15
Gm19_39418042,39418042,13,MG15,184,30,3,0,-0.203296703296703,0.145161290322581,0.997859882352941,0.998845,0.4,10,19,39398893,Gm19_39398893_MG15
Gm19_39418097,39418097,13,MG15,184,30,3,0,-0.203296703296703,0.145161290322581,0.997859882352941,0.998845,0.4,10,19,39398893,Gm19_39398893_MG15
Gm19_39418148,39418148,13,MG15,184,30,3,0,-0.203296703296703,0.145161290322581,0.997859882352941,0.998845,0.4,10,19,39398893,Gm19_39398893_MG15
Gm19_39418153,39418153,0,0,182,32,3,0,-0.242361111111111,0.154377880184332,0.116620603409833,0.123112713441282,0.4,10,19,39398893,NA
Gm19_39418207,39418207,13,MG15,184,30,3,0,-0.203296703296703,0.145161290322581,0.997859882352941,0.998845,0.4,10,19,39398893,Gm19_39398893_MG15
Gm19_39418210,39418210,13,MG15,184,30,3,0,-0.203296703296703,0.145161290322581,0.997859882352941,0.998845,0.4,10,19,39398893,Gm19_39398893_MG15
Gm19_39418401,39418401,12,MG9,139,76,2,0,0.00681905493661161,0.354838709677419,0.9798365,0.980110666666667,0.4,10,19,39398893,Gm19_39398893_MG9
Gm19_39418404,39418404,12,MG9,139,76,2,0,0.00681905493661161,0.354838709677419,0.9798365,0.980110666666667,0.4,10,19,39398893,Gm19_39398893_MG9
Gm19_39418428,39418428,13,MG15,184,30,3,0,-0.203296703296703,0.145161290322581,0.997859882352941,0.998845,0.4,10,19,39398893,Gm19_39398893_MG15
Gm19_39419062,39419062,12,MG9,139,76,2,0,0.00681905493661161,0.354838709677419,0.9798365,0.980110666666667,0.4,10,19,39398893,Gm19_39398893_MG9
Gm19_39419325,39419325,0,0,114,102,1,0,-0.0966386554621848,0.472350230414747,0.397604700454884,0.389048505268571,0.4,10,19,39398893,NA
Gm19_39419550,39419550,12,MG9,139,76,2,0,0.00681905493661161,0.354838709677419,0.9798365,0.980110666666667,0.4,10,19,39398893,Gm19_39398893_MG9
Gm19_39419632,39419632,14,MG10,137,78,2,0,-0.0202279202279203,0.36405529953917,0.981096333333333,0.981320923076923,0.4,10,19,39398893,Gm19_39398893_MG10
Gm19_39420807,39420807,0,0,104,113,0,0,-0.12467464862051,0.52073732718894,0.39497313172093,0.389812191681633,0.4,10,19,39398893,NA
Gm19_39421844,39421844,14,MG10,137,78,2,0,-0.0202279202279203,0.36405529953917,0.981096333333333,0.981320923076923,0.4,10,19,39398893,Gm19_39398893_MG10
Gm19_39422269,39422269,14,MG10,137,78,2,0,-0.0202279202279203,0.36405529953917,0.981096333333333,0.981320923076923,0.4,10,19,39398893,Gm19_39398893_MG10
Gm19_39424076,39424076,14,MG10,137,78,2,0,-0.0202279202279203,0.36405529953917,0.981096333333333,0.981320923076923,0.4,10,19,39398893,Gm19_39398893_MG10
Gm19_39425208,39425208,0,0,104,112,1,0,-0.128151260504202,0.518433179723502,0.39911169255814,0.393541699057143,0.4,10,19,39398893,NA
Gm19_39425219,39425219,0,0,206,11,0,0,-0.131016042780749,0.0506912442396313,0.0964771117441861,0.0918188272122449,0.4,10,19,39398893,NA
Gm19_39425221,39425221,0,0,194,22,1,0,-0.238162878787879,0.1036866359447,0.104979978325581,0.106946498285714,0.4,10,19,39398893,NA
Gm19_39425237,39425237,12,MG9,139,76,2,0,0.00681905493661161,0.354838709677419,0.9798365,0.980110666666667,0.4,10,19,39398893,Gm19_39398893_MG9
Gm19_39425255,39425255,0,0,117,99,1,0,-0.0780851998243302,0.45852534562212,0.393793875104651,0.38569401105102,0.4,10,19,39398893,NA
Gm19_39425297,39425297,0,0,117,99,1,0,-0.0780851998243302,0.45852534562212,0.393793875104651,0.38569401105102,0.4,10,19,39398893,NA
Gm19_39425469,39425469,0,0,194,22,1,0,-0.238162878787879,0.1036866359447,0.104979978325581,0.106946498285714,0.4,10,19,39398893,NA
Gm19_39425769,39425769,0,0,103,114,0,0,-0.118638179607435,0.525345622119816,0.398332851488372,0.3927345448,0.4,10,19,39398893,NA
Gm19_39425786,39425786,0,0,194,22,1,0,-0.238162878787879,0.1036866359447,0.104979978325581,0.106946498285714,0.4,10,19,39398893,NA
Gm19_39425787,39425787,0,0,205,12,0,0,-0.268062397372742,0.0552995391705069,0.0825287408418605,0.0784677369428571,0.4,10,19,39398893,NA
Gm19_39425790,39425790,0,0,102,114,1,0,-0.115964912280702,0.527649769585253,0.399717055860465,0.394069698057143,0.4,10,19,39398893,NA
Gm19_39425849,39425849,0,0,194,22,1,0,-0.238162878787879,0.1036866359447,0.104979978325581,0.106946498285714,0.4,10,19,39398893,NA
Gm19_39426030,39426030,0,0,204,13,0,0,-0.221629855293222,0.0599078341013825,0.0872899822744186,0.082812552077551,0.4,10,19,39398893,NA
Gm19_39426184,39426184,0,0,194,22,1,0,-0.238162878787879,0.1036866359447,0.104979978325581,0.106946498285714,0.4,10,19,39398893,NA
Gm19_39426456,39426456,12,MG9,139,76,2,0,0.00681905493661161,0.354838709677419,0.9798365,0.980110666666667,0.4,10,19,39398893,Gm19_39398893_MG9
Gm19_39426647,39426647,0,0,194,22,1,0,-0.238162878787879,0.1036866359447,0.104979978325581,0.106946498285714,0.4,10,19,39398893,NA
Gm19_39426692,39426692,12,MG9,139,76,2,0,0.00681905493661161,0.354838709677419,0.9798365,0.980110666666667,0.4,10,19,39398893,Gm19_39398893_MG9
Gm19_39426794,39426794,0,0,194,22,1,0,-0.238162878787879,0.1036866359447,0.104979978325581,0.106946498285714,0.4,10,19,39398893,NA
Gm19_39426856,39426856,0,0,103,114,0,0,-0.118638179607435,0.525345622119816,0.398332851488372,0.3927345448,0.4,10,19,39398893,NA
Gm19_39426962,39426962,12,MG9,139,76,2,0,0.00681905493661161,0.354838709677419,0.9798365,0.980110666666667,0.4,10,19,39398893,Gm19_39398893_MG9
Gm19_39427458,39427458,13,0,184,32,1,0,-0.234546703296703,0.149769585253456,0.984193882352941,0.128592993788857,0.4,10,19,39398893,NA
Gm19_39428749,39428749,12,MG9,139,76,2,0,0.00681905493661161,0.354838709677419,0.9798365,0.980110666666667,0.4,10,19,39398893,Gm19_39398893_MG9
Gm19_39428772,39428772,12,MG9,139,76,2,0,0.00681905493661161,0.354838709677419,0.9798365,0.980110666666667,0.4,10,19,39398893,Gm19_39398893_MG9
Gm19_39428885,39428885,0,0,103,114,0,0,-0.118638179607435,0.525345622119816,0.398332851488372,0.3927345448,0.4,10,19,39398893,NA
Gm19_39428897,39428897,0,0,135,81,1,0,-0.00250626566416035,0.375576036866359,0.371945623023256,0.372540814983673,0.4,10,19,39398893,NA
Gm19_39429028,39429028,13,MG15,184,31,2,0,-0.219425735554768,0.147465437788018,0.991858941176471,0.991915,0.4,10,19,39398893,Gm19_39398893_MG15
Gm19_39429043,39429043,13,MG15,184,31,2,0,-0.219425735554768,0.147465437788018,0.991858941176471,0.991915,0.4,10,19,39398893,Gm19_39398893_MG15
Gm19_39429089,39429089,12,MG9,139,76,2,0,0.00681905493661161,0.354838709677419,0.9798365,0.980110666666667,0.4,10,19,39398893,Gm19_39398893_MG9
Gm19_39429096,39429096,12,MG9,139,76,2,0,0.00681905493661161,0.354838709677419,0.9798365,0.980110666666667,0.4,10,19,39398893,Gm19_39398893_MG9
Gm19_39429630,39429630,0,0,43,173,1,0,0.137766897864817,0.799539170506912,0.13371896457093,0.146940897941837,0.4,10,19,39398893,NA
Gm19_39429790,39429790,0,0,33,177,7,0,-0.0341125541125542,0.831797235023041,0.108832240253953,0.118503907039184,0.4,10,19,39398893,NA
Gm19_39430456,39430456,0,0,125,92,0,0,0.0902222222222224,0.423963133640553,0.38554056744186,0.384607019591837,0.4,10,19,39398893,NA
Gm19_39431142,39431142,0,0,123,94,0,0,0.0642453163662071,0.433179723502304,0.377001557209302,0.376470714285714,0.4,10,19,39398893,NA
Gm19_39432432,39432432,0,0,122,95,0,0,0.0703331570597567,0.43778801843318,0.375818653953488,0.375382824897959,0.4,10,19,39398893,NA
Gm19_39432510,39432510,0,0,118,98,1,0,0.034957627118644,0.453917050691244,0.344541193004651,0.343459525697959,0.4,10,19,39398893,NA
Gm19_39433801,39433801,0,0,114,103,0,0,-0.0120722598575649,0.474654377880184,0.400229426372093,0.398826986,0.4,10,19,39398893,NA
Gm19_39435518,39435518,0,0,122,93,2,0,0.102323905602594,0.433179723502304,0.381782620883721,0.381075110979592,0.4,10,19,39398893,NA
Gm19_39436561,39436561,0,0,123,93,1,0,0.0992584651121238,0.430875576036866,0.380683448325581,0.379936070571429,0.4,10,19,39398893,NA
Gm19_39437991,39437991,15,MG16,113,102,2,0,0.0251327433628319,0.474654377880184,0.985624272727273,0.9869348,0.4,10,19,39398893,Gm19_39398893_MG16
Gm19_39439288,39439288,15,MG16,114,101,2,0,0.0188729399255714,0.470046082949309,0.985628636363636,0.98694425,0.4,10,19,39398893,Gm19_39398893_MG16
Gm19_39439307,39439307,15,MG16,114,101,2,0,0.0188729399255714,0.470046082949309,0.985628636363636,0.98694425,0.4,10,19,39398893,Gm19_39398893_MG16
Gm19_39439410,39439410,15,MG16,113,103,1,0,0.0283010601945151,0.476958525345622,0.981584727272727,0.9829253,0.4,10,19,39398893,Gm19_39398893_MG16
Gm19_39439633,39439633,15,MG16,113,103,1,0,0.0283010601945151,0.476958525345622,0.981584727272727,0.9829253,0.4,10,19,39398893,Gm19_39398893_MG16
Gm19_39439964,39439964,15,MG16,113,103,1,0,0.0283010601945151,0.476958525345622,0.981584727272727,0.9829253,0.4,10,19,39398893,Gm19_39398893_MG16
Gm19_39439968,39439968,15,MG16,114,102,1,0,0.0221052631578946,0.472350230414747,0.980638727272727,0.9819065,0.4,10,19,39398893,Gm19_39398893_MG16
Gm19_39439988,39439988,15,MG16,113,103,1,0,0.0283010601945151,0.476958525345622,0.981584727272727,0.9829253,0.4,10,19,39398893,Gm19_39398893_MG16
Gm19_39440767,39440767,15,0,114,102,1,0,0.0221052631578946,0.472350230414747,0.964925045454545,0.404761244808163,0.4,10,19,39398893,NA
Gm19_39441377,39441377,15,MG16,113,103,1,0,0.0283010601945151,0.476958525345622,0.981584727272727,0.9829253,0.4,10,19,39398893,Gm19_39398893_MG16
Gm19_39441501,39441501,14,MG10,138,78,1,0,-0.0226244343891404,0.361751152073733,0.984626,0.984798692307692,0.4,10,19,39398893,Gm19_39398893_MG10
Gm19_39441506,39441506,15,MG16,114,102,1,0,0.0221052631578946,0.472350230414747,0.981475409090909,0.98282685,0.4,10,19,39398893,Gm19_39398893_MG16
Gm19_39441538,39441538,15,MG16,114,102,1,0,0.0221052631578946,0.472350230414747,0.981475409090909,0.98282685,0.4,10,19,39398893,Gm19_39398893_MG16
Gm19_39441581,39441581,0,0,36,180,1,0,0.0352684144818978,0.831797235023041,0.120956296514233,0.132880000206367,0.4,10,19,39398893,NA
Gm19_39441602,39441602,15,MG16,113,103,1,0,0.0283010601945151,0.476958525345622,0.981584727272727,0.9829253,0.4,10,19,39398893,Gm19_39398893_MG16
Gm19_39441635,39441635,0,0,35,182,0,0,0.015079365079365,0.838709677419355,0.124254871407907,0.135529351153878,0.4,10,19,39398893,NA
Gm19_39441693,39441693,15,MG16,115,101,1,0,0.0158981115502854,0.467741935483871,0.980748045454545,0.98201515,0.4,10,19,39398893,Gm19_39398893_MG16
Gm19_39441717,39441717,15,MG16,115,101,1,0,0.0158981115502854,0.467741935483871,0.980748045454545,0.98201515,0.4,10,19,39398893,Gm19_39398893_MG16
Gm19_39441776,39441776,14,MG10,138,78,1,0,-0.0226244343891404,0.361751152073733,0.984626,0.984798692307692,0.4,10,19,39398893,Gm19_39398893_MG10
Gm19_39441882,39441882,15,MG16,114,102,1,0,0.0221052631578946,0.472350230414747,0.981475409090909,0.98282685,0.4,10,19,39398893,Gm19_39398893_MG16
Gm19_39441893,39441893,0,0,35,182,0,0,0.015079365079365,0.838709677419355,0.124254871407907,0.135529351153878,0.4,10,19,39398893,NA
Gm19_39441960,39441960,14,MG10,138,78,1,0,-0.0226244343891404,0.361751152073733,0.984626,0.984798692307692,0.4,10,19,39398893,Gm19_39398893_MG10
Gm19_39441962,39441962,16,MG1,25,192,0,0,-0.0568421052631578,0.884792626728111,0.96351975,0.969851818181818,0.4,10,19,39398893,Gm19_39398893_MG1
Gm19_39442067,39442067,15,MG16,115,101,1,0,0.0158981115502854,0.467741935483871,0.980748045454545,0.98201515,0.4,10,19,39398893,Gm19_39398893_MG16
Gm19_39442152,39442152,15,MG16,115,101,1,0,0.0158981115502854,0.467741935483871,0.980748045454545,0.98201515,0.4,10,19,39398893,Gm19_39398893_MG16
Gm19_39442170,39442170,0,0,117,100,0,0,0.00680272108843538,0.460829493087558,0.389523765051163,0.387886781167347,0.4,10,19,39398893,NA
Gm19_39442202,39442202,0,0,35,182,0,0,0.015079365079365,0.838709677419355,0.124254871407907,0.135529351153878,0.4,10,19,39398893,NA
Gm19_39442223,39442223,16,MG1,25,192,0,0,-0.0568421052631578,0.884792626728111,0.96351975,0.969851818181818,0.4,10,19,39398893,Gm19_39398893_MG1
Gm19_39442265,39442265,14,MG10,137,79,1,0,-0.0158462259728083,0.366359447004608,0.992681888888889,0.993909153846154,0.4,10,19,39398893,Gm19_39398893_MG10
Gm19_39442304,39442304,14,MG10,137,79,1,0,-0.0158462259728083,0.366359447004608,0.992681888888889,0.993909153846154,0.4,10,19,39398893,Gm19_39398893_MG10
Gm19_39442351,39442351,14,MG10,137,79,1,0,-0.0158462259728083,0.366359447004608,0.992681888888889,0.993909153846154,0.4,10,19,39398893,Gm19_39398893_MG10
Gm19_39442353,39442353,15,MG16,115,101,1,0,0.0158981115502854,0.467741935483871,0.980748045454545,0.98201515,0.4,10,19,39398893,Gm19_39398893_MG16
Gm19_39442915,39442915,14,MG10,137,79,1,0,-0.0158462259728083,0.366359447004608,0.992681888888889,0.993909153846154,0.4,10,19,39398893,Gm19_39398893_MG10
Gm19_39443373,39443373,0,0,35,182,0,0,0.015079365079365,0.838709677419355,0.124254871407907,0.135529351153878,0.4,10,19,39398893,NA
Gm19_39443631,39443631,0,0,35,182,0,0,0.015079365079365,0.838709677419355,0.124254871407907,0.135529351153878,0.4,10,19,39398893,NA
Gm19_39443797,39443797,15,MG16,114,102,1,0,0.0221052631578946,0.472350230414747,0.980638727272727,0.9819065,0.4,10,19,39398893,Gm19_39398893_MG16
Gm19_39443836,39443836,15,MG16,114,102,1,0,0.0221052631578946,0.472350230414747,0.980638727272727,0.9819065,0.4,10,19,39398893,Gm19_39398893_MG16
Gm19_39443920,39443920,14,MG10,137,79,1,0,-0.0158462259728083,0.366359447004608,0.992681888888889,0.993909153846154,0.4,10,19,39398893,Gm19_39398893_MG10
Gm19_39443921,39443921,0,0,126,90,1,0,0.1002886002886,0.41705069124424,0.388571820465116,0.387731793469388,0.4,10,19,39398893,NA
Gm19_39443961,39443961,0,0,126,90,1,0,0.1002886002886,0.41705069124424,0.388571820465116,0.387731793469388,0.4,10,19,39398893,NA
Gm19_39444298,39444298,0,0,35,182,0,0,0.015079365079365,0.838709677419355,0.124254871407907,0.135529351153878,0.4,10,19,39398893,NA
Gm19_39444344,39444344,0,0,205,10,2,0,-0.489655172413793,0.0506912442396313,0.0837268503069767,0.0795736473473469,0.4,10,19,39398893,NA
Gm19_39444366,39444366,17,MG22,204,11,2,0,-0.415391539153915,0.0552995391705069,1,1,0.4,10,19,39398893,Gm19_39398893_MG22
Gm19_39444557,39444557,16,MG1,25,192,0,0,-0.0568421052631578,0.884792626728111,0.96351975,0.969851818181818,0.4,10,19,39398893,Gm19_39398893_MG1
Gm19_39444583,39444583,0,0,35,182,0,0,0.015079365079365,0.838709677419355,0.124254871407907,0.135529351153878,0.4,10,19,39398893,NA
Gm19_39444634,39444634,14,MG10,137,79,1,0,-0.0158462259728083,0.366359447004608,0.992681888888889,0.993909153846154,0.4,10,19,39398893,Gm19_39398893_MG10
Gm19_39444701,39444701,0,0,45,171,1,0,0.14266929651545,0.790322580645161,0.13426524692,0.148045149463878,0.4,10,19,39398893,NA
Gm19_39444809,39444809,0,0,127,90,0,0,0.0973514674302076,0.414746543778802,0.386695257209302,0.385885976734694,0.4,10,19,39398893,NA
Gm19_39444902,39444902,18,MG2,46,169,2,0,0.129393387138766,0.783410138248848,0.999038714285714,1,0.4,10,19,39398893,Gm19_39398893_MG2
Gm19_39444934,39444934,18,MG2,46,169,2,0,0.129393387138766,0.783410138248848,0.999038714285714,1,0.4,10,19,39398893,Gm19_39398893_MG2
Gm19_39445121,39445121,0,0,117,100,0,0,0.00680272108843538,0.460829493087558,0.403002658620093,0.401349675523755,0.4,10,19,39398893,NA
Gm19_39445456,39445456,18,MG2,46,169,2,0,0.129393387138766,0.783410138248848,0.999038714285714,1,0.4,10,19,39398893,Gm19_39398893_MG2
Gm19_39445462,39445462,18,MG2,46,169,2,0,0.129393387138766,0.783410138248848,0.999038714285714,1,0.4,10,19,39398893,Gm19_39398893_MG2
Gm19_39445544,39445544,18,MG2,46,169,2,0,0.129393387138766,0.783410138248848,0.999038714285714,1,0.4,10,19,39398893,Gm19_39398893_MG2
Gm19_39445623,39445623,18,0,47,169,1,0,0.120142693336731,0.78110599078341,0.994232285714286,0.149361236223755,0.4,10,19,39398893,NA
Gm19_39445716,39445716,18,MG2,46,169,2,0,0.129393387138766,0.783410138248848,0.999038714285714,1,0.4,10,19,39398893,Gm19_39398893_MG2
Gm19_39445729,39445729,18,MG2,46,169,2,0,0.129393387138766,0.783410138248848,0.999038714285714,1,0.4,10,19,39398893,Gm19_39398893_MG2
Gm19_39445791,39445791,18,MG2,46,169,2,0,0.129393387138766,0.783410138248848,0.999038714285714,1,0.4,10,19,39398893,Gm19_39398893_MG2
Gm19_39445793,39445793,18,MG2,46,169,2,0,0.129393387138766,0.783410138248848,0.999038714285714,1,0.4,10,19,39398893,Gm19_39398893_MG2
Gm19_39445861,39445861,18,MG2,46,169,2,0,0.129393387138766,0.783410138248848,0.999038714285714,1,0.4,10,19,39398893,Gm19_39398893_MG2
Gm19_39445891,39445891,18,MG2,46,169,2,0,0.129393387138766,0.783410138248848,0.999038714285714,1,0.4,10,19,39398893,Gm19_39398893_MG2
Gm19_39445900,39445900,18,MG2,46,169,2,0,0.129393387138766,0.783410138248848,0.999038714285714,1,0.4,10,19,39398893,Gm19_39398893_MG2
Gm19_39446273,39446273,18,MG2,46,169,2,0,0.129393387138766,0.783410138248848,0.999038714285714,1,0.4,10,19,39398893,Gm19_39398893_MG2
Gm19_39446310,39446310,18,0,47,169,1,0,0.120142693336731,0.78110599078341,0.994232285714286,0.149361236223755,0.4,10,19,39398893,NA
Gm19_39446321,39446321,18,0,47,169,1,0,0.120142693336731,0.78110599078341,0.994232285714286,0.149361236223755,0.4,10,19,39398893,NA
Gm19_39446367,39446367,18,0,47,169,1,0,0.120142693336731,0.78110599078341,0.994232285714286,0.149361236223755,0.4,10,19,39398893,NA
Gm19_39446673,39446673,18,MG2,46,169,2,0,0.129393387138766,0.783410138248848,0.999038714285714,1,0.4,10,19,39398893,Gm19_39398893_MG2
Gm19_39446691,39446691,18,MG2,46,169,2,0,0.129393387138766,0.783410138248848,0.999038714285714,1,0.4,10,19,39398893,Gm19_39398893_MG2
Gm19_39446716,39446716,18,MG2,46,169,2,0,0.129393387138766,0.783410138248848,0.999038714285714,1,0.4,10,19,39398893,Gm19_39398893_MG2
Gm19_39446800,39446800,18,MG2,46,169,2,0,0.129393387138766,0.783410138248848,0.999038714285714,1,0.4,10,19,39398893,Gm19_39398893_MG2
Gm19_39446822,39446822,18,MG2,46,169,2,0,0.129393387138766,0.783410138248848,0.999038714285714,1,0.4,10,19,39398893,Gm19_39398893_MG2
Gm19_39446831,39446831,18,MG2,46,169,2,0,0.129393387138766,0.783410138248848,0.999038714285714,1,0.4,10,19,39398893,Gm19_39398893_MG2
Gm19_39446842,39446842,18,MG2,46,169,2,0,0.129393387138766,0.783410138248848,0.999038714285714,1,0.4,10,19,39398893,Gm19_39398893_MG2
Gm19_39446974,39446974,18,MG2,46,169,2,0,0.129393387138766,0.783410138248848,0.999038714285714,1,0.4,10,19,39398893,Gm19_39398893_MG2
Gm19_39447026,39447026,18,MG2,46,169,2,0,0.129393387138766,0.783410138248848,0.999038714285714,1,0.4,10,19,39398893,Gm19_39398893_MG2
Gm19_39447247,39447247,0,0,203,12,2,0,-0.176616915422886,0.0599078341013825,0.0903851616325581,0.0866173170857143,0.4,10,19,39398893,NA
Gm19_39447290,39447290,0,0,34,183,0,0,0.0968475788105299,0.84331797235023,0.113293861659027,0.122110757537513,0.4,10,19,39398893,NA
Gm19_39447370,39447370,18,MG2,46,169,2,0,0.129393387138766,0.783410138248848,0.999038714285714,1,0.4,10,19,39398893,Gm19_39398893_MG2
Gm19_39447716,39447716,0,0,126,90,1,0,0.1002886002886,0.41705069124424,0.388571820465116,0.387731793469388,0.4,10,19,39398893,NA
Gm19_39448244,39448244,18,MG2,46,169,2,0,0.129393387138766,0.783410138248848,0.999038714285714,1,0.4,10,19,39398893,Gm19_39398893_MG2
Gm19_39448624,39448624,14,MG10,137,79,1,0,-0.0158462259728083,0.366359447004608,0.992681888888889,0.993909153846154,0.4,10,19,39398893,Gm19_39398893_MG10
Gm19_39448815,39448815,14,MG10,137,79,1,0,-0.0158462259728083,0.366359447004608,0.992681888888889,0.993909153846154,0.4,10,19,39398893,Gm19_39398893_MG10
Gm19_39449359,39449359,0,0,126,90,1,0,0.1002886002886,0.41705069124424,0.388571820465116,0.387731793469388,0.4,10,19,39398893,NA
Gm19_39449882,39449882,0,0,204,12,1,0,-0.178217821782178,0.0576036866359447,0.0916505810139535,0.0877150675510204,0.4,10,19,39398893,NA
Gm19_39450126,39450126,8,MG19,205,11,1,0,-0.22525750111957,0.0529953917050691,1,1,0.4,10,19,39398893,Gm19_39398893_MG19
Gm19_39450804,39450804,8,MG19,205,11,1,0,-0.22525750111957,0.0529953917050691,1,1,0.4,10,19,39398893,Gm19_39398893_MG19
Gm19_39451649,39451649,19,MG11,109,107,1,0,-0.02175622542595,0.495391705069124,0.995776923076923,0.997322416666667,0.4,10,19,39398893,Gm19_39398893_MG11
Gm19_39452002,39452002,19,MG11,109,107,1,0,-0.02175622542595,0.495391705069124,0.995776923076923,0.997322416666667,0.4,10,19,39398893,Gm19_39398893_MG11
Gm19_39452250,39452250,19,MG11,109,107,1,0,-0.02175622542595,0.495391705069124,0.995776923076923,0.997322416666667,0.4,10,19,39398893,Gm19_39398893_MG11
Gm19_39452280,39452280,14,MG10,137,79,1,0,-0.0158462259728083,0.366359447004608,0.992681888888889,0.993909153846154,0.4,10,19,39398893,Gm19_39398893_MG10
Gm19_39452499,39452499,19,MG11,109,107,1,0,-0.02175622542595,0.495391705069124,0.995776923076923,0.997322416666667,0.4,10,19,39398893,Gm19_39398893_MG11
Gm19_39452841,39452841,19,MG11,109,107,1,0,-0.02175622542595,0.495391705069124,0.995776923076923,0.997322416666667,0.4,10,19,39398893,Gm19_39398893_MG11
Gm19_39452851,39452851,19,MG11,109,107,1,0,-0.02175622542595,0.495391705069124,0.995776923076923,0.997322416666667,0.4,10,19,39398893,Gm19_39398893_MG11
Gm19_39453200,39453200,19,MG11,108,107,2,0,-0.0280423280423279,0.497695852534562,0.996118615384615,0.99732425,0.4,10,19,39398893,Gm19_39398893_MG11
Gm19_39453245,39453245,14,MG10,137,79,1,0,-0.0158462259728083,0.366359447004608,0.992681888888889,0.993909153846154,0.4,10,19,39398893,Gm19_39398893_MG10
Gm19_39453259,39453259,12,0,139,77,1,0,0.0110910986823396,0.357142857142857,0.963239368421053,0.370694413118367,0.4,10,19,39398893,NA
Gm19_39453358,39453358,0,0,107,109,1,0,-0.0373831775700935,0.504608294930876,0.401138999906977,0.396245192571429,0.4,10,19,39398893,NA
Gm19_39453369,39453369,16,MG1,24,192,1,0,-0.0868421052631578,0.887096774193548,0.968863666666667,0.974739454545455,0.4,10,19,39398893,Gm19_39398893_MG1
Gm19_39453383,39453383,19,MG11,108,107,2,0,-0.0280423280423279,0.497695852534562,0.996118615384615,0.99732425,0.4,10,19,39398893,Gm19_39398893_MG11
Gm19_39453389,39453389,19,MG11,108,107,2,0,-0.0280423280423279,0.497695852534562,0.996118615384615,0.99732425,0.4,10,19,39398893,Gm19_39398893_MG11
Gm19_39453716,39453716,19,MG11,108,107,2,0,-0.0280423280423279,0.497695852534562,0.996118615384615,0.99732425,0.4,10,19,39398893,Gm19_39398893_MG11
Gm19_39453871,39453871,19,MG11,108,107,2,0,-0.0280423280423279,0.497695852534562,0.996118615384615,0.99732425,0.4,10,19,39398893,Gm19_39398893_MG11
Gm19_39454965,39454965,16,0,26,189,2,0,-0.067667626491156,0.875576036866359,0.9132615,0.102204589284157,0.4,10,19,39398893,NA
Gm19_39454971,39454971,16,MG1,25,191,1,0,-0.0986243386243386,0.882488479262673,0.954046916666667,0.954730818181818,0.4,10,19,39398893,Gm19_39398893_MG1
Gm19_39455061,39455061,0,0,106,109,2,0,-0.0156938811497092,0.506912442396313,0.404178795488372,0.399448466653061,0.4,10,19,39398893,NA
Gm19_39455087,39455087,16,MG1,25,191,1,0,-0.0986243386243386,0.882488479262673,0.954046916666667,0.954730818181818,0.4,10,19,39398893,Gm19_39398893_MG1
Gm19_39455641,39455641,15,0,115,101,1,0,0.00720245937637243,0.467741935483871,0.972448045454545,0.40550667137551,0.4,10,19,39398893,NA
Gm19_39456564,39456564,19,0,107,108,2,0,-0.0218656321636395,0.502304147465438,0.980682461538462,0.396567410204082,0.4,10,19,39398893,NA
Gm19_39456655,39456655,0,0,105,111,1,0,-0.0251638269986894,0.513824884792627,0.407720202372093,0.402596127102041,0.4,10,19,39398893,NA
Gm19_39456775,39456775,20,MG12,134,81,2,0,-0.0199214365881033,0.377880184331797,1,1,0.4,10,19,39398893,Gm19_39398893_MG12
Gm19_39456861,39456861,20,MG12,134,81,2,0,-0.0199214365881033,0.377880184331797,1,1,0.4,10,19,39398893,Gm19_39398893_MG12
Gm19_39456864,39456864,20,MG12,134,81,2,0,-0.0199214365881033,0.377880184331797,1,1,0.4,10,19,39398893,Gm19_39398893_MG12
Gm19_39456898,39456898,16,MG1,25,191,1,0,-0.0986243386243386,0.882488479262673,0.939874666666667,0.946883909090909,0.4,10,19,39398893,Gm19_39398893_MG1
Gm19_39460272,39460272,20,MG12,134,81,2,0,-0.0199214365881033,0.377880184331797,1,1,0.4,10,19,39398893,Gm19_39398893_MG12
Gm19_39460452,39460452,20,MG12,134,81,2,0,-0.0199214365881033,0.377880184331797,1,1,0.4,10,19,39398893,Gm19_39398893_MG12
Gm19_39460689,39460689,20,MG12,134,81,2,0,-0.0199214365881033,0.377880184331797,1,1,0.4,10,19,39398893,Gm19_39398893_MG12
Gm19_39460703,39460703,20,MG12,134,81,2,0,-0.0199214365881033,0.377880184331797,1,1,0.4,10,19,39398893,Gm19_39398893_MG12
Gm19_39460972,39460972,20,MG12,134,81,2,0,-0.0199214365881033,0.377880184331797,1,1,0.4,10,19,39398893,Gm19_39398893_MG12
Gm19_39460979,39460979,20,MG12,134,81,2,0,-0.0199214365881033,0.377880184331797,1,1,0.4,10,19,39398893,Gm19_39398893_MG12
Gm19_39461051,39461051,20,MG12,134,81,2,0,-0.0199214365881033,0.377880184331797,1,1,0.4,10,19,39398893,Gm19_39398893_MG12
Gm19_39461091,39461091,20,MG12,134,81,2,0,-0.0199214365881033,0.377880184331797,1,1,0.4,10,19,39398893,Gm19_39398893_MG12
Gm19_39461093,39461093,16,MG1,25,191,1,0,-0.0986243386243386,0.882488479262673,0.939874666666667,0.946883909090909,0.4,10,19,39398893,Gm19_39398893_MG1
Gm19_39461174,39461174,20,MG12,134,81,2,0,-0.0199214365881033,0.377880184331797,1,1,0.4,10,19,39398893,Gm19_39398893_MG12
Gm19_39461184,39461184,20,MG12,134,81,2,0,-0.0199214365881033,0.377880184331797,1,1,0.4,10,19,39398893,Gm19_39398893_MG12
Gm19_39461252,39461252,20,MG12,134,81,2,0,-0.0199214365881033,0.377880184331797,1,1,0.4,10,19,39398893,Gm19_39398893_MG12
Gm19_39461335,39461335,20,MG12,134,81,2,0,-0.0199214365881033,0.377880184331797,1,1,0.4,10,19,39398893,Gm19_39398893_MG12
Gm19_39461371,39461371,20,MG12,134,81,2,0,-0.0199214365881033,0.377880184331797,1,1,0.4,10,19,39398893,Gm19_39398893_MG12
Gm19_39461412,39461412,14,MG10,137,79,1,0,-0.0158462259728083,0.366359447004608,0.992681888888889,0.993909153846154,0.4,10,19,39398893,Gm19_39398893_MG10
Gm19_39461725,39461725,20,MG12,134,81,2,0,-0.0199214365881033,0.377880184331797,1,1,0.4,10,19,39398893,Gm19_39398893_MG12
Gm19_39461728,39461728,20,MG12,134,81,2,0,-0.0199214365881033,0.377880184331797,1,1,0.4,10,19,39398893,Gm19_39398893_MG12
Gm19_39461855,39461855,0,0,136,79,2,0,-0.0335348573587757,0.368663594470046,0.365068219916279,0.36654136473751,0.4,10,19,39398893,NA
Gm19_39461857,39461857,0,0,136,79,2,0,-0.0335348573587757,0.368663594470046,0.365068219916279,0.36654136473751,0.4,10,19,39398893,NA
Gm19_39461865,39461865,14,0,139,77,1,0,-0.0294814674376718,0.357142857142857,0.966523074074074,0.376507502477551,0.4,10,19,39398893,NA
Gm19_39461869,39461869,0,0,119,97,1,0,0.00141530296329062,0.449308755760369,0.403261212655349,0.401666076411837,0.4,10,19,39398893,NA
Gm19_39461880,39461880,0,0,136,79,2,0,-0.0335348573587757,0.368663594470046,0.365068219916279,0.36654136473751,0.4,10,19,39398893,NA
Gm19_39461904,39461904,0,0,136,79,2,0,-0.0335348573587757,0.368663594470046,0.365068219916279,0.36654136473751,0.4,10,19,39398893,NA
Gm19_39461908,39461908,0,0,136,79,2,0,-0.0335348573587757,0.368663594470046,0.365068219916279,0.36654136473751,0.4,10,19,39398893,NA
Gm19_39461939,39461939,20,MG12,134,81,2,0,-0.0199214365881033,0.377880184331797,1,1,0.4,10,19,39398893,Gm19_39398893_MG12
Gm19_39462085,39462085,20,MG12,134,81,2,0,-0.0199214365881033,0.377880184331797,1,1,0.4,10,19,39398893,Gm19_39398893_MG12
Gm19_39462100,39462100,14,MG10,137,79,1,0,-0.0158462259728083,0.366359447004608,0.992681888888889,0.993909153846154,0.4,10,19,39398893,Gm19_39398893_MG10
Gm19_39462111,39462111,20,MG12,134,81,2,0,-0.0199214365881033,0.377880184331797,1,1,0.4,10,19,39398893,Gm19_39398893_MG12
Gm19_39462160,39462160,16,MG1,24,192,1,0,-0.0868421052631578,0.887096774193548,0.968863666666667,0.974739454545455,0.4,10,19,39398893,Gm19_39398893_MG1
Gm19_39462271,39462271,20,MG12,134,81,2,0,-0.0199214365881033,0.377880184331797,1,1,0.4,10,19,39398893,Gm19_39398893_MG12
Gm19_39462292,39462292,0,0,111,104,2,0,-0.046634870164282,0.483870967741935,0.395078257534884,0.389585967387755,0.4,10,19,39398893,NA
Gm19_39462315,39462315,20,MG12,134,81,2,0,-0.0199214365881033,0.377880184331797,1,1,0.4,10,19,39398893,Gm19_39398893_MG12
Gm19_39462338,39462338,20,MG12,134,81,2,0,-0.0199214365881033,0.377880184331797,1,1,0.4,10,19,39398893,Gm19_39398893_MG12
Gm19_39462401,39462401,20,MG12,134,81,2,0,-0.0199214365881033,0.377880184331797,1,1,0.4,10,19,39398893,Gm19_39398893_MG12
Gm19_39462425,39462425,19,MG11,109,107,1,0,-0.0309305373525557,0.495391705069124,0.99224,0.99349075,0.4,10,19,39398893,Gm19_39398893_MG11
Gm19_39462429,39462429,20,MG12,134,81,2,0,-0.0199214365881033,0.377880184331797,1,1,0.4,10,19,39398893,Gm19_39398893_MG12
Gm19_39462433,39462433,20,MG12,134,81,2,0,-0.0199214365881033,0.377880184331797,1,1,0.4,10,19,39398893,Gm19_39398893_MG12
Gm19_39462488,39462488,20,MG12,134,81,2,0,-0.0199214365881033,0.377880184331797,1,1,0.4,10,19,39398893,Gm19_39398893_MG12
Gm19_39462493,39462493,20,MG12,134,81,2,0,-0.0199214365881033,0.377880184331797,1,1,0.4,10,19,39398893,Gm19_39398893_MG12
Gm19_39462566,39462566,20,MG12,134,81,2,0,-0.0199214365881033,0.377880184331797,1,1,0.4,10,19,39398893,Gm19_39398893_MG12
Gm19_39462631,39462631,20,MG12,134,81,2,0,-0.0199214365881033,0.377880184331797,1,1,0.4,10,19,39398893,Gm19_39398893_MG12
Gm19_39462709,39462709,20,MG12,134,81,2,0,-0.0199214365881033,0.377880184331797,1,1,0.4,10,19,39398893,Gm19_39398893_MG12
Gm19_39462741,39462741,20,MG12,134,81,2,0,-0.0199214365881033,0.377880184331797,1,1,0.4,10,19,39398893,Gm19_39398893_MG12
Gm19_39463495,39463495,14,MG10,137,79,1,0,-0.0158462259728083,0.366359447004608,0.992681888888889,0.993909153846154,0.4,10,19,39398893,Gm19_39398893_MG10
Gm19_39463731,39463731,0,0,105,111,1,0,-0.0251638269986894,0.513824884792627,0.404867385255814,0.400020793061225,0.4,10,19,39398893,NA
Gm19_39463994,39463994,16,MG1,25,189,3,0,-0.102245989304813,0.877880184331797,0.938319583333333,0.937598363636364,0.4,10,19,39398893,Gm19_39398893_MG1
Gm19_39464118,39464118,14,MG10,137,79,1,0,-0.0158462259728083,0.366359447004608,0.992681888888889,0.993909153846154,0.4,10,19,39398893,Gm19_39398893_MG10
Gm19_39464126,39464126,14,MG10,137,79,1,0,-0.0158462259728083,0.366359447004608,0.992681888888889,0.993909153846154,0.4,10,19,39398893,Gm19_39398893_MG10
Gm19_39464260,39464260,0,0,116,99,2,0,0.0355492356914326,0.460829493087558,0.35978265627907,0.354792009795918,0.4,10,19,39398893,NA
Gm19_39464268,39464268,14,MG10,137,79,1,0,-0.0158462259728083,0.366359447004608,0.992681888888889,0.993909153846154,0.4,10,19,39398893,Gm19_39398893_MG10
Gm19_39464505,39464505,14,MG10,137,79,1,0,-0.0158462259728083,0.366359447004608,0.992681888888889,0.993909153846154,0.4,10,19,39398893,Gm19_39398893_MG10
Gm19_39465220,39465220,14,MG10,137,79,1,0,-0.0158462259728083,0.366359447004608,0.992681888888889,0.993909153846154,0.4,10,19,39398893,Gm19_39398893_MG10
Gm19_39465261,39465261,16,MG1,24,192,1,0,-0.0868421052631578,0.887096774193548,0.968863666666667,0.974739454545455,0.4,10,19,39398893,Gm19_39398893_MG1
Gm19_39465365,39465365,0,0,103,112,2,0,-0.0159752868490732,0.52073732718894,0.405454406465116,0.400575787510204,0.4,10,19,39398893,NA
Gm19_39465440,39465440,0,0,103,112,2,0,-0.0159752868490732,0.52073732718894,0.405454406465116,0.400575787510204,0.4,10,19,39398893,NA
Gm19_39465445,39465445,14,MG10,137,79,1,0,-0.0158462259728083,0.366359447004608,0.992681888888889,0.993909153846154,0.4,10,19,39398893,Gm19_39398893_MG10
Gm19_39466015,39466015,0,0,104,110,3,0,-0.00641025641025639,0.513824884792627,0.404282994232558,0.399523802612245,0.4,10,19,39398893,NA
Gm19_39466058,39466058,0,0,104,110,3,0,-0.00641025641025639,0.513824884792627,0.404282994232558,0.399523802612245,0.4,10,19,39398893,NA
Gm19_39466329,39466329,12,MG9,140,75,2,0,0.0205797101449274,0.350230414746544,0.982375342105263,0.983617944444445,0.4,10,19,39398893,Gm19_39398893_MG9
Gm19_39466726,39466726,0,0,104,110,3,0,-0.00641025641025639,0.513824884792627,0.404282994232558,0.399523802612245,0.4,10,19,39398893,NA
Gm19_39467371,39467371,0,0,101,114,2,0,-0.0412835926449788,0.529953917050691,0.400297340837209,0.395706513428571,0.4,10,19,39398893,NA
Gm19_39467551,39467551,0,0,102,112,3,0,-0.031729055258467,0.523041474654378,0.398941170930233,0.394493004367347,0.4,10,19,39398893,NA
Gm19_39467829,39467829,0,0,101,114,2,0,-0.0412835926449788,0.529953917050691,0.400297340837209,0.395706513428571,0.4,10,19,39398893,NA
Gm19_39467939,39467939,0,0,101,114,2,0,-0.0412835926449788,0.529953917050691,0.400297340837209,0.395706513428571,0.4,10,19,39398893,NA
Gm19_39468342,39468342,0,0,197,19,1,0,-0.213495276653171,0.0898617511520737,0.0891983010121861,0.0873129021943674,0.4,10,19,39398893,NA
Gm19_39468347,39468347,0,0,101,114,2,0,-0.0412835926449788,0.529953917050691,0.400297340837209,0.395706513428571,0.4,10,19,39398893,NA
Gm19_39468396,39468396,0,0,101,114,2,0,-0.0412835926449788,0.529953917050691,0.400297340837209,0.395706513428571,0.4,10,19,39398893,NA
Gm19_39468679,39468679,0,0,101,114,2,0,-0.0412835926449788,0.529953917050691,0.400297340837209,0.395706513428571,0.4,10,19,39398893,NA
Gm19_39469036,39469036,0,0,126,90,1,0,0.0537518037518039,0.41705069124424,0.386402301860465,0.385619941632653,0.4,10,19,39398893,NA
Gm19_39470026,39470026,0,0,120,95,2,0,0.0298387096774193,0.442396313364055,0.371939348530233,0.371703797689796,0.4,10,19,39398893,NA
Gm19_39473877,39473877,0,0,109,107,1,0,0.0251638269986894,0.495391705069124,0.350332261146977,0.345893289986122,0.4,10,19,39398893,NA
Gm19_39473921,39473921,0,0,125,90,2,0,0.0565454545454547,0.419354838709677,0.388238937209302,0.387447043673469,0.4,10,19,39398893,NA
Gm19_39475319,39475319,0,0,126,89,2,0,0.0503557744937055,0.414746543778802,0.381701306046512,0.381458669387755,0.4,10,19,39398893,NA
Gm19_39475464,39475464,12,MG9,141,75,1,0,0.0181294964028775,0.347926267281106,0.986681131578947,0.988432611111111,0.4,10,19,39398893,Gm19_39398893_MG9
Gm19_39476579,39476579,12,MG9,141,75,1,0,0.0181294964028775,0.347926267281106,0.986681131578947,0.988432611111111,0.4,10,19,39398893,Gm19_39398893_MG9
Gm19_39476584,39476584,12,MG9,141,76,0,0,0.022340022718667,0.350230414746544,0.9867015,0.988451444444444,0.4,10,19,39398893,Gm19_39398893_MG9
Gm19_39476710,39476710,12,MG9,141,76,0,0,0.022340022718667,0.350230414746544,0.9867015,0.988451444444444,0.4,10,19,39398893,Gm19_39398893_MG9
Gm19_39476741,39476741,12,MG9,141,75,1,0,0.0181294964028775,0.347926267281106,0.982726210526316,0.984532777777778,0.4,10,19,39398893,Gm19_39398893_MG9
Gm19_39476745,39476745,12,MG9,141,75,1,0,0.0181294964028775,0.347926267281106,0.982726210526316,0.984532777777778,0.4,10,19,39398893,Gm19_39398893_MG9
Gm19_39476750,39476750,12,MG9,141,75,1,0,0.0181294964028775,0.347926267281106,0.982726210526316,0.984532777777778,0.4,10,19,39398893,Gm19_39398893_MG9
Gm19_39476799,39476799,12,MG9,141,76,0,0,0.022340022718667,0.350230414746544,0.9867015,0.988451444444444,0.4,10,19,39398893,Gm19_39398893_MG9
Gm19_39476832,39476832,12,MG9,141,76,0,0,0.022340022718667,0.350230414746544,0.9867015,0.988451444444444,0.4,10,19,39398893,Gm19_39398893_MG9
Gm19_39476842,39476842,12,MG9,141,76,0,0,0.022340022718667,0.350230414746544,0.9867015,0.988451444444444,0.4,10,19,39398893,Gm19_39398893_MG9
Gm19_39476846,39476846,12,MG9,141,76,0,0,0.022340022718667,0.350230414746544,0.9867015,0.988451444444444,0.4,10,19,39398893,Gm19_39398893_MG9
Gm19_39476900,39476900,12,MG9,141,76,0,0,0.022340022718667,0.350230414746544,0.9867015,0.988451444444444,0.4,10,19,39398893,Gm19_39398893_MG9
Gm19_39476915,39476915,12,MG9,141,76,0,0,0.022340022718667,0.350230414746544,0.9867015,0.988451444444444,0.4,10,19,39398893,Gm19_39398893_MG9
Gm19_39476916,39476916,12,MG9,141,76,0,0,0.022340022718667,0.350230414746544,0.9867015,0.988451444444444,0.4,10,19,39398893,Gm19_39398893_MG9
Gm19_39476924,39476924,12,MG9,141,76,0,0,0.022340022718667,0.350230414746544,0.9867015,0.988451444444444,0.4,10,19,39398893,Gm19_39398893_MG9
Gm19_39477135,39477135,12,MG9,141,75,1,0,0.0181294964028775,0.347926267281106,0.982726210526316,0.984532777777778,0.4,10,19,39398893,Gm19_39398893_MG9
Gm19_39477177,39477177,12,MG9,141,76,0,0,0.022340022718667,0.350230414746544,0.9867015,0.988451444444444,0.4,10,19,39398893,Gm19_39398893_MG9
Gm19_39477193,39477193,12,MG9,141,76,0,0,0.022340022718667,0.350230414746544,0.9867015,0.988451444444444,0.4,10,19,39398893,Gm19_39398893_MG9
Gm19_39477252,39477252,12,MG9,141,76,0,0,0.022340022718667,0.350230414746544,0.9867015,0.988451444444444,0.4,10,19,39398893,Gm19_39398893_MG9
Gm19_39477302,39477302,12,MG9,141,76,0,0,0.022340022718667,0.350230414746544,0.9867015,0.988451444444444,0.4,10,19,39398893,Gm19_39398893_MG9
Gm19_39477454,39477454,12,MG9,141,75,1,0,0.0181294964028775,0.347926267281106,0.986681131578947,0.988432611111111,0.4,10,19,39398893,Gm19_39398893_MG9
Gm19_39479984,39479984,12,MG9,141,75,1,0,0.0181294964028775,0.347926267281106,0.986681131578947,0.988432611111111,0.4,10,19,39398893,Gm19_39398893_MG9
Gm19_39480936,39480936,12,MG9,141,75,1,0,0.0181294964028775,0.347926267281106,0.986681131578947,0.988432611111111,0.4,10,19,39398893,Gm19_39398893_MG9
Gm19_39480997,39480997,0,0,31,184,2,0,0.0739099610067353,0.852534562211982,0.10788705384186,0.116090371371429,0.4,10,19,39398893,NA
Gm19_39481663,39481663,0,0,50,164,3,0,0.0713580246913579,0.762672811059908,0.121247515434419,0.133077522524082,0.4,10,19,39398893,NA
Gm19_39482386,39482386,17,MG22,204,11,2,0,-0.415391539153915,0.0552995391705069,1,1,0.4,10,19,39398893,Gm19_39398893_MG22
Gm19_39482402,39482402,17,MG22,204,11,2,0,-0.415391539153915,0.0552995391705069,1,1,0.4,10,19,39398893,Gm19_39398893_MG22
Gm19_39482505,39482505,17,MG22,204,11,2,0,-0.415391539153915,0.0552995391705069,1,1,0.4,10,19,39398893,Gm19_39398893_MG22
Gm19_39482528,39482528,17,MG22,204,11,2,0,-0.415391539153915,0.0552995391705069,1,1,0.4,10,19,39398893,Gm19_39398893_MG22
Gm19_39482574,39482574,17,MG22,204,11,2,0,-0.415391539153915,0.0552995391705069,1,1,0.4,10,19,39398893,Gm19_39398893_MG22
Gm19_39482673,39482673,17,MG22,204,11,2,0,-0.415391539153915,0.0552995391705069,1,1,0.4,10,19,39398893,Gm19_39398893_MG22
Gm19_39482723,39482723,0,0,37,178,2,0,-0.0322481572481572,0.824884792626728,0.108426947913628,0.118418105311959,0.4,10,19,39398893,NA
Gm19_39482801,39482801,0,0,48,165,4,0,0.0890848670756645,0.769585253456221,0.124938636967349,0.136938217526449,0.4,10,19,39398893,NA
Gm19_39483025,39483025,0,0,48,165,4,0,0.0890848670756645,0.769585253456221,0.124938636967349,0.136938217526449,0.4,10,19,39398893,NA
Gm19_39483881,39483881,21,MG23,205,11,1,0,-0.321092700403045,0.0529953917050691,1,1,0.4,10,19,39398893,Gm19_39398893_MG23
Gm19_39483939,39483939,21,MG23,205,11,1,0,-0.321092700403045,0.0529953917050691,1,1,0.4,10,19,39398893,Gm19_39398893_MG23
Gm19_39483963,39483963,0,0,203,12,2,0,-0.353233830845771,0.0599078341013825,0.0869910646358139,0.0821701079008163,0.4,10,19,39398893,NA
Gm19_39484070,39484070,21,MG23,205,11,1,0,-0.321092700403045,0.0529953917050691,1,1,0.4,10,19,39398893,Gm19_39398893_MG23
Gm19_39484078,39484078,0,0,32,183,2,0,-0.0870165745856353,0.847926267281106,0.117916897298698,0.129077481139673,0.4,10,19,39398893,NA
Gm19_39484085,39484085,21,MG23,205,11,1,0,-0.321092700403045,0.0529953917050691,1,1,0.4,10,19,39398893,Gm19_39398893_MG23
Gm19_39484251,39484251,21,MG23,205,11,1,0,-0.321092700403045,0.0529953917050691,1,1,0.4,10,19,39398893,Gm19_39398893_MG23
Gm19_39484378,39484378,22,MG7,70,145,2,0,0.0494505494505495,0.672811059907834,0.984064842105263,0.986626888888889,0.4,10,19,39398893,Gm19_39398893_MG7
Gm19_39484383,39484383,21,MG23,205,11,1,0,-0.321092700403045,0.0529953917050691,1,1,0.4,10,19,39398893,Gm19_39398893_MG23
Gm19_39484422,39484422,21,MG23,205,11,1,0,-0.321092700403045,0.0529953917050691,1,1,0.4,10,19,39398893,Gm19_39398893_MG23
Gm19_39484515,39484515,21,MG23,205,11,1,0,-0.321092700403045,0.0529953917050691,1,1,0.4,10,19,39398893,Gm19_39398893_MG23
Gm19_39484555,39484555,21,MG23,205,11,1,0,-0.321092700403045,0.0529953917050691,1,1,0.4,10,19,39398893,Gm19_39398893_MG23
Gm19_39484649,39484649,21,MG23,205,11,1,0,-0.321092700403045,0.0529953917050691,1,1,0.4,10,19,39398893,Gm19_39398893_MG23
Gm19_39484733,39484733,21,MG23,205,11,1,0,-0.321092700403045,0.0529953917050691,1,1,0.4,10,19,39398893,Gm19_39398893_MG23
Gm19_39484786,39484786,21,MG23,205,11,1,0,-0.321092700403045,0.0529953917050691,1,1,0.4,10,19,39398893,Gm19_39398893_MG23
Gm19_39484886,39484886,21,MG23,205,11,1,0,-0.321092700403045,0.0529953917050691,1,1,0.4,10,19,39398893,Gm19_39398893_MG23
Gm19_39484929,39484929,21,MG23,205,11,1,0,-0.321092700403045,0.0529953917050691,1,1,0.4,10,19,39398893,Gm19_39398893_MG23
Gm19_39484952,39484952,21,MG23,205,11,1,0,-0.321092700403045,0.0529953917050691,1,1,0.4,10,19,39398893,Gm19_39398893_MG23
Gm19_39484986,39484986,21,MG23,205,11,1,0,-0.321092700403045,0.0529953917050691,1,1,0.4,10,19,39398893,Gm19_39398893_MG23
Gm19_39484999,39484999,21,MG23,205,11,1,0,-0.321092700403045,0.0529953917050691,1,1,0.4,10,19,39398893,Gm19_39398893_MG23
Gm19_39485016,39485016,21,MG23,205,11,1,0,-0.321092700403045,0.0529953917050691,1,1,0.4,10,19,39398893,Gm19_39398893_MG23
Gm19_39485018,39485018,21,MG23,205,11,1,0,-0.321092700403045,0.0529953917050691,1,1,0.4,10,19,39398893,Gm19_39398893_MG23
Gm19_39485044,39485044,21,MG23,205,11,1,0,-0.321092700403045,0.0529953917050691,1,1,0.4,10,19,39398893,Gm19_39398893_MG23
Gm19_39485089,39485089,21,MG23,205,11,1,0,-0.321092700403045,0.0529953917050691,1,1,0.4,10,19,39398893,Gm19_39398893_MG23
Gm19_39485182,39485182,21,MG23,205,11,1,0,-0.321092700403045,0.0529953917050691,1,1,0.4,10,19,39398893,Gm19_39398893_MG23
Gm19_39485188,39485188,21,MG23,205,11,1,0,-0.321092700403045,0.0529953917050691,1,1,0.4,10,19,39398893,Gm19_39398893_MG23
Gm19_39485251,39485251,22,MG7,70,145,2,0,0.0494505494505495,0.672811059907834,0.984064842105263,0.986626888888889,0.4,10,19,39398893,Gm19_39398893_MG7
Gm19_39485303,39485303,21,MG23,205,11,1,0,-0.321092700403045,0.0529953917050691,1,1,0.4,10,19,39398893,Gm19_39398893_MG23
Gm19_39485331,39485331,21,MG23,205,11,1,0,-0.321092700403045,0.0529953917050691,1,1,0.4,10,19,39398893,Gm19_39398893_MG23
Gm19_39485383,39485383,21,MG23,205,11,1,0,-0.321092700403045,0.0529953917050691,1,1,0.4,10,19,39398893,Gm19_39398893_MG23
Gm19_39485395,39485395,21,MG23,205,11,1,0,-0.321092700403045,0.0529953917050691,1,1,0.4,10,19,39398893,Gm19_39398893_MG23
Gm19_39485460,39485460,21,MG23,205,11,1,0,-0.321092700403045,0.0529953917050691,1,1,0.4,10,19,39398893,Gm19_39398893_MG23
Gm19_39485482,39485482,21,MG23,205,11,1,0,-0.321092700403045,0.0529953917050691,1,1,0.4,10,19,39398893,Gm19_39398893_MG23
Gm19_39485494,39485494,21,MG23,205,11,1,0,-0.321092700403045,0.0529953917050691,1,1,0.4,10,19,39398893,Gm19_39398893_MG23
Gm19_39485517,39485517,21,MG23,205,11,1,0,-0.321092700403045,0.0529953917050691,1,1,0.4,10,19,39398893,Gm19_39398893_MG23
Gm19_39485543,39485543,21,MG23,205,11,1,0,-0.321092700403045,0.0529953917050691,1,1,0.4,10,19,39398893,Gm19_39398893_MG23
Gm19_39485544,39485544,21,MG23,205,11,1,0,-0.321092700403045,0.0529953917050691,1,1,0.4,10,19,39398893,Gm19_39398893_MG23
Gm19_39485648,39485648,21,MG23,205,11,1,0,-0.321092700403045,0.0529953917050691,1,1,0.4,10,19,39398893,Gm19_39398893_MG23
Gm19_39485675,39485675,21,MG23,205,11,1,0,-0.321092700403045,0.0529953917050691,1,1,0.4,10,19,39398893,Gm19_39398893_MG23
Gm19_39485681,39485681,0,0,42,172,3,0,-0.0792717086834733,0.799539170506912,0.118603813644512,0.124358055606408,0.4,10,19,39398893,NA
Gm19_39485764,39485764,21,MG23,205,11,1,0,-0.321092700403045,0.0529953917050691,1,1,0.4,10,19,39398893,Gm19_39398893_MG23
Gm19_39485766,39485766,22,MG7,70,145,2,0,0.0494505494505495,0.672811059907834,0.984064842105263,0.986626888888889,0.4,10,19,39398893,Gm19_39398893_MG7
Gm19_39485796,39485796,21,MG23,205,11,1,0,-0.321092700403045,0.0529953917050691,1,1,0.4,10,19,39398893,Gm19_39398893_MG23
Gm19_39485882,39485882,21,MG23,205,11,1,0,-0.321092700403045,0.0529953917050691,1,1,0.4,10,19,39398893,Gm19_39398893_MG23
Gm19_39485899,39485899,21,MG23,205,11,1,0,-0.321092700403045,0.0529953917050691,1,1,0.4,10,19,39398893,Gm19_39398893_MG23
Gm19_39485920,39485920,21,MG23,205,11,1,0,-0.321092700403045,0.0529953917050691,1,1,0.4,10,19,39398893,Gm19_39398893_MG23
Gm19_39485950,39485950,21,MG23,205,11,1,0,-0.321092700403045,0.0529953917050691,1,1,0.4,10,19,39398893,Gm19_39398893_MG23
Gm19_39485952,39485952,21,MG23,205,11,1,0,-0.321092700403045,0.0529953917050691,1,1,0.4,10,19,39398893,Gm19_39398893_MG23
Gm19_39485985,39485985,21,MG23,205,11,1,0,-0.321092700403045,0.0529953917050691,1,1,0.4,10,19,39398893,Gm19_39398893_MG23
Gm19_39486016,39486016,21,MG23,205,11,1,0,-0.321092700403045,0.0529953917050691,1,1,0.4,10,19,39398893,Gm19_39398893_MG23
Gm19_39486204,39486204,21,MG23,205,11,1,0,-0.321092700403045,0.0529953917050691,1,1,0.4,10,19,39398893,Gm19_39398893_MG23
Gm19_39486211,39486211,21,MG23,205,11,1,0,-0.321092700403045,0.0529953917050691,1,1,0.4,10,19,39398893,Gm19_39398893_MG23
Gm19_39486511,39486511,21,MG23,205,11,1,0,-0.321092700403045,0.0529953917050691,1,1,0.4,10,19,39398893,Gm19_39398893_MG23
Gm19_39486635,39486635,21,MG23,205,11,1,0,-0.321092700403045,0.0529953917050691,1,1,0.4,10,19,39398893,Gm19_39398893_MG23
Gm19_39486646,39486646,21,MG23,205,11,1,0,-0.321092700403045,0.0529953917050691,1,1,0.4,10,19,39398893,Gm19_39398893_MG23
Gm19_39486652,39486652,21,MG23,205,11,1,0,-0.321092700403045,0.0529953917050691,1,1,0.4,10,19,39398893,Gm19_39398893_MG23
Gm19_39486694,39486694,21,MG23,205,11,1,0,-0.321092700403045,0.0529953917050691,1,1,0.4,10,19,39398893,Gm19_39398893_MG23
Gm19_39486719,39486719,21,MG23,205,11,1,0,-0.321092700403045,0.0529953917050691,1,1,0.4,10,19,39398893,Gm19_39398893_MG23
Gm19_39486732,39486732,21,MG23,205,11,1,0,-0.321092700403045,0.0529953917050691,1,1,0.4,10,19,39398893,Gm19_39398893_MG23
Gm19_39486742,39486742,21,MG23,205,11,1,0,-0.321092700403045,0.0529953917050691,1,1,0.4,10,19,39398893,Gm19_39398893_MG23
Gm19_39486747,39486747,21,MG23,205,11,1,0,-0.321092700403045,0.0529953917050691,1,1,0.4,10,19,39398893,Gm19_39398893_MG23
Gm19_39486852,39486852,21,MG23,205,11,1,0,-0.321092700403045,0.0529953917050691,1,1,0.4,10,19,39398893,Gm19_39398893_MG23
Gm19_39486859,39486859,21,MG23,205,11,1,0,-0.321092700403045,0.0529953917050691,1,1,0.4,10,19,39398893,Gm19_39398893_MG23
Gm19_39486899,39486899,21,MG23,205,11,1,0,-0.321092700403045,0.0529953917050691,1,1,0.4,10,19,39398893,Gm19_39398893_MG23
Gm19_39486942,39486942,22,MG7,70,145,2,0,0.0494505494505495,0.672811059907834,0.984064842105263,0.986626888888889,0.4,10,19,39398893,Gm19_39398893_MG7
Gm19_39486949,39486949,21,MG23,205,11,1,0,-0.321092700403045,0.0529953917050691,1,1,0.4,10,19,39398893,Gm19_39398893_MG23
Gm19_39487014,39487014,21,MG23,205,11,1,0,-0.321092700403045,0.0529953917050691,1,1,0.4,10,19,39398893,Gm19_39398893_MG23
Gm19_39487115,39487115,21,MG23,205,11,1,0,-0.321092700403045,0.0529953917050691,1,1,0.4,10,19,39398893,Gm19_39398893_MG23
Gm19_39487158,39487158,21,MG23,205,11,1,0,-0.321092700403045,0.0529953917050691,1,1,0.4,10,19,39398893,Gm19_39398893_MG23
Gm19_39487226,39487226,21,MG23,205,11,1,0,-0.321092700403045,0.0529953917050691,1,1,0.4,10,19,39398893,Gm19_39398893_MG23
Gm19_39487263,39487263,21,MG23,205,11,1,0,-0.321092700403045,0.0529953917050691,1,1,0.4,10,19,39398893,Gm19_39398893_MG23
Gm19_39487447,39487447,21,MG23,205,11,1,0,-0.321092700403045,0.0529953917050691,1,1,0.4,10,19,39398893,Gm19_39398893_MG23
Gm19_39487474,39487474,22,MG7,70,145,2,0,0.0494505494505495,0.672811059907834,0.984064842105263,0.986626888888889,0.4,10,19,39398893,Gm19_39398893_MG7
Gm19_39487500,39487500,21,MG23,205,11,1,0,-0.321092700403045,0.0529953917050691,1,1,0.4,10,19,39398893,Gm19_39398893_MG23
Gm19_39487675,39487675,0,0,42,172,3,0,-0.0792717086834733,0.799539170506912,0.118603813644512,0.124358055606408,0.4,10,19,39398893,NA
Gm19_39487700,39487700,0,0,203,12,2,0,-0.353233830845771,0.0599078341013825,0.0869910646358139,0.0821701079008163,0.4,10,19,39398893,NA
Gm19_39487705,39487705,0,0,203,12,2,0,-0.353233830845771,0.0599078341013825,0.0869910646358139,0.0821701079008163,0.4,10,19,39398893,NA
Gm19_39487715,39487715,0,0,203,12,2,0,-0.353233830845771,0.0599078341013825,0.0869910646358139,0.0821701079008163,0.4,10,19,39398893,NA
Gm19_39488261,39488261,23,0,54,160,3,0,-0.0639943741209565,0.744239631336406,0.952984275862069,0.150491354046735,0.4,10,19,39398893,NA
Gm19_39488571,39488571,0,0,66,147,4,0,0.07533960292581,0.686635944700461,0.13305934668093,0.145649158438367,0.4,10,19,39398893,NA
Gm19_39488632,39488632,0,0,66,147,4,0,0.07533960292581,0.686635944700461,0.13305934668093,0.145649158438367,0.4,10,19,39398893,NA
Gm19_39489640,39489640,0,0,58,156,3,0,-0.0208240035826244,0.725806451612903,0.135985555804651,0.147200665383673,0.4,10,19,39398893,NA
Gm19_39490257,39490257,23,MG3,56,158,3,0,-0.0297619047619047,0.735023041474654,0.997137413793103,0.999559888888889,0.4,10,19,39398893,Gm19_39398893_MG3
Gm19_39490349,39490349,22,MG7,69,145,3,0,0.0546265328874025,0.675115207373272,0.985854947368421,0.987682,0.4,10,19,39398893,Gm19_39398893_MG7
Gm19_39490376,39490376,22,MG7,69,145,3,0,0.0546265328874025,0.675115207373272,0.985854947368421,0.987682,0.4,10,19,39398893,Gm19_39398893_MG7
Gm19_39490411,39490411,22,MG7,69,145,3,0,0.0546265328874025,0.675115207373272,0.985854947368421,0.987682,0.4,10,19,39398893,Gm19_39398893_MG7
Gm19_39490623,39490623,23,MG3,56,158,3,0,-0.0297619047619047,0.735023041474654,0.997137413793103,0.999559888888889,0.4,10,19,39398893,Gm19_39398893_MG3
Gm19_39491006,39491006,23,MG3,56,158,3,0,-0.0297619047619047,0.735023041474654,0.997137413793103,0.999559888888889,0.4,10,19,39398893,Gm19_39398893_MG3
Gm19_39491079,39491079,23,MG3,56,158,3,0,-0.0297619047619047,0.735023041474654,0.997137413793103,0.999559888888889,0.4,10,19,39398893,Gm19_39398893_MG3
Gm19_39491086,39491086,22,0,67,148,2,0,0.0499897771416888,0.686635944700461,0.957772631578947,0.146625914265347,0.4,10,19,39398893,NA
Gm19_39491098,39491098,23,MG3,56,158,3,0,-0.0297619047619047,0.735023041474654,0.997137413793103,0.999559888888889,0.4,10,19,39398893,Gm19_39398893_MG3
Gm19_39491268,39491268,23,MG3,56,158,3,0,-0.0297619047619047,0.735023041474654,0.997137413793103,0.999559888888889,0.4,10,19,39398893,Gm19_39398893_MG3
Gm19_39491313,39491313,23,MG3,56,158,3,0,-0.0297619047619047,0.735023041474654,0.997137413793103,0.999559888888889,0.4,10,19,39398893,Gm19_39398893_MG3
Gm19_39491483,39491483,23,MG3,56,157,4,0,-0.0319124423963133,0.732718894009217,0.991582862068966,0.994026481481482,0.4,10,19,39398893,Gm19_39398893_MG3
Gm19_39491565,39491565,17,MG22,204,11,2,0,-0.415391539153915,0.0552995391705069,1,1,0.4,10,19,39398893,Gm19_39398893_MG22
Gm19_39491693,39491693,22,MG7,69,146,2,0,0.0712560386473429,0.67741935483871,0.981209631578947,0.981912666666667,0.4,10,19,39398893,Gm19_39398893_MG7
Gm19_39491704,39491704,22,MG7,69,146,2,0,0.0712560386473429,0.67741935483871,0.981209631578947,0.981912666666667,0.4,10,19,39398893,Gm19_39398893_MG7
Gm19_39491731,39491731,17,MG22,204,11,2,0,-0.415391539153915,0.0552995391705069,1,1,0.4,10,19,39398893,Gm19_39398893_MG22
Gm19_39491912,39491912,22,MG7,68,146,3,0,0.0620915032679739,0.679723502304147,0.984798157894737,0.985426111111111,0.4,10,19,39398893,Gm19_39398893_MG7
Gm19_39492275,39492275,22,MG7,68,146,3,0,0.0620915032679739,0.679723502304147,0.984798157894737,0.985426111111111,0.4,10,19,39398893,Gm19_39398893_MG7
Gm19_39492389,39492389,23,MG3,56,158,3,0,-0.0297619047619047,0.735023041474654,0.997137413793103,0.999559888888889,0.4,10,19,39398893,Gm19_39398893_MG3
Gm19_39492488,39492488,23,MG3,56,158,3,0,-0.0297619047619047,0.735023041474654,0.997137413793103,0.999559888888889,0.4,10,19,39398893,Gm19_39398893_MG3
Gm19_39492495,39492495,17,MG22,204,11,2,0,-0.415391539153915,0.0552995391705069,1,1,0.4,10,19,39398893,Gm19_39398893_MG22
Gm19_39492513,39492513,22,MG7,68,146,3,0,0.0620915032679739,0.679723502304147,0.984798157894737,0.985426111111111,0.4,10,19,39398893,Gm19_39398893_MG7
Gm19_39492697,39492697,17,MG22,204,11,2,0,-0.415391539153915,0.0552995391705069,1,1,0.4,10,19,39398893,Gm19_39398893_MG22
Gm19_39492785,39492785,22,MG7,68,146,3,0,0.0620915032679739,0.679723502304147,0.984798157894737,0.985426111111111,0.4,10,19,39398893,Gm19_39398893_MG7
Gm19_39492849,39492849,17,MG22,204,11,2,0,-0.415391539153915,0.0552995391705069,1,1,0.4,10,19,39398893,Gm19_39398893_MG22
Gm19_39492917,39492917,17,MG22,204,11,2,0,-0.415391539153915,0.0552995391705069,1,1,0.4,10,19,39398893,Gm19_39398893_MG22
Gm19_39492961,39492961,17,MG22,204,11,2,0,-0.415391539153915,0.0552995391705069,1,1,0.4,10,19,39398893,Gm19_39398893_MG22
Gm19_39492963,39492963,23,MG3,56,158,3,0,-0.0297619047619047,0.735023041474654,0.997137413793103,0.999559888888889,0.4,10,19,39398893,Gm19_39398893_MG3
Gm19_39493011,39493011,23,MG3,56,158,3,0,-0.0297619047619047,0.735023041474654,0.997137413793103,0.999559888888889,0.4,10,19,39398893,Gm19_39398893_MG3
Gm19_39493020,39493020,22,MG7,68,146,3,0,0.0620915032679739,0.679723502304147,0.984798157894737,0.985426111111111,0.4,10,19,39398893,Gm19_39398893_MG7
Gm19_39493045,39493045,17,MG22,204,11,2,0,-0.415391539153915,0.0552995391705069,1,1,0.4,10,19,39398893,Gm19_39398893_MG22
Gm19_39493099,39493099,17,MG22,204,11,2,0,-0.415391539153915,0.0552995391705069,1,1,0.4,10,19,39398893,Gm19_39398893_MG22
Gm19_39493124,39493124,22,MG7,69,146,2,0,0.0712560386473429,0.67741935483871,0.981209631578947,0.981912666666667,0.4,10,19,39398893,Gm19_39398893_MG7
Gm19_39493136,39493136,17,MG22,204,11,2,0,-0.415391539153915,0.0552995391705069,1,1,0.4,10,19,39398893,Gm19_39398893_MG22
Gm19_39493176,39493176,23,MG3,57,158,2,0,-0.0175438596491226,0.732718894009217,0.991663896551724,0.99409037037037,0.4,10,19,39398893,Gm19_39398893_MG3
Gm19_39495145,39495145,0,0,203,13,1,0,-0.30195177956372,0.0622119815668203,0.0852437246744186,0.080584599244898,0.4,10,19,39398893,NA
Gm19_39495176,39495176,23,MG3,56,158,3,0,-0.0297619047619047,0.735023041474654,0.997137413793103,0.999559888888889,0.4,10,19,39398893,Gm19_39398893_MG3
Gm19_39495227,39495227,0,0,203,13,1,0,-0.30195177956372,0.0622119815668203,0.0852437246744186,0.080584599244898,0.4,10,19,39398893,NA
Gm19_39495242,39495242,0,0,203,12,2,0,-0.353233830845771,0.0599078341013825,0.0869910646358139,0.0821701079008163,0.4,10,19,39398893,NA
Gm19_39495263,39495263,22,MG7,70,145,2,0,0.0494505494505495,0.672811059907834,0.984064842105263,0.986626888888889,0.4,10,19,39398893,Gm19_39398893_MG7
Gm19_39495271,39495271,23,MG3,56,158,3,0,-0.0297619047619047,0.735023041474654,0.997137413793103,0.999559888888889,0.4,10,19,39398893,Gm19_39398893_MG3
Gm19_39495434,39495434,23,MG3,56,158,3,0,-0.0297619047619047,0.735023041474654,0.997137413793103,0.999559888888889,0.4,10,19,39398893,Gm19_39398893_MG3
Gm19_39495486,39495486,22,MG7,70,145,2,0,0.0494505494505495,0.672811059907834,0.984064842105263,0.986626888888889,0.4,10,19,39398893,Gm19_39398893_MG7
Gm19_39495751,39495751,23,MG3,56,158,3,0,-0.0297619047619047,0.735023041474654,0.997137413793103,0.999559888888889,0.4,10,19,39398893,Gm19_39398893_MG3
Gm19_39495778,39495778,0,0,158,59,0,0,-0.0587787918296392,0.271889400921659,0.192557576263488,0.199983614835306,0.4,10,19,39398893,NA
Gm19_39495836,39495836,23,MG3,56,158,3,0,-0.0297619047619047,0.735023041474654,0.997137413793103,0.999559888888889,0.4,10,19,39398893,Gm19_39398893_MG3
Gm19_39495880,39495880,0,0,203,13,1,0,-0.30195177956372,0.0622119815668203,0.0852437246744186,0.080584599244898,0.4,10,19,39398893,NA
Gm19_39495893,39495893,0,0,203,13,1,0,-0.30195177956372,0.0622119815668203,0.0852437246744186,0.080584599244898,0.4,10,19,39398893,NA
Gm19_39495914,39495914,0,0,203,13,1,0,-0.30195177956372,0.0622119815668203,0.0852437246744186,0.080584599244898,0.4,10,19,39398893,NA
Gm19_39495963,39495963,23,0,57,157,3,0,-0.0372382569326541,0.730414746543779,0.975176586206897,0.149924936428571,0.4,10,19,39398893,NA
Gm19_39496207,39496207,17,MG22,204,11,2,0,-0.415391539153915,0.0552995391705069,1,1,0.4,10,19,39398893,Gm19_39398893_MG22
Gm19_39496425,39496425,23,MG3,56,158,3,0,-0.0297619047619047,0.735023041474654,0.997137413793103,0.999559888888889,0.4,10,19,39398893,Gm19_39398893_MG3
Gm19_39496544,39496544,23,MG3,56,158,3,0,-0.0297619047619047,0.735023041474654,0.997137413793103,0.999559888888889,0.4,10,19,39398893,Gm19_39398893_MG3
Gm19_39496562,39496562,23,MG3,56,158,3,0,-0.0297619047619047,0.735023041474654,0.997137413793103,0.999559888888889,0.4,10,19,39398893,Gm19_39398893_MG3
Gm19_39496578,39496578,23,MG3,56,158,3,0,-0.0297619047619047,0.735023041474654,0.997137413793103,0.999559888888889,0.4,10,19,39398893,Gm19_39398893_MG3
Gm19_39496824,39496824,23,MG3,56,158,3,0,-0.0297619047619047,0.735023041474654,0.997137413793103,0.999559888888889,0.4,10,19,39398893,Gm19_39398893_MG3
Gm19_39496831,39496831,23,MG3,56,158,3,0,-0.0297619047619047,0.735023041474654,0.997137413793103,0.999559888888889,0.4,10,19,39398893,Gm19_39398893_MG3
Gm19_39496930,39496930,23,MG3,56,158,3,0,-0.0297619047619047,0.735023041474654,0.997137413793103,0.999559888888889,0.4,10,19,39398893,Gm19_39398893_MG3
Gm19_39496991,39496991,23,MG3,56,158,3,0,-0.0297619047619047,0.735023041474654,0.997137413793103,0.999559888888889,0.4,10,19,39398893,Gm19_39398893_MG3
Gm19_39497142,39497142,23,MG3,56,158,3,0,-0.0297619047619047,0.735023041474654,0.997137413793103,0.999559888888889,0.4,10,19,39398893,Gm19_39398893_MG3
Gm19_39497314,39497314,0,0,115,99,3,0,0.0298520842671448,0.463133640552995,0.366386746730233,0.367369014314286,0.4,10,19,39398893,NA
Gm19_39497615,39497615,24,MG24,125,89,3,0,0.103632183908046,0.41705069124424,0.998984714285714,1,0.4,10,19,39398893,Gm19_39398893_MG24
Gm19_39497727,39497727,24,MG24,125,89,3,0,0.103632183908046,0.41705069124424,0.998984714285714,1,0.4,10,19,39398893,Gm19_39398893_MG24
Gm19_39497884,39497884,24,MG24,125,89,3,0,0.103632183908046,0.41705069124424,0.998984714285714,1,0.4,10,19,39398893,Gm19_39398893_MG24
Gm19_39497895,39497895,24,MG24,125,89,3,0,0.103632183908046,0.41705069124424,0.998984714285714,1,0.4,10,19,39398893,Gm19_39398893_MG24
Gm19_39497996,39497996,24,MG24,125,89,3,0,0.103632183908046,0.41705069124424,0.998984714285714,1,0.4,10,19,39398893,Gm19_39398893_MG24
Gm19_39498091,39498091,24,0,126,89,2,0,0.108648056923919,0.414746543778802,0.996277285714286,0.344302656922449,0.4,10,19,39398893,NA
Gm19_39498198,39498198,0,0,115,99,3,0,0.0298520842671448,0.463133640552995,0.366386746730233,0.367369014314286,0.4,10,19,39398893,NA
Gm19_39498424,39498424,24,0,126,89,2,0,0.108648056923919,0.414746543778802,0.996277285714286,0.344302656922449,0.4,10,19,39398893,NA
Gm19_39498429,39498429,24,0,126,89,2,0,0.108648056923919,0.414746543778802,0.996277285714286,0.344302656922449,0.4,10,19,39398893,NA
Gm19_39498565,39498565,24,MG24,125,89,3,0,0.103632183908046,0.41705069124424,0.998984714285714,1,0.4,10,19,39398893,Gm19_39398893_MG24
Gm19_39498694,39498694,24,MG24,125,89,3,0,0.103632183908046,0.41705069124424,0.998984714285714,1,0.4,10,19,39398893,Gm19_39398893_MG24
Gm19_39498720,39498720,24,MG24,125,89,3,0,0.103632183908046,0.41705069124424,0.998984714285714,1,0.4,10,19,39398893,Gm19_39398893_MG24
Gm19_39498748,39498748,24,MG24,125,89,3,0,0.103632183908046,0.41705069124424,0.998984714285714,1,0.4,10,19,39398893,Gm19_39398893_MG24
Gm19_39498806,39498806,24,MG24,125,89,3,0,0.103632183908046,0.41705069124424,0.998984714285714,1,0.4,10,19,39398893,Gm19_39398893_MG24
Gm19_39498880,39498880,24,MG24,125,89,3,0,0.103632183908046,0.41705069124424,0.998984714285714,1,0.4,10,19,39398893,Gm19_39398893_MG24
