ID,POS,cluster,MGs,ref,alt,het,miss,phenodiff,AltAF,premeanr2,meanr2,epsilon,MGmin,chr,gwas_pos,MG_ID
Gm07_36829705,36829705,0,0,162,55,0,0,-0.127789279963193,0.253456221198157,0.298419481755725,0.296226899778434,0.4,35,07,36925128,NA
Gm07_36829931,36829931,0,0,160,53,4,0,0.121432027092404,0.253456221198157,0.175840203053435,0.17856523042836,0.4,35,07,36925128,NA
Gm07_36830862,36830862,0,0,125,86,6,0,-0.224952561669829,0.410138248847926,0.23395263439542,0.233581823381093,0.4,35,07,36925128,NA
Gm07_36830983,36830983,0,0,181,31,5,0,-0.225626238961975,0.154377880184332,0.169598768244275,0.175397542688331,0.4,35,07,36925128,NA
Gm07_36831354,36831354,0,0,95,117,5,0,0.222670579603815,0.550691244239631,0.253618727918398,0.253236274130799,0.4,35,07,36925128,NA
Gm07_36831397,36831397,0,0,161,55,1,0,-0.132175925925926,0.255760368663594,0.303400739099237,0.301206283766617,0.4,35,07,36925128,NA
Gm07_36831663,36831663,0,0,181,31,5,0,-0.225626238961975,0.154377880184332,0.169598768244275,0.175397542688331,0.4,35,07,36925128,NA
Gm07_36831953,36831953,0,0,122,90,5,0,-0.218033243569505,0.426267281105991,0.235874798079389,0.235424537875923,0.4,35,07,36925128,NA
Gm07_36831967,36831967,0,0,95,117,5,0,0.222670579603815,0.550691244239631,0.253618727918398,0.253236274130799,0.4,35,07,36925128,NA
Gm07_36832046,36832046,0,0,159,55,3,0,-0.122128457571495,0.26036866359447,0.29403413378626,0.291664820871492,0.4,35,07,36925128,NA
Gm07_36832313,36832313,0,0,158,56,3,0,-0.137000579038796,0.264976958525346,0.300475656320611,0.298124766307238,0.4,35,07,36925128,NA
Gm07_36832390,36832390,0,0,36,176,5,0,0.21264367816092,0.82258064516129,0.157396349465649,0.163135248153619,0.4,35,07,36925128,NA
Gm07_36832458,36832458,0,0,161,56,0,0,-0.142613636363636,0.258064516129032,0.304785036885496,0.302613703633678,0.4,35,07,36925128,NA
Gm07_36832548,36832548,0,0,181,31,5,0,-0.225626238961975,0.154377880184332,0.169598768244275,0.175397542688331,0.4,35,07,36925128,NA
Gm07_36832766,36832766,0,0,181,31,5,0,-0.225626238961975,0.154377880184332,0.169598768244275,0.175397542688331,0.4,35,07,36925128,NA
Gm07_36833367,36833367,0,0,118,93,6,0,-0.234299516908212,0.442396313364055,0.257334012555725,0.256990365028065,0.4,35,07,36925128,NA
Gm07_36833617,36833617,0,0,161,56,0,0,-0.142613636363636,0.258064516129032,0.304785036885496,0.302613703633678,0.4,35,07,36925128,NA
Gm07_36833917,36833917,0,0,157,60,0,0,-0.152216427640156,0.276497695852535,0.316764988198473,0.314413647666174,0.4,35,07,36925128,NA
Gm07_36835001,36835001,0,0,163,54,0,0,-0.137665967854647,0.248847926267281,0.305666184610687,0.303536370192024,0.4,35,07,36925128,NA
Gm07_36835256,36835256,0,0,181,31,5,0,-0.225626238961975,0.154377880184332,0.169598768244275,0.175397542688331,0.4,35,07,36925128,NA
Gm07_36835299,36835299,0,0,158,59,0,0,0.174815297696654,0.271889400921659,0.215493670169466,0.214942246618907,0.4,35,07,36925128,NA
Gm07_36835344,36835344,0,0,162,55,0,0,-0.152518978605935,0.253456221198157,0.312017046244275,0.309910527016248,0.4,35,07,36925128,NA
Gm07_36836239,36836239,0,0,162,55,0,0,-0.152518978605935,0.253456221198157,0.312017046244275,0.309910527016248,0.4,35,07,36925128,NA
Gm07_36836715,36836715,0,0,112,101,4,0,-0.223783783783784,0.474654377880184,0.251033233766451,0.250063845268871,0.4,35,07,36925128,NA
Gm07_36836772,36836772,0,0,162,55,0,0,-0.152518978605935,0.253456221198157,0.312017046244275,0.309910527016248,0.4,35,07,36925128,NA
Gm07_36837380,36837380,0,0,162,55,0,0,-0.152518978605935,0.253456221198157,0.312017046244275,0.309910527016248,0.4,35,07,36925128,NA
Gm07_36837416,36837416,0,0,162,55,0,0,-0.152518978605935,0.253456221198157,0.312017046244275,0.309910527016248,0.4,35,07,36925128,NA
Gm07_36837486,36837486,0,0,180,32,5,0,-0.207865168539326,0.158986175115207,0.175117892366412,0.181169273116691,0.4,35,07,36925128,NA
Gm07_36837500,36837500,0,0,117,96,4,0,-0.217967332123412,0.451612903225806,0.232409053161748,0.231404897150583,0.4,35,07,36925128,NA
Gm07_36837513,36837513,0,0,117,96,4,0,-0.217967332123412,0.451612903225806,0.232409053161748,0.231404897150583,0.4,35,07,36925128,NA
Gm07_36837524,36837524,0,0,162,55,0,0,-0.152518978605935,0.253456221198157,0.312017046244275,0.309910527016248,0.4,35,07,36925128,NA
Gm07_36837761,36837761,0,0,117,97,3,0,-0.213362068965517,0.453917050691244,0.231867638837553,0.230956992198815,0.4,35,07,36925128,NA
Gm07_36837826,36837826,0,0,162,55,0,0,-0.152518978605935,0.253456221198157,0.312017046244275,0.309910527016248,0.4,35,07,36925128,NA
Gm07_36837905,36837905,0,0,180,32,5,0,-0.207865168539326,0.158986175115207,0.175117892366412,0.181169273116691,0.4,35,07,36925128,NA
Gm07_36838045,36838045,0,0,102,112,3,0,0.219427348140219,0.523041474654378,0.25052858851116,0.249657400346839,0.4,35,07,36925128,NA
Gm07_36838077,36838077,0,0,162,55,0,0,-0.152518978605935,0.253456221198157,0.312017046244275,0.309910527016248,0.4,35,07,36925128,NA
Gm07_36838234,36838234,0,0,117,97,3,0,-0.213362068965517,0.453917050691244,0.231867638837553,0.230956992198815,0.4,35,07,36925128,NA
Gm07_36838571,36838571,0,0,102,112,3,0,0.219427348140219,0.523041474654378,0.25052858851116,0.249657400346839,0.4,35,07,36925128,NA
Gm07_36838609,36838609,0,0,162,55,0,0,-0.152518978605935,0.253456221198157,0.312017046244275,0.309910527016248,0.4,35,07,36925128,NA
Gm07_36838705,36838705,0,0,102,112,3,0,0.219427348140219,0.523041474654378,0.25052858851116,0.249657400346839,0.4,35,07,36925128,NA
Gm07_36838753,36838753,0,0,180,32,5,0,-0.207865168539326,0.158986175115207,0.175117892366412,0.181169273116691,0.4,35,07,36925128,NA
Gm07_36838781,36838781,0,0,162,55,0,0,-0.152518978605935,0.253456221198157,0.312017046244275,0.309910527016248,0.4,35,07,36925128,NA
Gm07_36838864,36838864,0,0,180,32,5,0,-0.207865168539326,0.158986175115207,0.175117892366412,0.181169273116691,0.4,35,07,36925128,NA
Gm07_36838991,36838991,0,0,117,97,3,0,-0.213362068965517,0.453917050691244,0.231867638837553,0.230956992198815,0.4,35,07,36925128,NA
Gm07_36839037,36839037,0,0,102,112,3,0,0.219427348140219,0.523041474654378,0.25052858851116,0.249657400346839,0.4,35,07,36925128,NA
Gm07_36839472,36839472,0,0,180,32,5,0,-0.207865168539326,0.158986175115207,0.175117892366412,0.181169273116691,0.4,35,07,36925128,NA
Gm07_36839483,36839483,0,0,180,32,5,0,-0.207865168539326,0.158986175115207,0.175117892366412,0.181169273116691,0.4,35,07,36925128,NA
Gm07_36839571,36839571,0,0,161,53,3,0,0.119230769230769,0.251152073732719,0.175433947480916,0.178226886410635,0.4,35,07,36925128,NA
Gm07_36839664,36839664,0,0,180,32,5,0,-0.207865168539326,0.158986175115207,0.175117892366412,0.181169273116691,0.4,35,07,36925128,NA
Gm07_36840040,36840040,0,0,162,55,0,0,-0.152518978605935,0.253456221198157,0.312017046244275,0.309910527016248,0.4,35,07,36925128,NA
Gm07_36840410,36840410,0,0,180,32,5,0,-0.207865168539326,0.158986175115207,0.175117892366412,0.181169273116691,0.4,35,07,36925128,NA
Gm07_36840468,36840468,0,0,162,55,0,0,-0.152518978605935,0.253456221198157,0.312017046244275,0.309910527016248,0.4,35,07,36925128,NA
Gm07_36840756,36840756,0,0,177,35,5,0,-0.228571428571428,0.172811059907834,0.172289698839695,0.178831627680945,0.4,35,07,36925128,NA
Gm07_36840783,36840783,0,0,179,33,5,0,-0.191063174114022,0.163594470046083,0.168558573587786,0.174465429985229,0.4,35,07,36925128,NA
Gm07_36841101,36841101,0,0,158,59,0,0,0.174815297696654,0.271889400921659,0.215493670169466,0.214942246618907,0.4,35,07,36925128,NA
Gm07_36841169,36841169,0,0,105,106,6,0,0.232875457875458,0.502304147465438,0.244409876557194,0.243598882577492,0.4,35,07,36925128,NA
Gm07_36841409,36841409,0,0,103,112,2,0,0.224960254372019,0.52073732718894,0.24996051298945,0.249191856319188,0.4,35,07,36925128,NA
Gm07_36841517,36841517,0,0,162,55,0,0,-0.152518978605935,0.253456221198157,0.312017046244275,0.309910527016248,0.4,35,07,36925128,NA
Gm07_36841532,36841532,0,0,162,55,0,0,-0.152518978605935,0.253456221198157,0.312017046244275,0.309910527016248,0.4,35,07,36925128,NA
Gm07_36841579,36841579,0,0,162,55,0,0,-0.152518978605935,0.253456221198157,0.312017046244275,0.309910527016248,0.4,35,07,36925128,NA
Gm07_36841710,36841710,0,0,179,33,5,0,-0.191063174114022,0.163594470046083,0.168558573587786,0.174465429985229,0.4,35,07,36925128,NA
Gm07_36841771,36841771,0,0,163,54,0,0,-0.137665967854647,0.248847926267281,0.305666184610687,0.303536370192024,0.4,35,07,36925128,NA
Gm07_36841819,36841819,0,0,117,98,2,0,-0.219161038037682,0.456221198156682,0.231263844588176,0.230450993021056,0.4,35,07,36925128,NA
Gm07_36841944,36841944,0,0,162,55,0,0,-0.152518978605935,0.253456221198157,0.312017046244275,0.309910527016248,0.4,35,07,36925128,NA
Gm07_36842043,36842043,0,0,162,55,0,0,-0.152518978605935,0.253456221198157,0.312017046244275,0.309910527016248,0.4,35,07,36925128,NA
Gm07_36842257,36842257,0,0,162,55,0,0,-0.152518978605935,0.253456221198157,0.312017046244275,0.309910527016248,0.4,35,07,36925128,NA
Gm07_36843367,36843367,0,0,153,59,5,0,0.113883847549909,0.283410138248848,0.155518565954198,0.157764241358936,0.4,35,07,36925128,NA
Gm07_36843431,36843431,0,0,98,114,5,0,-0.0331632653061225,0.536866359447005,0.183193623807634,0.18392165101034,0.4,35,07,36925128,NA
Gm07_36843448,36843448,0,0,159,53,5,0,0.123661148977604,0.255760368663594,0.17649124870229,0.179191246824225,0.4,35,07,36925128,NA
Gm07_36844303,36844303,0,0,98,113,6,0,-0.00799779371207943,0.534562211981567,0.178736127373282,0.180116580841211,0.4,35,07,36925128,NA
Gm07_36844428,36844428,0,0,180,32,5,0,-0.207865168539326,0.158986175115207,0.175117892366412,0.181169273116691,0.4,35,07,36925128,NA
Gm07_36844688,36844688,0,0,162,55,0,0,0.14423740510697,0.253456221198157,0.18258806,0.185753456129985,0.4,35,07,36925128,NA
Gm07_36845222,36845222,0,0,100,112,5,0,-0.00727272727272732,0.527649769585253,0.189431599290766,0.190766090776148,0.4,35,07,36925128,NA
Gm07_36845737,36845737,0,0,161,55,1,0,0.152887364208119,0.255760368663594,0.229034967882169,0.22869639610461,0.4,35,07,36925128,NA
Gm07_36845765,36845765,0,0,161,55,1,0,0.152887364208119,0.255760368663594,0.229034967882169,0.22869639610461,0.4,35,07,36925128,NA
Gm07_36846382,36846382,0,0,58,159,0,0,-0.0980672084339995,0.732718894009217,0.214900534495078,0.214303571631132,0.4,35,07,36925128,NA
Gm07_36846875,36846875,0,0,168,49,0,0,-0.12736660929432,0.225806451612903,0.157594276351145,0.162109065598227,0.4,35,07,36925128,NA
Gm07_36847395,36847395,0,0,56,161,0,0,-0.108490566037736,0.741935483870968,0.219455372126412,0.218565084405908,0.4,35,07,36925128,NA
Gm07_36847571,36847571,0,0,179,32,6,0,-0.206214689265537,0.161290322580645,0.176059239694656,0.182175855539143,0.4,35,07,36925128,NA
Gm07_36847809,36847809,0,0,168,49,0,0,-0.12736660929432,0.225806451612903,0.157594276351145,0.162109065598227,0.4,35,07,36925128,NA
Gm07_36849633,36849633,0,0,170,41,6,0,-0.141405342624855,0.202764976958525,0.160580532778626,0.165231003353028,0.4,35,07,36925128,NA
Gm07_36850418,36850418,0,0,170,41,6,0,-0.141405342624855,0.202764976958525,0.160580532778626,0.165231003353028,0.4,35,07,36925128,NA
Gm07_36851901,36851901,0,0,188,29,0,0,-0.096588802373007,0.133640552995392,0.184581994839695,0.183063802245199,0.4,35,07,36925128,NA
Gm07_36851931,36851931,0,0,188,29,0,0,-0.096588802373007,0.133640552995392,0.184581994839695,0.183063802245199,0.4,35,07,36925128,NA
Gm07_36852317,36852317,0,0,188,29,0,0,-0.096588802373007,0.133640552995392,0.184581994839695,0.183063802245199,0.4,35,07,36925128,NA
Gm07_36852364,36852364,0,0,84,133,0,0,-0.0276560788608982,0.612903225806452,0.19716827794,0.197046012860709,0.4,35,07,36925128,NA
Gm07_36852379,36852379,0,0,188,29,0,0,-0.096588802373007,0.133640552995392,0.184581994839695,0.183063802245199,0.4,35,07,36925128,NA
Gm07_36852466,36852466,0,0,188,29,0,0,-0.096588802373007,0.133640552995392,0.184581994839695,0.183063802245199,0.4,35,07,36925128,NA
Gm07_36852521,36852521,0,0,188,29,0,0,-0.096588802373007,0.133640552995392,0.184581994839695,0.183063802245199,0.4,35,07,36925128,NA
Gm07_36852524,36852524,0,0,53,164,0,0,-0.137782436524575,0.755760368663594,0.23175121011084,0.23097408408065,0.4,35,07,36925128,NA
Gm07_36852531,36852531,0,0,113,104,0,0,0.018897364771151,0.47926267281106,0.242560831847328,0.245334156366322,0.4,35,07,36925128,NA
Gm07_36852532,36852532,0,0,188,29,0,0,-0.096588802373007,0.133640552995392,0.184581994839695,0.183063802245199,0.4,35,07,36925128,NA
Gm07_36852727,36852727,0,0,176,36,5,0,-0.145593869731801,0.17741935483871,0.159115428244275,0.16451369985229,0.4,35,07,36925128,NA
Gm07_36852728,36852728,0,0,188,29,0,0,-0.096588802373007,0.133640552995392,0.184581994839695,0.183063802245199,0.4,35,07,36925128,NA
Gm07_36852756,36852756,0,0,84,133,0,0,-0.0276560788608982,0.612903225806452,0.19716827794,0.197046012860709,0.4,35,07,36925128,NA
Gm07_36852810,36852810,0,0,153,58,6,0,0.157894736842105,0.28110599078341,0.187625723053435,0.190411490398818,0.4,35,07,36925128,NA
Gm07_36854116,36854116,0,0,115,101,1,0,0.00333333333333319,0.467741935483871,0.243766191325191,0.246901219081241,0.4,35,07,36925128,NA
Gm07_36854237,36854237,0,0,120,96,1,0,0.00981866430782841,0.444700460829493,0.248160315710992,0.251407132630281,0.4,35,07,36925128,NA
Gm07_36854329,36854329,0,0,91,125,1,0,-0.0356630824372759,0.578341013824885,0.196050881981145,0.196620342839513,0.4,35,07,36925128,NA
Gm07_36854587,36854587,0,0,122,91,4,0,-0.0138659320477503,0.428571428571429,0.241964867885191,0.245272399504874,0.4,35,07,36925128,NA
Gm07_36854613,36854613,0,0,188,29,0,0,-0.096588802373007,0.133640552995392,0.184581994839695,0.183063802245199,0.4,35,07,36925128,NA
Gm07_36855149,36855149,0,0,120,96,1,0,0.00981866430782841,0.444700460829493,0.248160315710992,0.251407132630281,0.4,35,07,36925128,NA
Gm07_36855637,36855637,0,0,188,28,1,0,-0.12893642305407,0.131336405529954,0.16042408307084,0.158143629263516,0.4,35,07,36925128,NA
Gm07_36857056,36857056,0,0,161,55,1,0,0.152887364208119,0.255760368663594,0.229034967882169,0.22869639610461,0.4,35,07,36925128,NA
Gm07_36857221,36857221,0,0,186,31,0,0,-0.158558558558558,0.142857142857143,0.151637636015267,0.149168198803545,0.4,35,07,36925128,NA
Gm07_36857311,36857311,0,0,31,186,0,0,0.158558558558558,0.857142857142857,0.151637636015267,0.149168198803545,0.4,35,07,36925128,NA
Gm07_36857646,36857646,0,0,188,29,0,0,-0.096588802373007,0.133640552995392,0.184581994839695,0.183063802245199,0.4,35,07,36925128,NA
Gm07_36857967,36857967,0,0,160,56,1,0,0.128616636528029,0.26036866359447,0.222012418049527,0.221853409782038,0.4,35,07,36925128,NA
Gm07_36858390,36858390,0,0,89,126,2,0,-0.0371818181818182,0.585253456221198,0.200310780379389,0.200669704358272,0.4,35,07,36925128,NA
Gm07_36858780,36858780,0,0,36,180,1,0,0.115722266560256,0.831797235023041,0.132076853380153,0.129734748100443,0.4,35,07,36925128,NA
Gm07_36859057,36859057,0,0,164,53,0,0,0.137782436524575,0.244239631336406,0.23175121011084,0.23097408408065,0.4,35,07,36925128,NA
Gm07_36859145,36859145,0,0,189,28,0,0,-0.130614657210402,0.129032258064516,0.158515012638168,0.156241944576071,0.4,35,07,36925128,NA
Gm07_36859770,36859770,0,0,187,30,0,0,-0.0810810810810809,0.138248847926267,0.17818888070229,0.176651227267356,0.4,35,07,36925128,NA
Gm07_36860333,36860333,0,0,164,53,0,0,0.137782436524575,0.244239631336406,0.23175121011084,0.23097408408065,0.4,35,07,36925128,NA
Gm07_36860480,36860480,0,0,188,29,0,0,-0.096588802373007,0.133640552995392,0.184581994839695,0.183063802245199,0.4,35,07,36925128,NA
Gm07_36860519,36860519,0,0,188,28,1,0,-0.134284016636958,0.131336405529954,0.157592328018321,0.155279711893648,0.4,35,07,36925128,NA
Gm07_36860604,36860604,0,0,188,29,0,0,-0.096588802373007,0.133640552995392,0.184581994839695,0.183063802245199,0.4,35,07,36925128,NA
Gm07_36860838,36860838,0,0,84,133,0,0,-0.0276560788608982,0.612903225806452,0.19716827794,0.197046012860709,0.4,35,07,36925128,NA
Gm07_36860842,36860842,0,0,87,129,1,0,-0.0492369186046511,0.596774193548387,0.200767955869008,0.200928220873264,0.4,35,07,36925128,NA
Gm07_36860859,36860859,0,0,84,133,0,0,-0.0276560788608982,0.612903225806452,0.19716827794,0.197046012860709,0.4,35,07,36925128,NA
Gm07_36860902,36860902,0,0,87,129,1,0,-0.0492369186046511,0.596774193548387,0.200767955869008,0.200928220873264,0.4,35,07,36925128,NA
Gm07_36860906,36860906,0,0,87,129,1,0,-0.0492369186046511,0.596774193548387,0.200767955869008,0.200928220873264,0.4,35,07,36925128,NA
Gm07_36860923,36860923,0,0,84,133,0,0,-0.0276560788608982,0.612903225806452,0.19716827794,0.197046012860709,0.4,35,07,36925128,NA
Gm07_36861051,36861051,0,0,179,32,6,0,-0.206214689265537,0.161290322580645,0.176059239694656,0.182175855539143,0.4,35,07,36925128,NA
Gm07_36867120,36867120,0,0,161,56,0,0,0.150568181818182,0.258064516129032,0.186703989618321,0.189975346971935,0.4,35,07,36925128,NA
Gm07_36867447,36867447,0,0,84,133,0,0,-0.0276560788608982,0.612903225806452,0.19716827794,0.197046012860709,0.4,35,07,36925128,NA
Gm07_36867819,36867819,0,0,84,133,0,0,-0.0276560788608982,0.612903225806452,0.19716827794,0.197046012860709,0.4,35,07,36925128,NA
Gm07_36867923,36867923,0,0,118,97,2,0,0.0104166666666665,0.451612903225806,0.25124622333055,0.254353425822024,0.4,35,07,36925128,NA
Gm07_36868266,36868266,0,0,87,129,1,0,-0.0492369186046511,0.596774193548387,0.200767955869008,0.200928220873264,0.4,35,07,36925128,NA
Gm07_36868550,36868550,0,0,87,129,1,0,-0.0492369186046511,0.596774193548387,0.200767955869008,0.200928220873264,0.4,35,07,36925128,NA
Gm07_36868671,36868671,0,0,121,95,1,0,0.00354609929078009,0.440092165898617,0.248110207074656,0.251580284540473,0.4,35,07,36925128,NA
Gm07_36869106,36869106,0,0,84,133,0,0,-0.0276560788608982,0.612903225806452,0.19716827794,0.197046012860709,0.4,35,07,36925128,NA
Gm07_36869122,36869122,0,0,31,186,0,0,0.158558558558558,0.857142857142857,0.151637636015267,0.149168198803545,0.4,35,07,36925128,NA
Gm07_36869248,36869248,0,0,179,32,6,0,-0.206214689265537,0.161290322580645,0.176059239694656,0.182175855539143,0.4,35,07,36925128,NA
Gm07_36869250,36869250,0,0,188,28,1,0,-0.134284016636958,0.131336405529954,0.157592328018321,0.155279711893648,0.4,35,07,36925128,NA
Gm07_36869304,36869304,0,0,31,186,0,0,0.158558558558558,0.857142857142857,0.151637636015267,0.149168198803545,0.4,35,07,36925128,NA
Gm07_36869370,36869370,0,0,118,97,2,0,0.0104166666666665,0.451612903225806,0.25124622333055,0.254353425822024,0.4,35,07,36925128,NA
Gm07_36869429,36869429,0,0,118,97,2,0,0.0104166666666665,0.451612903225806,0.25124622333055,0.254353425822024,0.4,35,07,36925128,NA
Gm07_36869533,36869533,0,0,188,29,0,0,-0.096588802373007,0.133640552995392,0.184581994839695,0.183063802245199,0.4,35,07,36925128,NA
Gm07_36869621,36869621,0,0,87,129,1,0,-0.0492369186046511,0.596774193548387,0.200767955869008,0.200928220873264,0.4,35,07,36925128,NA
Gm07_36869718,36869718,0,0,87,129,1,0,-0.0492369186046511,0.596774193548387,0.200767955869008,0.200928220873264,0.4,35,07,36925128,NA
Gm07_36870166,36870166,0,0,53,164,0,0,-0.137782436524575,0.755760368663594,0.23175121011084,0.23097408408065,0.4,35,07,36925128,NA
Gm07_36870570,36870570,0,0,87,129,1,0,-0.0492369186046511,0.596774193548387,0.200767955869008,0.200928220873264,0.4,35,07,36925128,NA
Gm07_36871295,36871295,0,0,188,29,0,0,-0.096588802373007,0.133640552995392,0.184581994839695,0.183063802245199,0.4,35,07,36925128,NA
Gm07_36871794,36871794,0,0,86,130,1,0,-0.042954856361149,0.601382488479263,0.197076298908815,0.197304159637037,0.4,35,07,36925128,NA
Gm07_36871980,36871980,0,0,84,133,0,0,-0.0276560788608982,0.612903225806452,0.19716827794,0.197046012860709,0.4,35,07,36925128,NA
Gm07_36872075,36872075,0,0,84,133,0,0,-0.0276560788608982,0.612903225806452,0.19716827794,0.197046012860709,0.4,35,07,36925128,NA
Gm07_36872127,36872127,0,0,31,186,0,0,0.158558558558558,0.857142857142857,0.151637636015267,0.149168198803545,0.4,35,07,36925128,NA
Gm07_36872144,36872144,0,0,188,29,0,0,-0.096588802373007,0.133640552995392,0.184581994839695,0.183063802245199,0.4,35,07,36925128,NA
Gm07_36872302,36872302,0,0,87,129,1,0,-0.0492369186046511,0.596774193548387,0.200767955869008,0.200928220873264,0.4,35,07,36925128,NA
Gm07_36872463,36872463,0,0,186,31,0,0,-0.158558558558558,0.142857142857143,0.151637636015267,0.149168198803545,0.4,35,07,36925128,NA
Gm07_36872711,36872711,0,0,87,129,1,0,-0.0492369186046511,0.596774193548387,0.200767955869008,0.200928220873264,0.4,35,07,36925128,NA
Gm07_36872792,36872792,0,0,87,129,1,0,-0.0492369186046511,0.596774193548387,0.200767955869008,0.200928220873264,0.4,35,07,36925128,NA
Gm07_36872882,36872882,0,0,87,129,1,0,-0.0492369186046511,0.596774193548387,0.200767955869008,0.200928220873264,0.4,35,07,36925128,NA
Gm07_36873002,36873002,0,0,86,130,1,0,-0.042954856361149,0.601382488479263,0.197076298908815,0.197304159637037,0.4,35,07,36925128,NA
Gm07_36873348,36873348,0,0,164,53,0,0,0.137782436524575,0.244239631336406,0.23175121011084,0.23097408408065,0.4,35,07,36925128,NA
Gm07_36873369,36873369,0,0,86,130,1,0,-0.042954856361149,0.601382488479263,0.197076298908815,0.197304159637037,0.4,35,07,36925128,NA
Gm07_36873378,36873378,0,0,164,53,0,0,0.137782436524575,0.244239631336406,0.23175121011084,0.23097408408065,0.4,35,07,36925128,NA
Gm07_36873395,36873395,0,0,84,133,0,0,-0.0276560788608982,0.612903225806452,0.19716827794,0.197046012860709,0.4,35,07,36925128,NA
Gm07_36873425,36873425,0,0,84,133,0,0,-0.0276560788608982,0.612903225806452,0.19716827794,0.197046012860709,0.4,35,07,36925128,NA
Gm07_36873430,36873430,0,0,86,130,1,0,-0.042954856361149,0.601382488479263,0.197076298908815,0.197304159637037,0.4,35,07,36925128,NA
Gm07_36873438,36873438,0,0,86,130,1,0,-0.042954856361149,0.601382488479263,0.197076298908815,0.197304159637037,0.4,35,07,36925128,NA
Gm07_36874324,36874324,0,0,86,130,1,0,-0.042954856361149,0.601382488479263,0.197076298908815,0.197304159637037,0.4,35,07,36925128,NA
Gm07_36874325,36874325,0,0,86,130,1,0,-0.042954856361149,0.601382488479263,0.197076298908815,0.197304159637037,0.4,35,07,36925128,NA
Gm07_36874390,36874390,0,0,86,130,1,0,-0.042954856361149,0.601382488479263,0.197076298908815,0.197304159637037,0.4,35,07,36925128,NA
Gm07_36874613,36874613,1,0,117,99,1,0,0.00967628430682632,0.45852534562212,0.976759302325581,0.249959364054653,0.4,35,07,36925128,NA
Gm07_36874630,36874630,0,0,187,30,0,0,-0.11981981981982,0.138248847926267,0.18928647630229,0.187800252847858,0.4,35,07,36925128,NA
Gm07_36875719,36875719,1,0,101,114,2,0,0.00256637168141594,0.529953917050691,0.981054046511628,0.250072835013564,0.4,35,07,36925128,NA
Gm07_36875780,36875780,0,0,161,55,1,0,0.152887364208119,0.255760368663594,0.229034967882169,0.22869639610461,0.4,35,07,36925128,NA
Gm07_36875804,36875804,0,0,85,130,2,0,-0.0512181616832779,0.603686635944701,0.201317855338931,0.20193723478582,0.4,35,07,36925128,NA
Gm07_36877807,36877807,0,0,31,186,0,0,0.141830294530154,0.857142857142857,0.190981098560916,0.189315998607681,0.4,35,07,36925128,NA
Gm07_36877810,36877810,0,0,161,55,1,0,0.152887364208119,0.255760368663594,0.229034967882169,0.22869639610461,0.4,35,07,36925128,NA
Gm07_36877844,36877844,1,MG2,115,100,2,0,0.0101010101010099,0.465437788018433,0.998613232558139,1,0.4,35,07,36925128,Gm07_36925128_MG2
Gm07_36877853,36877853,0,0,31,186,0,0,0.141830294530154,0.857142857142857,0.190981098560916,0.189315998607681,0.4,35,07,36925128,NA
Gm07_36877951,36877951,0,0,31,186,0,0,0.141830294530154,0.857142857142857,0.190981098560916,0.189315998607681,0.4,35,07,36925128,NA
Gm07_36877996,36877996,1,MG2,115,100,2,0,0.0101010101010099,0.465437788018433,0.998613232558139,1,0.4,35,07,36925128,Gm07_36925128_MG2
Gm07_36878020,36878020,1,MG2,115,100,2,0,0.0101010101010099,0.465437788018433,0.998613232558139,1,0.4,35,07,36925128,Gm07_36925128_MG2
Gm07_36878129,36878129,0,0,131,84,2,0,0.0646895273401298,0.391705069124424,0.20082115078229,0.201466860371344,0.4,35,07,36925128,NA
Gm07_36878170,36878170,1,MG2,115,100,2,0,0.0101010101010099,0.465437788018433,0.998613232558139,1,0.4,35,07,36925128,Gm07_36925128_MG2
Gm07_36878273,36878273,0,0,178,32,7,0,-0.173295454545455,0.163594470046083,0.18397934778626,0.191046628064993,0.4,35,07,36925128,NA
Gm07_36878565,36878565,1,MG2,115,100,2,0,0.0101010101010099,0.465437788018433,0.998613232558139,1,0.4,35,07,36925128,Gm07_36925128_MG2
Gm07_36878571,36878571,1,MG2,115,100,2,0,0.0101010101010099,0.465437788018433,0.998613232558139,1,0.4,35,07,36925128,Gm07_36925128_MG2
Gm07_36878635,36878635,0,0,178,32,7,0,-0.173295454545455,0.163594470046083,0.18397934778626,0.191046628064993,0.4,35,07,36925128,NA
Gm07_36878977,36878977,0,0,178,32,7,0,-0.173295454545455,0.163594470046083,0.18397934778626,0.191046628064993,0.4,35,07,36925128,NA
Gm07_36878996,36878996,1,MG2,115,100,2,0,0.0101010101010099,0.465437788018433,0.998613232558139,1,0.4,35,07,36925128,Gm07_36925128_MG2
Gm07_36879007,36879007,1,MG2,115,100,2,0,0.0101010101010099,0.465437788018433,0.998613232558139,1,0.4,35,07,36925128,Gm07_36925128_MG2
Gm07_36879012,36879012,1,MG2,115,100,2,0,0.0101010101010099,0.465437788018433,0.998613232558139,1,0.4,35,07,36925128,Gm07_36925128_MG2
Gm07_36879055,36879055,0,0,161,55,1,0,0.152887364208119,0.255760368663594,0.229034967882169,0.22869639610461,0.4,35,07,36925128,NA
Gm07_36879057,36879057,0,0,161,56,0,0,0.150568181818182,0.258064516129032,0.186703989618321,0.189975346971935,0.4,35,07,36925128,NA
Gm07_36879061,36879061,0,0,187,30,0,0,-0.11981981981982,0.138248847926267,0.18928647630229,0.187800252847858,0.4,35,07,36925128,NA
Gm07_36879075,36879075,0,0,190,25,2,0,-0.146164021164021,0.119815668202765,0.152403193534812,0.149886889165882,0.4,35,07,36925128,NA
Gm07_36879113,36879113,1,MG2,115,100,2,0,0.0101010101010099,0.465437788018433,0.998613232558139,1,0.4,35,07,36925128,Gm07_36925128_MG2
Gm07_36879115,36879115,1,MG2,115,100,2,0,0.0101010101010099,0.465437788018433,0.998613232558139,1,0.4,35,07,36925128,Gm07_36925128_MG2
Gm07_36879128,36879128,1,MG2,115,100,2,0,0.0101010101010099,0.465437788018433,0.998613232558139,1,0.4,35,07,36925128,Gm07_36925128_MG2
Gm07_36879165,36879165,1,MG2,115,100,2,0,0.0101010101010099,0.465437788018433,0.998613232558139,1,0.4,35,07,36925128,Gm07_36925128_MG2
Gm07_36879193,36879193,1,MG2,115,100,2,0,0.0101010101010099,0.465437788018433,0.998613232558139,1,0.4,35,07,36925128,Gm07_36925128_MG2
Gm07_36879238,36879238,1,MG2,115,100,2,0,0.0101010101010099,0.465437788018433,0.998613232558139,1,0.4,35,07,36925128,Gm07_36925128_MG2
Gm07_36879259,36879259,1,MG2,115,100,2,0,0.0101010101010099,0.465437788018433,0.998613232558139,1,0.4,35,07,36925128,Gm07_36925128_MG2
Gm07_36879295,36879295,1,MG2,115,100,2,0,0.0101010101010099,0.465437788018433,0.998613232558139,1,0.4,35,07,36925128,Gm07_36925128_MG2
Gm07_36879352,36879352,1,MG2,115,100,2,0,0.0101010101010099,0.465437788018433,0.998613232558139,1,0.4,35,07,36925128,Gm07_36925128_MG2
Gm07_36879356,36879356,1,MG2,115,100,2,0,0.0101010101010099,0.465437788018433,0.998613232558139,1,0.4,35,07,36925128,Gm07_36925128_MG2
Gm07_36879694,36879694,0,0,187,29,1,0,-0.116743471582181,0.135944700460829,0.149947584148085,0.147802181413583,0.4,35,07,36925128,NA
Gm07_36879714,36879714,1,MG2,115,100,2,0,0.0101010101010099,0.465437788018433,0.998613232558139,1,0.4,35,07,36925128,Gm07_36925128_MG2
Gm07_36879761,36879761,1,MG2,115,100,2,0,0.0101010101010099,0.465437788018433,0.998613232558139,1,0.4,35,07,36925128,Gm07_36925128_MG2
Gm07_36879838,36879838,1,MG2,115,100,2,0,0.0101010101010099,0.465437788018433,0.998613232558139,1,0.4,35,07,36925128,Gm07_36925128_MG2
Gm07_36879930,36879930,0,0,187,30,0,0,-0.11981981981982,0.138248847926267,0.18928647630229,0.187800252847858,0.4,35,07,36925128,NA
Gm07_36879946,36879946,0,0,187,29,1,0,-0.116743471582181,0.135944700460829,0.149947584148085,0.147802181413583,0.4,35,07,36925128,NA
Gm07_36879959,36879959,1,MG2,115,100,2,0,0.0101010101010099,0.465437788018433,0.998613232558139,1,0.4,35,07,36925128,Gm07_36925128_MG2
Gm07_36879964,36879964,1,MG2,115,100,2,0,0.0101010101010099,0.465437788018433,0.998613232558139,1,0.4,35,07,36925128,Gm07_36925128_MG2
Gm07_36879970,36879970,1,MG2,115,100,2,0,0.0101010101010099,0.465437788018433,0.998613232558139,1,0.4,35,07,36925128,Gm07_36925128_MG2
Gm07_36879980,36879980,1,MG2,115,100,2,0,0.0101010101010099,0.465437788018433,0.998613232558139,1,0.4,35,07,36925128,Gm07_36925128_MG2
Gm07_36880005,36880005,1,MG2,115,100,2,0,0.0101010101010099,0.465437788018433,0.998613232558139,1,0.4,35,07,36925128,Gm07_36925128_MG2
Gm07_36880009,36880009,1,MG2,115,100,2,0,0.0101010101010099,0.465437788018433,0.998613232558139,1,0.4,35,07,36925128,Gm07_36925128_MG2
Gm07_36880030,36880030,0,0,86,130,1,0,-0.0492369186046511,0.601382488479263,0.141227722732824,0.144060880635155,0.4,35,07,36925128,NA
Gm07_36880036,36880036,1,MG2,115,100,2,0,0.0101010101010099,0.465437788018433,0.998613232558139,1,0.4,35,07,36925128,Gm07_36925128_MG2
Gm07_36880072,36880072,1,MG2,115,100,2,0,0.0101010101010099,0.465437788018433,0.998613232558139,1,0.4,35,07,36925128,Gm07_36925128_MG2
Gm07_36880159,36880159,1,MG2,115,100,2,0,0.0101010101010099,0.465437788018433,0.998613232558139,1,0.4,35,07,36925128,Gm07_36925128_MG2
Gm07_36880558,36880558,1,MG2,115,100,2,0,0.0101010101010099,0.465437788018433,0.998613232558139,1,0.4,35,07,36925128,Gm07_36925128_MG2
Gm07_36880579,36880579,1,MG2,115,100,2,0,0.0101010101010099,0.465437788018433,0.998613232558139,1,0.4,35,07,36925128,Gm07_36925128_MG2
Gm07_36880592,36880592,1,MG2,115,100,2,0,0.0101010101010099,0.465437788018433,0.998613232558139,1,0.4,35,07,36925128,Gm07_36925128_MG2
Gm07_36880739,36880739,1,MG2,115,100,2,0,0.0101010101010099,0.465437788018433,0.998613232558139,1,0.4,35,07,36925128,Gm07_36925128_MG2
Gm07_36880995,36880995,0,0,55,161,1,0,-0.152887364208119,0.744239631336406,0.229034967882169,0.22869639610461,0.4,35,07,36925128,NA
Gm07_36880996,36880996,0,0,55,161,1,0,-0.152887364208119,0.744239631336406,0.229034967882169,0.22869639610461,0.4,35,07,36925128,NA
Gm07_36881201,36881201,1,MG2,115,100,2,0,0.0101010101010099,0.465437788018433,0.998613232558139,1,0.4,35,07,36925128,Gm07_36925128_MG2
Gm07_36881250,36881250,1,MG2,115,100,2,0,0.0101010101010099,0.465437788018433,0.998613232558139,1,0.4,35,07,36925128,Gm07_36925128_MG2
Gm07_36881516,36881516,1,MG2,115,100,2,0,0.0101010101010099,0.465437788018433,0.998613232558139,1,0.4,35,07,36925128,Gm07_36925128_MG2
Gm07_36881526,36881526,1,MG2,115,100,2,0,0.0101010101010099,0.465437788018433,0.998613232558139,1,0.4,35,07,36925128,Gm07_36925128_MG2
Gm07_36882024,36882024,0,0,187,30,0,0,-0.11981981981982,0.138248847926267,0.18928647630229,0.187800252847858,0.4,35,07,36925128,NA
Gm07_36882095,36882095,0,0,131,84,2,0,0.0646895273401298,0.391705069124424,0.20082115078229,0.201466860371344,0.4,35,07,36925128,NA
Gm07_36882298,36882298,1,MG2,115,100,2,0,0.0101010101010099,0.465437788018433,0.998613232558139,1,0.4,35,07,36925128,Gm07_36925128_MG2
Gm07_36882393,36882393,0,0,31,186,0,0,0.141830294530154,0.857142857142857,0.190981098560916,0.189315998607681,0.4,35,07,36925128,NA
Gm07_36883248,36883248,0,0,188,28,1,0,-0.134284016636958,0.131336405529954,0.157592328018321,0.155279711893648,0.4,35,07,36925128,NA
Gm07_36883823,36883823,0,0,188,28,1,0,-0.134284016636958,0.131336405529954,0.157592328018321,0.155279711893648,0.4,35,07,36925128,NA
Gm07_36884213,36884213,0,0,188,28,1,0,-0.134284016636958,0.131336405529954,0.157592328018321,0.155279711893648,0.4,35,07,36925128,NA
Gm07_36884948,36884948,2,MG4,163,53,1,0,0.158831908831909,0.246543778801843,0.987748166666667,0.988888947368421,0.4,35,07,36925128,Gm07_36925128_MG4
Gm07_36885132,36885132,0,0,131,84,2,0,0.0708748615725359,0.391705069124424,0.138796153114504,0.141699797917282,0.4,35,07,36925128,NA
Gm07_36885651,36885651,0,0,116,92,9,0,0.022742474916388,0.444700460829493,0.252697694458015,0.25599783437223,0.4,35,07,36925128,NA
Gm07_36885743,36885743,0,0,161,55,1,0,0.152887364208119,0.255760368663594,0.229034967882169,0.22869639610461,0.4,35,07,36925128,NA
Gm07_36885746,36885746,0,0,161,55,1,0,0.152887364208119,0.255760368663594,0.229034967882169,0.22869639610461,0.4,35,07,36925128,NA
Gm07_36885915,36885915,0,0,187,30,0,0,-0.11981981981982,0.138248847926267,0.18928647630229,0.187800252847858,0.4,35,07,36925128,NA
Gm07_36885972,36885972,0,0,187,30,0,0,-0.11981981981982,0.138248847926267,0.18928647630229,0.187800252847858,0.4,35,07,36925128,NA
Gm07_36886081,36886081,1,0,115,96,6,0,0.00701754385964914,0.456221198156682,0.981184418604651,0.250355767491876,0.4,35,07,36925128,NA
Gm07_36886421,36886421,0,0,30,184,3,0,0.142264933107217,0.854838709677419,0.150348263124533,0.148096869492716,0.4,35,07,36925128,NA
Gm07_36886704,36886704,0,0,54,161,2,0,-0.167365478686233,0.746543778801843,0.227326448390809,0.227031075769542,0.4,35,07,36925128,NA
Gm07_36886720,36886720,0,0,187,29,1,0,-0.157834101382488,0.135944700460829,0.160862202018321,0.158381109042836,0.4,35,07,36925128,NA
Gm07_36887037,36887037,0,0,29,182,6,0,0.16594317284925,0.852534562211982,0.148946665832061,0.146462955568685,0.4,35,07,36925128,NA
Gm07_36887181,36887181,0,0,187,30,0,0,-0.11981981981982,0.138248847926267,0.18928647630229,0.187800252847858,0.4,35,07,36925128,NA
Gm07_36887259,36887259,0,0,160,56,1,0,0.159132007233273,0.26036866359447,0.230088567000809,0.229889225827962,0.4,35,07,36925128,NA
Gm07_36887690,36887690,0,0,164,53,0,0,0.137782436524575,0.244239631336406,0.23175121011084,0.23097408408065,0.4,35,07,36925128,NA
Gm07_36888310,36888310,0,0,154,59,4,0,-0.143452783412215,0.28110599078341,0.316199828610687,0.31441883506647,0.4,35,07,36925128,NA
Gm07_36888768,36888768,0,0,157,58,2,0,-0.156545209176788,0.271889400921659,0.327928885114504,0.325953415435746,0.4,35,07,36925128,NA
Gm07_36888794,36888794,0,0,97,116,4,0,0.00289855072463752,0.543778801843318,0.238379522180833,0.242618425448221,0.4,35,07,36925128,NA
Gm07_36889694,36889694,0,0,157,59,1,0,-0.142572944297082,0.274193548387097,0.320562006442748,0.318710429276219,0.4,35,07,36925128,NA
Gm07_36890448,36890448,0,0,158,58,1,0,-0.151972287406414,0.269585253456221,0.328343111221374,0.326342984121123,0.4,35,07,36925128,NA
Gm07_36890998,36890998,2,MG4,163,52,2,0,0.154684095860567,0.244239631336406,0.982699023809524,0.983304526315789,0.4,35,07,36925128,Gm07_36925128_MG4
Gm07_36891027,36891027,0,0,157,58,2,0,-0.156545209176788,0.271889400921659,0.327928885114504,0.325953415435746,0.4,35,07,36925128,NA
Gm07_36891044,36891044,0,0,157,58,2,0,-0.156545209176788,0.271889400921659,0.327928885114504,0.325953415435746,0.4,35,07,36925128,NA
Gm07_36891075,36891075,0,0,53,163,1,0,-0.158912457517872,0.753456221198157,0.231085006940458,0.2304862191226,0.4,35,07,36925128,NA
Gm07_36891161,36891161,0,0,153,62,2,0,-0.136755823986195,0.290322580645161,0.301200365435115,0.299461051787297,0.4,35,07,36925128,NA
Gm07_36891577,36891577,0,0,164,53,0,0,0.137782436524575,0.244239631336406,0.23175121011084,0.23097408408065,0.4,35,07,36925128,NA
Gm07_36891672,36891672,2,0,53,162,2,0,-0.135690396559962,0.751152073732719,0.959366238095238,0.180414458050222,0.4,35,07,36925128,NA
Gm07_36892104,36892104,0,0,178,32,7,0,-0.173295454545455,0.163594470046083,0.18397934778626,0.191046628064993,0.4,35,07,36925128,NA
Gm07_36892806,36892806,0,0,37,174,6,0,0.135920804525456,0.815668202764977,0.160860748534351,0.166976988020679,0.4,35,07,36925128,NA
Gm07_36894252,36894252,0,0,108,106,3,0,0.220204717400979,0.495391705069124,0.244319250290107,0.243563704490428,0.4,35,07,36925128,NA
Gm07_36894266,36894266,0,0,139,64,14,0,-0.137336093857833,0.327188940092166,0.279270215675713,0.276719164797034,0.4,35,07,36925128,NA
Gm07_36894520,36894520,0,0,178,32,7,0,-0.173295454545455,0.163594470046083,0.18397934778626,0.191046628064993,0.4,35,07,36925128,NA
Gm07_36894956,36894956,0,0,110,107,0,0,-0.223212740176562,0.493087557603687,0.249945881052458,0.249165380693294,0.4,35,07,36925128,NA
Gm07_36895025,36895025,0,0,178,32,7,0,-0.173295454545455,0.163594470046083,0.18397934778626,0.191046628064993,0.4,35,07,36925128,NA
Gm07_36895512,36895512,0,0,158,58,1,0,-0.151972287406414,0.269585253456221,0.328343111221374,0.326342984121123,0.4,35,07,36925128,NA
Gm07_36895838,36895838,2,MG4,163,52,2,0,0.154684095860567,0.244239631336406,0.982699023809524,0.983304526315789,0.4,35,07,36925128,Gm07_36925128_MG4
Gm07_36895919,36895919,0,0,178,32,7,0,-0.173295454545455,0.163594470046083,0.18397934778626,0.191046628064993,0.4,35,07,36925128,NA
Gm07_36895948,36895948,2,0,160,52,5,0,0.161672216056234,0.251152073732719,0.966854214285714,0.187168787444609,0.4,35,07,36925128,NA
Gm07_36895967,36895967,0,0,177,33,7,0,-0.157402597402597,0.168202764976959,0.17986472351145,0.186576100738552,0.4,35,07,36925128,NA
Gm07_36896386,36896386,0,0,119,92,6,0,0.0312907431551499,0.43778801843318,0.245500442310321,0.249627720403634,0.4,35,07,36925128,NA
Gm07_36896471,36896471,0,0,159,56,2,0,0.155141037306642,0.262672811059908,0.226032483766412,0.225927119892171,0.4,35,07,36925128,NA
Gm07_36896510,36896510,0,0,59,157,1,0,0.166224580017683,0.725806451612903,0.333532236427481,0.331282182067947,0.4,35,07,36925128,NA
Gm07_36896849,36896849,0,0,178,32,7,0,-0.173295454545455,0.163594470046083,0.18397934778626,0.191046628064993,0.4,35,07,36925128,NA
Gm07_36896872,36896872,0,0,172,37,8,0,-0.171224165341812,0.188940092165899,0.166351999664122,0.172240242067947,0.4,35,07,36925128,NA
Gm07_36897187,36897187,2,0,160,53,4,0,0.165820029027576,0.253456221198157,0.972126166666667,0.188251349187592,0.4,35,07,36925128,NA
Gm07_36897229,36897229,0,0,60,156,1,0,0.156806998359759,0.721198156682028,0.325753866137405,0.323656215539143,0.4,35,07,36925128,NA
Gm07_36897508,36897508,0,0,178,32,7,0,-0.173295454545455,0.163594470046083,0.18397934778626,0.191046628064993,0.4,35,07,36925128,NA
Gm07_36897538,36897538,0,0,60,154,3,0,0.159632214467708,0.716589861751152,0.323436804229008,0.32139544633678,0.4,35,07,36925128,NA
Gm07_36898045,36898045,2,0,160,53,4,0,0.165820029027576,0.253456221198157,0.972126166666667,0.188251349187592,0.4,35,07,36925128,NA
Gm07_36898226,36898226,0,0,177,33,7,0,-0.193419913419913,0.168202764976959,0.177190266473282,0.184069178050222,0.4,35,07,36925128,NA
Gm07_36898340,36898340,0,0,157,59,1,0,-0.166224580017683,0.274193548387097,0.333532236427481,0.331282182067947,0.4,35,07,36925128,NA
Gm07_36898838,36898838,0,0,59,156,2,0,0.170856507230256,0.723502304147465,0.333153566732824,0.33092810577548,0.4,35,07,36925128,NA
Gm07_36898885,36898885,3,MG3,150,62,5,0,0.152571926765475,0.297235023041475,0.983350125,0.983189810810811,0.4,35,07,36925128,Gm07_36925128_MG3
Gm07_36898887,36898887,3,MG3,153,62,2,0,0.145054475539415,0.290322580645161,0.988437675,0.989982864864865,0.4,35,07,36925128,Gm07_36925128_MG3
Gm07_36899027,36899027,0,0,158,59,0,0,-0.16165165824731,0.271889400921659,0.334344555465649,0.332137391772526,0.4,35,07,36925128,NA
Gm07_36899054,36899054,3,MG3,63,149,5,0,-0.142857142857143,0.69815668202765,0.9814222,0.981413675675676,0.4,35,07,36925128,Gm07_36925128_MG3
Gm07_36899061,36899061,3,MG3,63,149,5,0,-0.142857142857143,0.69815668202765,0.9814222,0.981413675675676,0.4,35,07,36925128,Gm07_36925128_MG3
Gm07_36899078,36899078,3,MG3,63,149,5,0,-0.142857142857143,0.69815668202765,0.9814222,0.981413675675676,0.4,35,07,36925128,Gm07_36925128_MG3
Gm07_36899097,36899097,3,MG3,63,149,5,0,-0.142857142857143,0.69815668202765,0.9814222,0.981413675675676,0.4,35,07,36925128,Gm07_36925128_MG3
Gm07_36899125,36899125,0,0,158,59,0,0,-0.16165165824731,0.271889400921659,0.334344555465649,0.332137391772526,0.4,35,07,36925128,NA
Gm07_36899139,36899139,3,MG3,63,152,2,0,-0.135238095238095,0.705069124423963,0.986169025,0.987852432432432,0.4,35,07,36925128,Gm07_36925128_MG3
Gm07_36899141,36899141,2,MG4,163,52,2,0,0.154684095860567,0.244239631336406,0.991607523809524,0.993803631578947,0.4,35,07,36925128,Gm07_36925128_MG4
Gm07_36899194,36899194,0,0,178,32,7,0,-0.173295454545455,0.163594470046083,0.18397934778626,0.191046628064993,0.4,35,07,36925128,NA
Gm07_36899311,36899311,0,0,178,32,7,0,-0.173295454545455,0.163594470046083,0.18397934778626,0.191046628064993,0.4,35,07,36925128,NA
Gm07_36899336,36899336,3,MG3,63,149,5,0,-0.142857142857143,0.69815668202765,0.9814222,0.981413675675676,0.4,35,07,36925128,Gm07_36925128_MG3
Gm07_36899369,36899369,0,0,158,59,0,0,-0.16165165824731,0.271889400921659,0.334344555465649,0.332137391772526,0.4,35,07,36925128,NA
Gm07_36899387,36899387,0,0,158,59,0,0,-0.16165165824731,0.271889400921659,0.334344555465649,0.332137391772526,0.4,35,07,36925128,NA
Gm07_36899393,36899393,2,MG4,163,52,2,0,0.154684095860567,0.244239631336406,0.991607523809524,0.993803631578947,0.4,35,07,36925128,Gm07_36925128_MG4
Gm07_36899414,36899414,3,0,62,148,7,0,-0.144056562085727,0.69815668202765,0.974147875,0.216909015074151,0.4,35,07,36925128,NA
Gm07_36899424,36899424,3,0,62,148,7,0,-0.144056562085727,0.69815668202765,0.974147875,0.216909015074151,0.4,35,07,36925128,NA
Gm07_36899447,36899447,0,0,158,59,0,0,-0.16165165824731,0.271889400921659,0.334344555465649,0.332137391772526,0.4,35,07,36925128,NA
Gm07_36899515,36899515,3,MG3,149,63,5,0,0.142857142857143,0.30184331797235,0.9814222,0.981413675675676,0.4,35,07,36925128,Gm07_36925128_MG3
Gm07_36899594,36899594,3,0,63,147,7,0,-0.13431855500821,0.693548387096774,0.972453825,0.218348968668095,0.4,35,07,36925128,NA
Gm07_36899653,36899653,0,0,178,33,6,0,-0.189393939393939,0.165898617511521,0.182979935572519,0.190151837518464,0.4,35,07,36925128,NA
Gm07_36899685,36899685,3,MG3,149,63,5,0,0.142857142857143,0.30184331797235,0.9814222,0.981413675675676,0.4,35,07,36925128,Gm07_36925128_MG3
Gm07_36899686,36899686,0,0,178,33,6,0,-0.189393939393939,0.165898617511521,0.182979935572519,0.190151837518464,0.4,35,07,36925128,NA
Gm07_36899709,36899709,0,0,59,158,0,0,0.16165165824731,0.728110599078341,0.334344555465649,0.332137391772526,0.4,35,07,36925128,NA
Gm07_36899720,36899720,3,MG3,150,62,5,0,0.152571926765475,0.297235023041475,0.983350125,0.983189810810811,0.4,35,07,36925128,Gm07_36925128_MG3
Gm07_36899772,36899772,3,MG3,153,62,2,0,0.145054475539415,0.290322580645161,0.988437675,0.989982864864865,0.4,35,07,36925128,Gm07_36925128_MG3
Gm07_36900076,36900076,2,MG4,163,52,2,0,0.154684095860567,0.244239631336406,0.991607523809524,0.993803631578947,0.4,35,07,36925128,Gm07_36925128_MG4
Gm07_36900158,36900158,0,0,158,59,0,0,-0.16165165824731,0.271889400921659,0.334344555465649,0.332137391772526,0.4,35,07,36925128,NA
Gm07_36900189,36900189,0,0,178,33,6,0,-0.189393939393939,0.165898617511521,0.182979935572519,0.190151837518464,0.4,35,07,36925128,NA
Gm07_36900268,36900268,3,MG3,152,63,2,0,0.135238095238095,0.294930875576037,0.986169025,0.987852432432432,0.4,35,07,36925128,Gm07_36925128_MG3
Gm07_36900288,36900288,0,0,112,104,1,0,0.00944055944055955,0.481566820276498,0.204739456632046,0.206498624392895,0.4,35,07,36925128,NA
Gm07_36900382,36900382,0,0,59,158,0,0,0.16165165824731,0.728110599078341,0.334344555465649,0.332137391772526,0.4,35,07,36925128,NA
Gm07_36900423,36900423,3,MG3,63,149,5,0,-0.142857142857143,0.69815668202765,0.9814222,0.981413675675676,0.4,35,07,36925128,Gm07_36925128_MG3
Gm07_36900469,36900469,0,0,104,112,1,0,-0.00944055944055955,0.518433179723502,0.204739456632046,0.206498624392895,0.4,35,07,36925128,NA
Gm07_36900508,36900508,0,0,113,103,1,0,0.0129449838187701,0.476958525345622,0.20365829545989,0.205463223362227,0.4,35,07,36925128,NA
Gm07_36900530,36900530,0,0,59,158,0,0,0.16165165824731,0.728110599078341,0.334344555465649,0.332137391772526,0.4,35,07,36925128,NA
Gm07_36900581,36900581,3,MG3,153,62,2,0,0.145054475539415,0.290322580645161,0.988437675,0.989982864864865,0.4,35,07,36925128,Gm07_36925128_MG3
Gm07_36900745,36900745,3,MG3,152,63,2,0,0.135238095238095,0.294930875576037,0.986169025,0.987852432432432,0.4,35,07,36925128,Gm07_36925128_MG3
Gm07_36900921,36900921,0,0,178,33,6,0,-0.189393939393939,0.165898617511521,0.182979935572519,0.190151837518464,0.4,35,07,36925128,NA
Gm07_36901141,36901141,3,MG3,153,62,2,0,0.145054475539415,0.290322580645161,0.988437675,0.989982864864865,0.4,35,07,36925128,Gm07_36925128_MG3
Gm07_36901170,36901170,3,MG3,153,62,2,0,0.145054475539415,0.290322580645161,0.988437675,0.989982864864865,0.4,35,07,36925128,Gm07_36925128_MG3
Gm07_36901199,36901199,3,MG3,153,62,2,0,0.145054475539415,0.290322580645161,0.988437675,0.989982864864865,0.4,35,07,36925128,Gm07_36925128_MG3
Gm07_36901239,36901239,0,0,113,103,1,0,0.0129449838187701,0.476958525345622,0.20365829545989,0.205463223362227,0.4,35,07,36925128,NA
Gm07_36901341,36901341,0,0,103,113,1,0,-0.0129449838187701,0.523041474654378,0.20365829545989,0.205463223362227,0.4,35,07,36925128,NA
Gm07_36901466,36901466,3,MG3,153,62,2,0,0.145054475539415,0.290322580645161,0.988437675,0.989982864864865,0.4,35,07,36925128,Gm07_36925128_MG3
Gm07_36901470,36901470,0,0,113,103,1,0,0.0129449838187701,0.476958525345622,0.20365829545989,0.205463223362227,0.4,35,07,36925128,NA
Gm07_36901502,36901502,0,0,59,157,1,0,0.166224580017683,0.725806451612903,0.33396217821374,0.33177981732644,0.4,35,07,36925128,NA
Gm07_36901532,36901532,0,0,178,33,6,0,-0.189393939393939,0.165898617511521,0.182979935572519,0.190151837518464,0.4,35,07,36925128,NA
Gm07_36901585,36901585,3,MG3,153,63,1,0,0.13276568905708,0.292626728110599,0.988419675,0.990118405405405,0.4,35,07,36925128,Gm07_36925128_MG3
Gm07_36901616,36901616,0,0,113,104,0,0,0.00641025641025639,0.47926267281106,0.20457606739771,0.206340995591581,0.4,35,07,36925128,NA
Gm07_36901782,36901782,0,0,113,103,1,0,0.0129449838187701,0.476958525345622,0.20365829545989,0.205463223362227,0.4,35,07,36925128,NA
Gm07_36901798,36901798,0,0,113,103,1,0,0.0129449838187701,0.476958525345622,0.20365829545989,0.205463223362227,0.4,35,07,36925128,NA
Gm07_36901811,36901811,0,0,113,103,1,0,0.0129449838187701,0.476958525345622,0.20365829545989,0.205463223362227,0.4,35,07,36925128,NA
Gm07_36901919,36901919,3,MG3,153,63,1,0,0.13276568905708,0.292626728110599,0.988419675,0.990118405405405,0.4,35,07,36925128,Gm07_36925128_MG3
Gm07_36901923,36901923,0,0,113,104,0,0,0.00641025641025639,0.47926267281106,0.20457606739771,0.206340995591581,0.4,35,07,36925128,NA
Gm07_36901936,36901936,0,0,59,158,0,0,0.16165165824731,0.728110599078341,0.334344555465649,0.332137391772526,0.4,35,07,36925128,NA
Gm07_36901939,36901939,3,MG3,153,63,1,0,0.13276568905708,0.292626728110599,0.988419675,0.990118405405405,0.4,35,07,36925128,Gm07_36925128_MG3
Gm07_36901948,36901948,2,MG4,163,53,1,0,0.158831908831909,0.246543778801843,0.994857738095238,0.998041368421053,0.4,35,07,36925128,Gm07_36925128_MG4
Gm07_36901949,36901949,0,0,113,104,0,0,0.00641025641025639,0.47926267281106,0.20457606739771,0.206340995591581,0.4,35,07,36925128,NA
Gm07_36901966,36901966,0,0,113,104,0,0,0.00641025641025639,0.47926267281106,0.20457606739771,0.206340995591581,0.4,35,07,36925128,NA
Gm07_36902022,36902022,0,0,59,157,1,0,0.159814323607427,0.725806451612903,0.332432545267176,0.330226597858198,0.4,35,07,36925128,NA
Gm07_36902040,36902040,3,MG3,153,63,1,0,0.13276568905708,0.292626728110599,0.988419675,0.990118405405405,0.4,35,07,36925128,Gm07_36925128_MG3
Gm07_36902058,36902058,2,MG4,163,53,1,0,0.158831908831909,0.246543778801843,0.994857738095238,0.998041368421053,0.4,35,07,36925128,Gm07_36925128_MG4
Gm07_36902074,36902074,0,0,113,104,0,0,0.00641025641025639,0.47926267281106,0.20457606739771,0.206340995591581,0.4,35,07,36925128,NA
Gm07_36902116,36902116,0,0,113,104,0,0,0.00641025641025639,0.47926267281106,0.20457606739771,0.206340995591581,0.4,35,07,36925128,NA
Gm07_36902118,36902118,0,0,113,104,0,0,0.00641025641025639,0.47926267281106,0.20457606739771,0.206340995591581,0.4,35,07,36925128,NA
Gm07_36902238,36902238,0,0,113,104,0,0,0.00641025641025639,0.47926267281106,0.20457606739771,0.206340995591581,0.4,35,07,36925128,NA
Gm07_36902278,36902278,2,MG4,163,53,1,0,0.158831908831909,0.246543778801843,0.994857738095238,0.998041368421053,0.4,35,07,36925128,Gm07_36925128_MG4
Gm07_36902351,36902351,0,0,59,158,0,0,0.16165165824731,0.728110599078341,0.334344555465649,0.332137391772526,0.4,35,07,36925128,NA
Gm07_36902416,36902416,2,MG4,163,53,1,0,0.158831908831909,0.246543778801843,0.994857738095238,0.998041368421053,0.4,35,07,36925128,Gm07_36925128_MG4
Gm07_36902418,36902418,0,0,113,104,0,0,0.00641025641025639,0.47926267281106,0.20457606739771,0.206340995591581,0.4,35,07,36925128,NA
Gm07_36902428,36902428,0,0,113,104,0,0,0.00641025641025639,0.47926267281106,0.20457606739771,0.206340995591581,0.4,35,07,36925128,NA
Gm07_36902478,36902478,0,0,178,33,6,0,-0.189393939393939,0.165898617511521,0.182979935572519,0.190151837518464,0.4,35,07,36925128,NA
Gm07_36902485,36902485,3,MG3,153,63,1,0,0.13276568905708,0.292626728110599,0.988419675,0.990118405405405,0.4,35,07,36925128,Gm07_36925128_MG3
Gm07_36902487,36902487,0,0,178,33,6,0,-0.189393939393939,0.165898617511521,0.182979935572519,0.190151837518464,0.4,35,07,36925128,NA
Gm07_36903328,36903328,0,0,113,104,0,0,0.00641025641025639,0.47926267281106,0.20457606739771,0.206340995591581,0.4,35,07,36925128,NA
Gm07_36903356,36903356,0,0,113,104,0,0,0.00641025641025639,0.47926267281106,0.20457606739771,0.206340995591581,0.4,35,07,36925128,NA
Gm07_36903419,36903419,0,0,178,33,6,0,-0.189393939393939,0.165898617511521,0.182979935572519,0.190151837518464,0.4,35,07,36925128,NA
Gm07_36903517,36903517,0,0,59,158,0,0,0.16165165824731,0.728110599078341,0.334344555465649,0.332137391772526,0.4,35,07,36925128,NA
Gm07_36903671,36903671,0,0,59,158,0,0,0.16165165824731,0.728110599078341,0.334344555465649,0.332137391772526,0.4,35,07,36925128,NA
Gm07_36903736,36903736,0,0,59,156,2,0,0.16440489432703,0.723502304147465,0.332048962961832,0.329867839497784,0.4,35,07,36925128,NA
Gm07_36903863,36903863,0,0,103,113,1,0,-0.0129449838187701,0.523041474654378,0.20365829545989,0.205463223362227,0.4,35,07,36925128,NA
Gm07_36903887,36903887,0,0,157,59,1,0,-0.159814323607427,0.274193548387097,0.332432545267176,0.330226597858198,0.4,35,07,36925128,NA
Gm07_36903888,36903888,0,0,104,113,0,0,-0.00641025641025639,0.52073732718894,0.20457606739771,0.206340995591581,0.4,35,07,36925128,NA
Gm07_36904056,36904056,3,MG3,153,62,2,0,0.145054475539415,0.290322580645161,0.988437675,0.989982864864865,0.4,35,07,36925128,Gm07_36925128_MG3
Gm07_36904208,36904208,0,0,59,156,2,0,0.16440489432703,0.723502304147465,0.332048962961832,0.329867839497784,0.4,35,07,36925128,NA
Gm07_36904209,36904209,2,MG4,163,53,1,0,0.158831908831909,0.246543778801843,0.994857738095238,0.998041368421053,0.4,35,07,36925128,Gm07_36925128_MG4
Gm07_36904642,36904642,3,MG3,153,63,1,0,0.13276568905708,0.292626728110599,0.988419675,0.990118405405405,0.4,35,07,36925128,Gm07_36925128_MG3
Gm07_36904756,36904756,2,MG4,163,53,1,0,0.158831908831909,0.246543778801843,0.994857738095238,0.998041368421053,0.4,35,07,36925128,Gm07_36925128_MG4
Gm07_36905131,36905131,0,0,56,161,0,0,-0.132637017070979,0.741935483870968,0.233148020523359,0.232544865942098,0.4,35,07,36925128,NA
Gm07_36905495,36905495,2,MG4,163,53,1,0,0.158831908831909,0.246543778801843,0.994857738095238,0.998041368421053,0.4,35,07,36925128,Gm07_36925128_MG4
Gm07_36906085,36906085,2,MG4,163,53,1,0,0.158831908831909,0.246543778801843,0.994857738095238,0.998041368421053,0.4,35,07,36925128,Gm07_36925128_MG4
Gm07_36906185,36906185,2,MG4,163,53,1,0,0.158831908831909,0.246543778801843,0.994857738095238,0.998041368421053,0.4,35,07,36925128,Gm07_36925128_MG4
Gm07_36906380,36906380,2,MG4,163,53,1,0,0.158831908831909,0.246543778801843,0.994857738095238,0.998041368421053,0.4,35,07,36925128,Gm07_36925128_MG4
Gm07_36907403,36907403,0,0,59,157,1,0,0.159814323607427,0.725806451612903,0.332432545267176,0.330226597858198,0.4,35,07,36925128,NA
Gm07_36907406,36907406,2,MG4,163,53,1,0,0.158831908831909,0.246543778801843,0.994857738095238,0.998041368421053,0.4,35,07,36925128,Gm07_36925128_MG4
Gm07_36907427,36907427,3,MG3,153,63,1,0,0.13276568905708,0.292626728110599,0.988419675,0.990118405405405,0.4,35,07,36925128,Gm07_36925128_MG3
Gm07_36907461,36907461,0,0,59,157,1,0,0.159814323607427,0.725806451612903,0.332432545267176,0.330226597858198,0.4,35,07,36925128,NA
Gm07_36907493,36907493,0,0,59,157,1,0,0.159814323607427,0.725806451612903,0.332432545267176,0.330226597858198,0.4,35,07,36925128,NA
Gm07_36907555,36907555,3,MG3,153,61,3,0,0.157746173053957,0.288018433179723,0.984370525,0.986020891891892,0.4,35,07,36925128,Gm07_36925128_MG3
Gm07_36907566,36907566,3,MG3,153,61,3,0,0.157746173053957,0.288018433179723,0.984370525,0.986020891891892,0.4,35,07,36925128,Gm07_36925128_MG3
Gm07_36907575,36907575,3,MG3,153,61,3,0,0.157746173053957,0.288018433179723,0.984370525,0.986020891891892,0.4,35,07,36925128,Gm07_36925128_MG3
Gm07_36907584,36907584,0,0,96,115,6,0,0.254385964912281,0.543778801843318,0.25378952812626,0.253757512441211,0.4,35,07,36925128,NA
Gm07_36907591,36907591,3,MG3,153,61,3,0,0.157746173053957,0.288018433179723,0.984370525,0.986020891891892,0.4,35,07,36925128,Gm07_36925128_MG3
Gm07_36907616,36907616,3,MG3,150,62,5,0,0.152571926765475,0.297235023041475,0.983350125,0.983189810810811,0.4,35,07,36925128,Gm07_36925128_MG3
Gm07_36907626,36907626,3,MG3,153,61,3,0,0.157746173053957,0.288018433179723,0.984370525,0.986020891891892,0.4,35,07,36925128,Gm07_36925128_MG3
Gm07_36907629,36907629,0,0,59,156,2,0,0.16440489432703,0.723502304147465,0.332048962961832,0.329867839497784,0.4,35,07,36925128,NA
Gm07_36907715,36907715,3,MG3,153,62,2,0,0.145054475539415,0.290322580645161,0.988437675,0.989982864864865,0.4,35,07,36925128,Gm07_36925128_MG3
Gm07_36907722,36907722,3,MG3,153,62,2,0,0.145054475539415,0.290322580645161,0.988437675,0.989982864864865,0.4,35,07,36925128,Gm07_36925128_MG3
Gm07_36907915,36907915,2,MG4,163,53,1,0,0.158831908831909,0.246543778801843,0.994857738095238,0.998041368421053,0.4,35,07,36925128,Gm07_36925128_MG4
Gm07_36908785,36908785,0,0,116,97,4,0,-0.221829710144928,0.456221198156682,0.253828363619542,0.253771147519645,0.4,35,07,36925128,NA
Gm07_36908798,36908798,3,MG3,63,153,1,0,-0.13276568905708,0.707373271889401,0.988419675,0.990118405405405,0.4,35,07,36925128,Gm07_36925128_MG3
Gm07_36909132,36909132,0,0,59,157,1,0,0.159814323607427,0.725806451612903,0.332432545267176,0.330226597858198,0.4,35,07,36925128,NA
Gm07_36909694,36909694,4,0,176,35,6,0,-0.186863711001642,0.175115207373272,0.967633166666667,0.196090442245199,0.4,35,07,36925128,NA
Gm07_36909772,36909772,2,MG4,163,53,1,0,0.158831908831909,0.246543778801843,0.994857738095238,0.998041368421053,0.4,35,07,36925128,Gm07_36925128_MG4
Gm07_36909833,36909833,0,0,158,58,1,0,-0.145602860654822,0.269585253456221,0.327271365969466,0.325313197799114,0.4,35,07,36925128,NA
Gm07_36909926,36909926,0,0,158,58,1,0,-0.145602860654822,0.269585253456221,0.327271365969466,0.325313197799114,0.4,35,07,36925128,NA
Gm07_36910292,36910292,4,0,176,37,4,0,-0.21466293880087,0.179723502304147,0.980094777777778,0.196651405760709,0.4,35,07,36925128,NA
Gm07_36910496,36910496,2,MG4,163,53,1,0,0.158831908831909,0.246543778801843,0.994857738095238,0.998041368421053,0.4,35,07,36925128,Gm07_36925128_MG4
Gm07_36911186,36911186,4,0,176,37,4,0,-0.21466293880087,0.179723502304147,0.980094777777778,0.196651405760709,0.4,35,07,36925128,NA
Gm07_36911222,36911222,2,MG4,163,53,1,0,0.158831908831909,0.246543778801843,0.994857738095238,0.998041368421053,0.4,35,07,36925128,Gm07_36925128_MG4
Gm07_36913146,36913146,2,MG4,163,53,1,0,0.158831908831909,0.246543778801843,0.994857738095238,0.998041368421053,0.4,35,07,36925128,Gm07_36925128_MG4
Gm07_36913399,36913399,2,MG4,163,53,1,0,0.158831908831909,0.246543778801843,0.994857738095238,0.998041368421053,0.4,35,07,36925128,Gm07_36925128_MG4
Gm07_36914291,36914291,2,MG4,163,53,1,0,0.158831908831909,0.246543778801843,0.994857738095238,0.998041368421053,0.4,35,07,36925128,Gm07_36925128_MG4
Gm07_36914766,36914766,2,MG4,163,53,1,0,0.158831908831909,0.246543778801843,0.994857738095238,0.998041368421053,0.4,35,07,36925128,Gm07_36925128_MG4
Gm07_36914776,36914776,2,MG4,163,53,1,0,0.158831908831909,0.246543778801843,0.994857738095238,0.998041368421053,0.4,35,07,36925128,Gm07_36925128_MG4
Gm07_36914842,36914842,0,0,122,90,5,0,0.0242362336335777,0.426267281105991,0.246102271466382,0.250423114934239,0.4,35,07,36925128,NA
Gm07_36914868,36914868,2,MG4,163,53,1,0,0.158831908831909,0.246543778801843,0.994857738095238,0.998041368421053,0.4,35,07,36925128,Gm07_36925128_MG4
Gm07_36915316,36915316,2,MG4,163,53,1,0,0.158831908831909,0.246543778801843,0.994857738095238,0.998041368421053,0.4,35,07,36925128,Gm07_36925128_MG4
Gm07_36915603,36915603,4,MG5,176,40,1,0,-0.176149425287356,0.186635944700461,0.995073322222222,0.9969495,0.4,35,07,36925128,Gm07_36925128_MG5
Gm07_36915689,36915689,0,0,158,58,1,0,-0.151972287406414,0.269585253456221,0.32879371880916,0.326860389985229,0.4,35,07,36925128,NA
Gm07_36915692,36915692,0,0,156,60,1,0,0.13030303030303,0.278801843317972,0.220959197905496,0.221270869760857,0.4,35,07,36925128,NA
Gm07_36915808,36915808,4,MG5,176,40,1,0,-0.176149425287356,0.186635944700461,0.995073322222222,0.9969495,0.4,35,07,36925128,Gm07_36925128_MG5
Gm07_36915880,36915880,2,MG4,163,53,1,0,0.158831908831909,0.246543778801843,0.994857738095238,0.998041368421053,0.4,35,07,36925128,Gm07_36925128_MG4
Gm07_36915887,36915887,2,MG4,163,53,1,0,0.158831908831909,0.246543778801843,0.994857738095238,0.998041368421053,0.4,35,07,36925128,Gm07_36925128_MG4
Gm07_36915909,36915909,2,MG4,163,53,1,0,0.158831908831909,0.246543778801843,0.994857738095238,0.998041368421053,0.4,35,07,36925128,Gm07_36925128_MG4
Gm07_36915960,36915960,4,MG5,176,40,1,0,-0.176149425287356,0.186635944700461,0.995073322222222,0.9969495,0.4,35,07,36925128,Gm07_36925128_MG5
Gm07_36916013,36916013,2,MG4,163,53,1,0,0.158831908831909,0.246543778801843,0.994857738095238,0.998041368421053,0.4,35,07,36925128,Gm07_36925128_MG4
Gm07_36916116,36916116,2,MG4,163,53,1,0,0.158831908831909,0.246543778801843,0.994857738095238,0.998041368421053,0.4,35,07,36925128,Gm07_36925128_MG4
Gm07_36916176,36916176,0,0,158,58,1,0,-0.151972287406414,0.269585253456221,0.32879371880916,0.326860389985229,0.4,35,07,36925128,NA
Gm07_36916440,36916440,2,MG4,163,53,1,0,0.158831908831909,0.246543778801843,0.994857738095238,0.998041368421053,0.4,35,07,36925128,Gm07_36925128_MG4
Gm07_36916489,36916489,4,0,176,37,4,0,-0.160608884746816,0.179723502304147,0.981160577777778,0.194952528655835,0.4,35,07,36925128,NA
Gm07_36916839,36916839,2,MG4,163,53,1,0,0.158831908831909,0.246543778801843,0.994857738095238,0.998041368421053,0.4,35,07,36925128,Gm07_36925128_MG4
Gm07_36917187,36917187,4,0,176,37,4,0,-0.160608884746816,0.179723502304147,0.981160577777778,0.194952528655835,0.4,35,07,36925128,NA
Gm07_36918404,36918404,0,0,116,100,1,0,0.0158981115502854,0.463133640552995,0.246807519014198,0.250429446018168,0.4,35,07,36925128,NA
Gm07_36918418,36918418,0,0,172,44,1,0,-0.183155080213904,0.205069124423963,0.18165602070229,0.188195265672083,0.4,35,07,36925128,NA
Gm07_36918420,36918420,2,MG4,163,53,1,0,0.158831908831909,0.246543778801843,0.994857738095238,0.998041368421053,0.4,35,07,36925128,Gm07_36925128_MG4
Gm07_36918477,36918477,4,0,176,37,4,0,-0.160608884746816,0.179723502304147,0.981160577777778,0.194952528655835,0.4,35,07,36925128,NA
Gm07_36918485,36918485,4,0,176,37,4,0,-0.160608884746816,0.179723502304147,0.981160577777778,0.194952528655835,0.4,35,07,36925128,NA
Gm07_36918486,36918486,4,MG5,176,39,2,0,-0.188328912466843,0.184331797235023,0.994180955555556,0.995286280487805,0.4,35,07,36925128,Gm07_36925128_MG5
Gm07_36918529,36918529,0,0,152,64,1,0,0.16125,0.297235023041475,0.250062759629008,0.249125350453471,0.4,35,07,36925128,NA
Gm07_36918793,36918793,0,0,172,44,1,0,-0.183155080213904,0.205069124423963,0.18165602070229,0.188195265672083,0.4,35,07,36925128,NA
Gm07_36918945,36918945,2,MG4,163,53,1,0,0.158831908831909,0.246543778801843,0.994857738095238,0.998041368421053,0.4,35,07,36925128,Gm07_36925128_MG4
Gm07_36919040,36919040,4,MG5,176,40,1,0,-0.176149425287356,0.186635944700461,0.995073322222222,0.9969495,0.4,35,07,36925128,Gm07_36925128_MG5
Gm07_36920202,36920202,5,0,167,50,0,0,-0.206663388246865,0.230414746543779,0.973410222222222,0.31392994677387,0.4,35,07,36925128,NA
Gm07_36920434,36920434,0,0,173,43,1,0,-0.16687066503468,0.200460829493088,0.183464689618321,0.190210955982275,0.4,35,07,36925128,NA
Gm07_36920493,36920493,0,0,173,42,2,0,-0.177944862155389,0.19815668202765,0.182722006916031,0.189557273456425,0.4,35,07,36925128,NA
Gm07_36920556,36920556,0,0,94,121,2,0,0.286290322580645,0.56221198156682,0.254652967867069,0.254342656476706,0.4,35,07,36925128,NA
Gm07_36920607,36920607,5,MG1,51,166,0,0,0.221212121212121,0.764976958525346,0.99311125,0.99603375,0.4,35,07,36925128,Gm07_36925128_MG1
Gm07_36920679,36920679,5,MG1,166,51,0,0,-0.221212121212121,0.235023041474654,0.99311125,0.99603375,0.4,35,07,36925128,Gm07_36925128_MG1
Gm07_36921068,36921068,0,0,125,91,1,0,-0.271146953405018,0.421658986175115,0.25305070810255,0.253363216391684,0.4,35,07,36925128,NA
Gm07_36921088,36921088,5,MG1,166,51,0,0,-0.221212121212121,0.235023041474654,0.99311125,0.99603375,0.4,35,07,36925128,Gm07_36925128_MG1
Gm07_36921190,36921190,0,0,98,119,0,0,0.26236239734405,0.548387096774194,0.250610499617072,0.250133436167182,0.4,35,07,36925128,NA
Gm07_36921217,36921217,0,0,95,121,1,0,0.281028368794326,0.559907834101382,0.254440055225511,0.254104293862541,0.4,35,07,36925128,NA
Gm07_36921241,36921241,5,MG1,51,166,0,0,0.221212121212121,0.764976958525346,0.99311125,0.99603375,0.4,35,07,36925128,Gm07_36925128_MG1
Gm07_36921283,36921283,0,0,91,125,1,0,0.271146953405018,0.578341013824885,0.25305070810255,0.253363216391684,0.4,35,07,36925128,NA
Gm07_36921290,36921290,5,MG1,51,166,0,0,0.221212121212121,0.764976958525346,0.99311125,0.99603375,0.4,35,07,36925128,Gm07_36925128_MG1
Gm07_36921299,36921299,0,0,91,125,1,0,0.271146953405018,0.578341013824885,0.25305070810255,0.253363216391684,0.4,35,07,36925128,NA
Gm07_36921308,36921308,0,0,95,121,1,0,0.281028368794326,0.559907834101382,0.254440055225511,0.254104293862541,0.4,35,07,36925128,NA
Gm07_36921325,36921325,0,0,91,125,1,0,0.271146953405018,0.578341013824885,0.25305070810255,0.253363216391684,0.4,35,07,36925128,NA
Gm07_36921335,36921335,4,MG5,176,40,1,0,-0.176149425287356,0.186635944700461,0.995073322222222,0.9969495,0.4,35,07,36925128,Gm07_36925128_MG5
Gm07_36921495,36921495,0,0,91,125,1,0,0.271146953405018,0.578341013824885,0.25305070810255,0.253363216391684,0.4,35,07,36925128,NA
Gm07_36921571,36921571,0,0,91,125,1,0,0.271146953405018,0.578341013824885,0.25305070810255,0.253363216391684,0.4,35,07,36925128,NA
Gm07_36921600,36921600,0,0,91,125,1,0,0.271146953405018,0.578341013824885,0.25305070810255,0.253363216391684,0.4,35,07,36925128,NA
Gm07_36921662,36921662,0,0,95,121,1,0,0.281028368794326,0.559907834101382,0.254440055225511,0.254104293862541,0.4,35,07,36925128,NA
Gm07_36921703,36921703,0,0,91,125,1,0,0.271146953405018,0.578341013824885,0.25305070810255,0.253363216391684,0.4,35,07,36925128,NA
Gm07_36921707,36921707,4,MG5,176,40,1,0,-0.176149425287356,0.186635944700461,0.995073322222222,0.9969495,0.4,35,07,36925128,Gm07_36925128_MG5
Gm07_36921710,36921710,0,0,91,125,1,0,0.271146953405018,0.578341013824885,0.25305070810255,0.253363216391684,0.4,35,07,36925128,NA
Gm07_36921860,36921860,0,0,91,125,1,0,0.271146953405018,0.578341013824885,0.25305070810255,0.253363216391684,0.4,35,07,36925128,NA
Gm07_36922341,36922341,0,0,91,125,1,0,0.271146953405018,0.578341013824885,0.25305070810255,0.253363216391684,0.4,35,07,36925128,NA
Gm07_36922421,36922421,5,MG1,51,166,0,0,0.221212121212121,0.764976958525346,0.99311125,0.99603375,0.4,35,07,36925128,Gm07_36925128_MG1
Gm07_36922423,36922423,5,MG1,51,166,0,0,0.221212121212121,0.764976958525346,0.99311125,0.99603375,0.4,35,07,36925128,Gm07_36925128_MG1
Gm07_36922498,36922498,5,MG1,51,166,0,0,0.221212121212121,0.764976958525346,0.99311125,0.99603375,0.4,35,07,36925128,Gm07_36925128_MG1
Gm07_36922508,36922508,5,MG1,51,166,0,0,0.221212121212121,0.764976958525346,0.99311125,0.99603375,0.4,35,07,36925128,Gm07_36925128_MG1
Gm07_36922559,36922559,5,MG1,51,166,0,0,0.221212121212121,0.764976958525346,0.99311125,0.99603375,0.4,35,07,36925128,Gm07_36925128_MG1
Gm07_36922671,36922671,5,MG1,51,166,0,0,0.221212121212121,0.764976958525346,0.99311125,0.99603375,0.4,35,07,36925128,Gm07_36925128_MG1
Gm07_36922872,36922872,4,MG5,176,40,1,0,-0.176149425287356,0.186635944700461,0.995073322222222,0.9969495,0.4,35,07,36925128,Gm07_36925128_MG5
Gm07_36922958,36922958,0,0,98,119,0,0,0.26236239734405,0.548387096774194,0.250610499617072,0.250133436167182,0.4,35,07,36925128,NA
Gm07_36923169,36923169,0,0,98,119,0,0,0.26236239734405,0.548387096774194,0.250610499617072,0.250133436167182,0.4,35,07,36925128,NA
Gm07_36923625,36923625,5,MG1,51,166,0,0,0.221212121212121,0.764976958525346,0.99311125,0.99603375,0.4,35,07,36925128,Gm07_36925128_MG1
Gm07_36924023,36924023,0,0,170,47,0,0,-0.14918946301925,0.216589861751152,0.174233125450382,0.180280275288035,0.4,35,07,36925128,NA
Gm07_36925128,36925128,0,0,98,118,1,0,0.260551590448498,0.546082949308756,0.24893666651974,0.248488059969616,0.4,35,07,36925128,NA
Gm07_36925713,36925713,4,MG5,176,40,1,0,-0.176149425287356,0.186635944700461,0.995073322222222,0.9969495,0.4,35,07,36925128,Gm07_36925128_MG5
Gm07_36925903,36925903,4,MG5,176,40,1,0,-0.176149425287356,0.186635944700461,0.995073322222222,0.9969495,0.4,35,07,36925128,Gm07_36925128_MG5
Gm07_36925931,36925931,0,0,98,119,0,0,0.26236239734405,0.548387096774194,0.250610499617072,0.250133436167182,0.4,35,07,36925128,NA
Gm07_36925967,36925967,0,0,98,119,0,0,0.26236239734405,0.548387096774194,0.250610499617072,0.250133436167182,0.4,35,07,36925128,NA
Gm07_36926152,36926152,5,MG1,166,51,0,0,-0.221212121212121,0.235023041474654,0.99311125,0.99603375,0.4,35,07,36925128,Gm07_36925128_MG1
Gm07_36926445,36926445,4,MG5,176,40,1,0,-0.176149425287356,0.186635944700461,0.995073322222222,0.9969495,0.4,35,07,36925128,Gm07_36925128_MG5
Gm07_36926527,36926527,4,MG5,176,40,1,0,-0.176149425287356,0.186635944700461,0.995073322222222,0.9969495,0.4,35,07,36925128,Gm07_36925128_MG5
Gm07_36926726,36926726,0,0,57,159,1,0,0.203661844484629,0.735023041474654,0.296790000430687,0.294915714006056,0.4,35,07,36925128,NA
Gm07_36926815,36926815,0,0,98,119,0,0,0.26236239734405,0.548387096774194,0.250610499617072,0.250133436167182,0.4,35,07,36925128,NA
Gm07_36926859,36926859,0,0,98,119,0,0,0.26236239734405,0.548387096774194,0.250610499617072,0.250133436167182,0.4,35,07,36925128,NA
Gm07_36926876,36926876,0,0,119,98,0,0,-0.26236239734405,0.451612903225806,0.250610499617072,0.250133436167182,0.4,35,07,36925128,NA
Gm07_36926898,36926898,5,MG1,166,51,0,0,-0.221212121212121,0.235023041474654,0.99311125,0.99603375,0.4,35,07,36925128,Gm07_36925128_MG1
Gm07_36926921,36926921,5,MG1,166,51,0,0,-0.221212121212121,0.235023041474654,0.99311125,0.99603375,0.4,35,07,36925128,Gm07_36925128_MG1
Gm07_36926949,36926949,4,0,176,37,4,0,-0.160608884746816,0.179723502304147,0.981160577777778,0.194952528655835,0.4,35,07,36925128,NA
Gm07_36928639,36928639,4,MG5,176,40,1,0,-0.176149425287356,0.186635944700461,0.995073322222222,0.9969495,0.4,35,07,36925128,Gm07_36925128_MG5
Gm07_36933235,36933235,4,MG5,176,39,2,0,-0.188328912466843,0.184331797235023,0.994180955555556,0.995286280487805,0.4,35,07,36925128,Gm07_36925128_MG5
Gm07_36933239,36933239,0,0,118,98,1,0,-0.260551590448498,0.453917050691244,0.252608229585954,0.252108239893353,0.4,35,07,36925128,NA
Gm07_36933299,36933299,0,0,98,118,1,0,0.260551590448498,0.546082949308756,0.252608229585954,0.252108239893353,0.4,35,07,36925128,NA
Gm07_36933338,36933338,0,0,98,118,1,0,0.260551590448498,0.546082949308756,0.252608229585954,0.252108239893353,0.4,35,07,36925128,NA
Gm07_36933469,36933469,4,MG5,176,40,1,0,-0.176149425287356,0.186635944700461,0.995073322222222,0.9969495,0.4,35,07,36925128,Gm07_36925128_MG5
Gm07_36934054,36934054,0,0,98,118,1,0,0.260551590448498,0.546082949308756,0.252608229585954,0.252108239893353,0.4,35,07,36925128,NA
Gm07_36934292,36934292,4,MG5,176,40,1,0,-0.176149425287356,0.186635944700461,0.995073322222222,0.9969495,0.4,35,07,36925128,Gm07_36925128_MG5
Gm07_36934439,36934439,0,0,98,118,1,0,0.260551590448498,0.546082949308756,0.252608229585954,0.252108239893353,0.4,35,07,36925128,NA
Gm07_36934509,36934509,0,0,98,118,1,0,0.260551590448498,0.546082949308756,0.252608229585954,0.252108239893353,0.4,35,07,36925128,NA
Gm07_36935071,36935071,0,0,57,158,2,0,0.201888080072794,0.732718894009217,0.300199477597405,0.298293421013737,0.4,35,07,36925128,NA
Gm07_36935077,36935077,0,0,98,118,1,0,0.260551590448498,0.546082949308756,0.252608229585954,0.252108239893353,0.4,35,07,36925128,NA
Gm07_36935160,36935160,0,0,57,158,2,0,0.201888080072794,0.732718894009217,0.300199477597405,0.298293421013737,0.4,35,07,36925128,NA
Gm07_36935345,36935345,0,0,98,118,1,0,0.260551590448498,0.546082949308756,0.252608229585954,0.252108239893353,0.4,35,07,36925128,NA
Gm07_36935423,36935423,0,0,97,118,2,0,0.265491452991453,0.548387096774194,0.252762342751332,0.252287252028246,0.4,35,07,36925128,NA
Gm07_36935495,36935495,0,0,57,158,2,0,0.201888080072794,0.732718894009217,0.300199477597405,0.298293421013737,0.4,35,07,36925128,NA
Gm07_36935749,36935749,0,0,98,118,1,0,0.260551590448498,0.546082949308756,0.252608229585954,0.252108239893353,0.4,35,07,36925128,NA
Gm07_36935753,36935753,0,0,57,158,2,0,0.201888080072794,0.732718894009217,0.300199477597405,0.298293421013737,0.4,35,07,36925128,NA
Gm07_36935775,36935775,0,0,98,118,1,0,0.260551590448498,0.546082949308756,0.252608229585954,0.252108239893353,0.4,35,07,36925128,NA
Gm07_36935811,36935811,0,0,98,118,1,0,0.260551590448498,0.546082949308756,0.252608229585954,0.252108239893353,0.4,35,07,36925128,NA
Gm07_36935864,36935864,0,0,98,118,1,0,0.260551590448498,0.546082949308756,0.252608229585954,0.252108239893353,0.4,35,07,36925128,NA
Gm07_36935869,36935869,5,MG1,51,165,1,0,0.219512195121951,0.762672811059908,0.993822861111111,0.9964238125,0.4,35,07,36925128,Gm07_36925128_MG1
Gm07_36935879,36935879,0,0,98,118,1,0,0.260551590448498,0.546082949308756,0.252608229585954,0.252108239893353,0.4,35,07,36925128,NA
Gm07_36935886,36935886,5,MG1,51,165,1,0,0.219512195121951,0.762672811059908,0.993822861111111,0.9964238125,0.4,35,07,36925128,Gm07_36925128_MG1
Gm07_36935895,36935895,4,MG5,176,40,1,0,-0.176149425287356,0.186635944700461,0.995073322222222,0.9969495,0.4,35,07,36925128,Gm07_36925128_MG5
Gm07_36935964,36935964,0,0,57,158,2,0,0.201888080072794,0.732718894009217,0.300199477597405,0.298293421013737,0.4,35,07,36925128,NA
Gm07_36936024,36936024,5,0,166,50,1,0,-0.204947433518862,0.232718894009217,0.974012583333333,0.317339044790665,0.4,35,07,36925128,NA
Gm07_36936222,36936222,4,MG5,176,40,1,0,-0.176149425287356,0.186635944700461,0.995073322222222,0.9969495,0.4,35,07,36925128,Gm07_36925128_MG5
Gm07_36936278,36936278,4,MG5,176,40,1,0,-0.176149425287356,0.186635944700461,0.995073322222222,0.9969495,0.4,35,07,36925128,Gm07_36925128_MG5
Gm07_36936531,36936531,0,0,98,118,1,0,0.260551590448498,0.546082949308756,0.252608229585954,0.252108239893353,0.4,35,07,36925128,NA
Gm07_36936795,36936795,0,0,57,158,2,0,0.201888080072794,0.732718894009217,0.300199477597405,0.298293421013737,0.4,35,07,36925128,NA
Gm07_36936855,36936855,4,MG5,176,40,1,0,-0.176149425287356,0.186635944700461,0.995073322222222,0.9969495,0.4,35,07,36925128,Gm07_36925128_MG5
Gm07_36936972,36936972,4,MG5,176,40,1,0,-0.176149425287356,0.186635944700461,0.995073322222222,0.9969495,0.4,35,07,36925128,Gm07_36925128_MG5
Gm07_36937124,36937124,4,MG5,176,39,2,0,-0.188328912466843,0.184331797235023,0.994180955555556,0.995286280487805,0.4,35,07,36925128,Gm07_36925128_MG5
Gm07_36937215,36937215,4,MG5,176,39,2,0,-0.188328912466843,0.184331797235023,0.994180955555556,0.995286280487805,0.4,35,07,36925128,Gm07_36925128_MG5
Gm07_36937380,36937380,0,0,98,118,1,0,0.260551590448498,0.546082949308756,0.252608229585954,0.252108239893353,0.4,35,07,36925128,NA
Gm07_36938935,36938935,0,0,98,118,1,0,0.260551590448498,0.546082949308756,0.252608229585954,0.252108239893353,0.4,35,07,36925128,NA
Gm07_36938954,36938954,4,MG5,176,40,1,0,-0.176149425287356,0.186635944700461,0.995073322222222,0.9969495,0.4,35,07,36925128,Gm07_36925128_MG5
Gm07_36938984,36938984,4,MG5,176,39,2,0,-0.188328912466843,0.184331797235023,0.994180955555556,0.995286280487805,0.4,35,07,36925128,Gm07_36925128_MG5
Gm07_36939026,36939026,4,MG5,176,39,2,0,-0.188328912466843,0.184331797235023,0.994180955555556,0.995286280487805,0.4,35,07,36925128,Gm07_36925128_MG5
Gm07_36939075,36939075,4,MG5,176,40,1,0,-0.176149425287356,0.186635944700461,0.995073322222222,0.9969495,0.4,35,07,36925128,Gm07_36925128_MG5
Gm07_36939536,36939536,0,0,57,158,2,0,0.201888080072794,0.732718894009217,0.300199477597405,0.298293421013737,0.4,35,07,36925128,NA
Gm07_36939567,36939567,0,0,98,118,1,0,0.260551590448498,0.546082949308756,0.252608229585954,0.252108239893353,0.4,35,07,36925128,NA
Gm07_36939620,36939620,4,MG5,176,39,2,0,-0.188328912466843,0.184331797235023,0.994180955555556,0.995286280487805,0.4,35,07,36925128,Gm07_36925128_MG5
Gm07_36939624,36939624,4,MG5,176,39,2,0,-0.188328912466843,0.184331797235023,0.994180955555556,0.995286280487805,0.4,35,07,36925128,Gm07_36925128_MG5
Gm07_36939626,36939626,4,MG5,176,39,2,0,-0.188328912466843,0.184331797235023,0.994180955555556,0.995286280487805,0.4,35,07,36925128,Gm07_36925128_MG5
Gm07_36939650,36939650,4,MG5,176,39,2,0,-0.188328912466843,0.184331797235023,0.994180955555556,0.995286280487805,0.4,35,07,36925128,Gm07_36925128_MG5
Gm07_36939671,36939671,4,MG5,176,39,2,0,-0.188328912466843,0.184331797235023,0.994180955555556,0.995286280487805,0.4,35,07,36925128,Gm07_36925128_MG5
Gm07_36939834,36939834,0,0,118,97,2,0,-0.265491452991453,0.451612903225806,0.252762342751332,0.252287252028246,0.4,35,07,36925128,NA
Gm07_36939969,36939969,4,MG5,176,39,2,0,-0.188328912466843,0.184331797235023,0.994180955555556,0.995286280487805,0.4,35,07,36925128,Gm07_36925128_MG5
Gm07_36939972,36939972,4,MG5,176,39,2,0,-0.188328912466843,0.184331797235023,0.994180955555556,0.995286280487805,0.4,35,07,36925128,Gm07_36925128_MG5
Gm07_36940001,36940001,4,MG5,176,39,2,0,-0.188328912466843,0.184331797235023,0.994180955555556,0.995286280487805,0.4,35,07,36925128,Gm07_36925128_MG5
Gm07_36940035,36940035,4,MG5,176,39,2,0,-0.188328912466843,0.184331797235023,0.994180955555556,0.995286280487805,0.4,35,07,36925128,Gm07_36925128_MG5
Gm07_36940102,36940102,4,MG5,176,40,1,0,-0.176149425287356,0.186635944700461,0.995073322222222,0.9969495,0.4,35,07,36925128,Gm07_36925128_MG5
Gm07_36940155,36940155,5,MG1,51,165,1,0,0.219512195121951,0.762672811059908,0.993822861111111,0.9964238125,0.4,35,07,36925128,Gm07_36925128_MG1
Gm07_36940166,36940166,0,0,98,118,1,0,0.260551590448498,0.546082949308756,0.252608229585954,0.252108239893353,0.4,35,07,36925128,NA
Gm07_36940183,36940183,4,MG5,176,40,1,0,-0.176149425287356,0.186635944700461,0.995073322222222,0.9969495,0.4,35,07,36925128,Gm07_36925128_MG5
Gm07_36940279,36940279,0,0,98,118,1,0,0.260551590448498,0.546082949308756,0.252608229585954,0.252108239893353,0.4,35,07,36925128,NA
Gm07_36940296,36940296,4,MG5,176,39,2,0,-0.188328912466843,0.184331797235023,0.994180955555556,0.995286280487805,0.4,35,07,36925128,Gm07_36925128_MG5
Gm07_36940314,36940314,4,MG5,176,39,2,0,-0.188328912466843,0.184331797235023,0.994180955555556,0.995286280487805,0.4,35,07,36925128,Gm07_36925128_MG5
Gm07_36940317,36940317,4,MG5,176,39,2,0,-0.188328912466843,0.184331797235023,0.994180955555556,0.995286280487805,0.4,35,07,36925128,Gm07_36925128_MG5
Gm07_36940389,36940389,4,MG5,176,39,2,0,-0.188328912466843,0.184331797235023,0.994180955555556,0.995286280487805,0.4,35,07,36925128,Gm07_36925128_MG5
Gm07_36940390,36940390,4,MG5,176,39,2,0,-0.188328912466843,0.184331797235023,0.994180955555556,0.995286280487805,0.4,35,07,36925128,Gm07_36925128_MG5
Gm07_36940521,36940521,4,MG5,176,40,1,0,-0.176149425287356,0.186635944700461,0.995073322222222,0.9969495,0.4,35,07,36925128,Gm07_36925128_MG5
Gm07_36940594,36940594,4,MG5,176,40,1,0,-0.176149425287356,0.186635944700461,0.995073322222222,0.9969495,0.4,35,07,36925128,Gm07_36925128_MG5
Gm07_36940613,36940613,4,MG5,176,39,2,0,-0.188328912466843,0.184331797235023,0.994180955555556,0.995286280487805,0.4,35,07,36925128,Gm07_36925128_MG5
Gm07_36940784,36940784,4,MG5,176,40,1,0,-0.176149425287356,0.186635944700461,0.995073322222222,0.9969495,0.4,35,07,36925128,Gm07_36925128_MG5
Gm07_36940883,36940883,4,MG5,176,40,1,0,-0.176149425287356,0.186635944700461,0.995073322222222,0.9969495,0.4,35,07,36925128,Gm07_36925128_MG5
Gm07_36940941,36940941,0,0,98,118,1,0,0.260551590448498,0.546082949308756,0.252608229585954,0.252108239893353,0.4,35,07,36925128,NA
Gm07_36940976,36940976,5,MG1,51,165,1,0,0.219512195121951,0.762672811059908,0.993822861111111,0.9964238125,0.4,35,07,36925128,Gm07_36925128_MG1
Gm07_36941187,36941187,4,MG5,176,39,2,0,-0.188328912466843,0.184331797235023,0.994180955555556,0.995286280487805,0.4,35,07,36925128,Gm07_36925128_MG5
Gm07_36941302,36941302,4,MG5,176,39,2,0,-0.188328912466843,0.184331797235023,0.994180955555556,0.995286280487805,0.4,35,07,36925128,Gm07_36925128_MG5
Gm07_36941345,36941345,4,MG5,176,39,2,0,-0.188328912466843,0.184331797235023,0.994180955555556,0.995286280487805,0.4,35,07,36925128,Gm07_36925128_MG5
Gm07_36941451,36941451,4,MG5,176,40,1,0,-0.176149425287356,0.186635944700461,0.995073322222222,0.9969495,0.4,35,07,36925128,Gm07_36925128_MG5
Gm07_36941471,36941471,4,MG5,176,40,1,0,-0.176149425287356,0.186635944700461,0.995073322222222,0.9969495,0.4,35,07,36925128,Gm07_36925128_MG5
Gm07_36941630,36941630,2,MG4,163,54,0,0,0.16282320055905,0.248847926267281,0.991121023809524,0.99325047368421,0.4,35,07,36925128,Gm07_36925128_MG4
Gm07_36941768,36941768,4,MG5,176,40,1,0,-0.176149425287356,0.186635944700461,0.995073322222222,0.9969495,0.4,35,07,36925128,Gm07_36925128_MG5
Gm07_36941896,36941896,4,MG5,176,39,2,0,-0.188328912466843,0.184331797235023,0.994180955555556,0.995286280487805,0.4,35,07,36925128,Gm07_36925128_MG5
Gm07_36941906,36941906,4,MG5,176,39,2,0,-0.188328912466843,0.184331797235023,0.994180955555556,0.995286280487805,0.4,35,07,36925128,Gm07_36925128_MG5
Gm07_36941937,36941937,0,0,98,118,1,0,0.260551590448498,0.546082949308756,0.252608229585954,0.252108239893353,0.4,35,07,36925128,NA
Gm07_36941990,36941990,4,MG5,176,39,2,0,-0.188328912466843,0.184331797235023,0.994180955555556,0.995286280487805,0.4,35,07,36925128,Gm07_36925128_MG5
Gm07_36942013,36942013,5,0,166,50,1,0,-0.204947433518862,0.232718894009217,0.974012583333333,0.317339044790665,0.4,35,07,36925128,NA
Gm07_36942019,36942019,4,MG5,176,39,2,0,-0.188328912466843,0.184331797235023,0.994180955555556,0.995286280487805,0.4,35,07,36925128,Gm07_36925128_MG5
Gm07_36942032,36942032,5,MG1,51,164,2,0,0.217791411042945,0.76036866359447,0.988224611111111,0.99089775,0.4,35,07,36925128,Gm07_36925128_MG1
Gm07_36942197,36942197,5,MG1,51,164,2,0,0.217791411042945,0.76036866359447,0.988224611111111,0.99089775,0.4,35,07,36925128,Gm07_36925128_MG1
Gm07_36942204,36942204,4,MG5,176,39,2,0,-0.188328912466843,0.184331797235023,0.994180955555556,0.995286280487805,0.4,35,07,36925128,Gm07_36925128_MG5
Gm07_36942215,36942215,4,MG5,176,39,2,0,-0.188328912466843,0.184331797235023,0.994180955555556,0.995286280487805,0.4,35,07,36925128,Gm07_36925128_MG5
Gm07_36942869,36942869,0,0,98,118,1,0,0.260551590448498,0.546082949308756,0.252608229585954,0.252108239893353,0.4,35,07,36925128,NA
Gm07_36942929,36942929,4,MG5,176,40,1,0,-0.176149425287356,0.186635944700461,0.995073322222222,0.9969495,0.4,35,07,36925128,Gm07_36925128_MG5
Gm07_36943169,36943169,4,MG5,176,40,1,0,-0.176149425287356,0.186635944700461,0.995073322222222,0.9969495,0.4,35,07,36925128,Gm07_36925128_MG5
Gm07_36943715,36943715,5,MG1,51,165,1,0,0.219512195121951,0.762672811059908,0.993822861111111,0.9964238125,0.4,35,07,36925128,Gm07_36925128_MG1
Gm07_36943757,36943757,0,0,152,64,1,0,0.16125,0.297235023041475,0.250062759629008,0.249125350453471,0.4,35,07,36925128,NA
Gm07_36943971,36943971,4,MG5,176,39,2,0,-0.188328912466843,0.184331797235023,0.994180955555556,0.995286280487805,0.4,35,07,36925128,Gm07_36925128_MG5
Gm07_36944331,36944331,4,MG5,176,40,1,0,-0.176149425287356,0.186635944700461,0.995073322222222,0.9969495,0.4,35,07,36925128,Gm07_36925128_MG5
Gm07_36944428,36944428,5,MG1,165,51,1,0,-0.219512195121951,0.237327188940092,0.993822861111111,0.9964238125,0.4,35,07,36925128,Gm07_36925128_MG1
Gm07_36944523,36944523,0,0,157,58,2,0,0.161268556005398,0.271889400921659,0.177416539236641,0.180510254062038,0.4,35,07,36925128,NA
Gm07_36944722,36944722,4,MG5,176,40,1,0,-0.176149425287356,0.186635944700461,0.995073322222222,0.9969495,0.4,35,07,36925128,Gm07_36925128_MG5
Gm07_36944744,36944744,0,0,156,60,1,0,0.153854565336249,0.278801843317972,0.171588775114504,0.174700105169867,0.4,35,07,36925128,NA
Gm07_36944750,36944750,0,0,91,124,2,0,0.269376693766938,0.576036866359447,0.254964054743359,0.255257386169719,0.4,35,07,36925128,NA
Gm07_36944785,36944785,0,0,91,124,2,0,0.269376693766938,0.576036866359447,0.254964054743359,0.255257386169719,0.4,35,07,36925128,NA
Gm07_36944920,36944920,0,0,151,64,2,0,0.16380033557047,0.299539170506912,0.248829817030534,0.247903576152142,0.4,35,07,36925128,NA
Gm07_36945067,36945067,0,0,152,63,2,0,0.157777777777778,0.294930875576037,0.249922604830534,0.248938909695716,0.4,35,07,36925128,NA
Gm07_36945119,36945119,0,0,152,63,2,0,0.157777777777778,0.294930875576037,0.249922604830534,0.248938909695716,0.4,35,07,36925128,NA
Gm07_36945190,36945190,4,MG5,176,39,2,0,-0.188328912466843,0.184331797235023,0.994180955555556,0.995286280487805,0.4,35,07,36925128,Gm07_36925128_MG5
Gm07_36945242,36945242,0,0,152,64,1,0,0.16125,0.297235023041475,0.250062759629008,0.249125350453471,0.4,35,07,36925128,NA
Gm07_36945279,36945279,0,0,156,59,2,0,0.167296996662959,0.276497695852535,0.173535127480916,0.17667189394387,0.4,35,07,36925128,NA
Gm07_36945305,36945305,0,0,152,63,2,0,0.157777777777778,0.294930875576037,0.249922604830534,0.248938909695716,0.4,35,07,36925128,NA
Gm07_36945314,36945314,0,0,152,63,2,0,0.157777777777778,0.294930875576037,0.249922604830534,0.248938909695716,0.4,35,07,36925128,NA
Gm07_36945353,36945353,0,0,152,63,2,0,0.157777777777778,0.294930875576037,0.249922604830534,0.248938909695716,0.4,35,07,36925128,NA
Gm07_36945383,36945383,0,0,152,63,2,0,0.157777777777778,0.294930875576037,0.249922604830534,0.248938909695716,0.4,35,07,36925128,NA
Gm07_36945402,36945402,4,MG5,176,40,1,0,-0.176149425287356,0.186635944700461,0.995073322222222,0.9969495,0.4,35,07,36925128,Gm07_36925128_MG5
Gm07_36945404,36945404,0,0,152,63,2,0,0.157777777777778,0.294930875576037,0.249922604830534,0.248938909695716,0.4,35,07,36925128,NA
Gm07_36945429,36945429,0,0,152,63,2,0,0.157777777777778,0.294930875576037,0.249922604830534,0.248938909695716,0.4,35,07,36925128,NA
Gm07_36945519,36945519,0,0,152,64,1,0,0.16125,0.297235023041475,0.250062759629008,0.249125350453471,0.4,35,07,36925128,NA
Gm07_36945600,36945600,0,0,152,64,1,0,0.16125,0.297235023041475,0.250062759629008,0.249125350453471,0.4,35,07,36925128,NA
Gm07_36945609,36945609,4,MG5,176,40,1,0,-0.176149425287356,0.186635944700461,0.995073322222222,0.9969495,0.4,35,07,36925128,Gm07_36925128_MG5
Gm07_36945614,36945614,5,MG1,51,165,1,0,0.219512195121951,0.762672811059908,0.993822861111111,0.9964238125,0.4,35,07,36925128,Gm07_36925128_MG1
Gm07_36945639,36945639,0,0,156,59,2,0,0.167296996662959,0.276497695852535,0.173535127480916,0.17667189394387,0.4,35,07,36925128,NA
Gm07_36945649,36945649,0,0,91,124,2,0,0.269376693766938,0.576036866359447,0.254964054743359,0.255257386169719,0.4,35,07,36925128,NA
Gm07_36945657,36945657,4,MG5,176,40,1,0,-0.176149425287356,0.186635944700461,0.995073322222222,0.9969495,0.4,35,07,36925128,Gm07_36925128_MG5
Gm07_36945665,36945665,5,MG1,51,165,1,0,0.219512195121951,0.762672811059908,0.993822861111111,0.9964238125,0.4,35,07,36925128,Gm07_36925128_MG1
Gm07_36945691,36945691,0,0,87,128,2,0,0.279527559055118,0.594470046082949,0.24272574088895,0.242928336487832,0.4,35,07,36925128,NA
Gm07_36945693,36945693,4,MG5,176,40,1,0,-0.176149425287356,0.186635944700461,0.995073322222222,0.9969495,0.4,35,07,36925128,Gm07_36925128_MG5
Gm07_36945831,36945831,4,MG5,176,40,1,0,-0.176149425287356,0.186635944700461,0.995073322222222,0.9969495,0.4,35,07,36925128,Gm07_36925128_MG5
Gm07_36945887,36945887,4,MG5,176,40,1,0,-0.176149425287356,0.186635944700461,0.995073322222222,0.9969495,0.4,35,07,36925128,Gm07_36925128_MG5
Gm07_36945908,36945908,4,MG5,176,40,1,0,-0.176149425287356,0.186635944700461,0.995073322222222,0.9969495,0.4,35,07,36925128,Gm07_36925128_MG5
Gm07_36946018,36946018,0,0,159,57,1,0,0.14135657615376,0.264976958525346,0.228211850461872,0.226775238186892,0.4,35,07,36925128,NA
Gm07_36946020,36946020,5,MG1,51,165,1,0,0.219512195121951,0.762672811059908,0.993822861111111,0.9964238125,0.4,35,07,36925128,Gm07_36925128_MG1
Gm07_36946034,36946034,0,0,152,63,2,0,0.157777777777778,0.294930875576037,0.249922604830534,0.248938909695716,0.4,35,07,36925128,NA
Gm07_36946046,36946046,0,0,152,63,2,0,0.157777777777778,0.294930875576037,0.249922604830534,0.248938909695716,0.4,35,07,36925128,NA
Gm07_36946217,36946217,4,MG5,176,40,1,0,-0.176149425287356,0.186635944700461,0.995073322222222,0.9969495,0.4,35,07,36925128,Gm07_36925128_MG5
Gm07_36946270,36946270,0,0,152,63,2,0,0.157777777777778,0.294930875576037,0.249922604830534,0.248938909695716,0.4,35,07,36925128,NA
Gm07_36946624,36946624,0,0,152,64,1,0,0.16125,0.297235023041475,0.250062759629008,0.249125350453471,0.4,35,07,36925128,NA
Gm07_36946662,36946662,4,MG5,176,40,1,0,-0.176149425287356,0.186635944700461,0.995073322222222,0.9969495,0.4,35,07,36925128,Gm07_36925128_MG5
Gm07_36946912,36946912,0,0,109,105,3,0,0.0315086782376501,0.490783410138249,0.202034584534351,0.203339026100443,0.4,35,07,36925128,NA
Gm07_36947163,36947163,0,0,152,64,1,0,0.16125,0.297235023041475,0.250062759629008,0.249125350453471,0.4,35,07,36925128,NA
Gm07_36947193,36947193,0,0,159,57,1,0,0.159132007233273,0.264976958525346,0.178281401221374,0.181434351994092,0.4,35,07,36925128,NA
Gm07_36947231,36947231,0,0,158,58,1,0,0.165269862554475,0.269585253456221,0.177483075267176,0.180567047710487,0.4,35,07,36925128,NA
Gm07_36947261,36947261,5,0,166,50,1,0,-0.204947433518862,0.232718894009217,0.974012583333333,0.317339044790665,0.4,35,07,36925128,NA
Gm07_36947497,36947497,0,0,158,58,1,0,0.165269862554475,0.269585253456221,0.177483075267176,0.180567047710487,0.4,35,07,36925128,NA
Gm07_36947729,36947729,0,0,111,104,2,0,0.0313161609033168,0.483870967741935,0.200240350932977,0.20145192401935,0.4,35,07,36925128,NA
Gm07_36947802,36947802,4,MG5,176,40,1,0,-0.176149425287356,0.186635944700461,0.995073322222222,0.9969495,0.4,35,07,36925128,Gm07_36925128_MG5
Gm07_36947803,36947803,4,MG5,176,40,1,0,-0.176149425287356,0.186635944700461,0.995073322222222,0.9969495,0.4,35,07,36925128,Gm07_36925128_MG5
Gm07_36948144,36948144,4,MG5,176,40,1,0,-0.176149425287356,0.186635944700461,0.995073322222222,0.9969495,0.4,35,07,36925128,Gm07_36925128_MG5
Gm07_36948168,36948168,0,0,111,104,2,0,0.0313161609033168,0.483870967741935,0.200240350932977,0.20145192401935,0.4,35,07,36925128,NA
Gm07_36948183,36948183,0,0,152,63,2,0,0.157777777777778,0.294930875576037,0.249922604830534,0.248938909695716,0.4,35,07,36925128,NA
Gm07_36948216,36948216,0,0,152,63,2,0,0.157777777777778,0.294930875576037,0.249922604830534,0.248938909695716,0.4,35,07,36925128,NA
Gm07_36948221,36948221,0,0,152,63,2,0,0.157777777777778,0.294930875576037,0.249922604830534,0.248938909695716,0.4,35,07,36925128,NA
Gm07_36948269,36948269,0,0,152,63,2,0,0.157777777777778,0.294930875576037,0.249922604830534,0.248938909695716,0.4,35,07,36925128,NA
Gm07_36948352,36948352,0,0,152,63,2,0,0.157777777777778,0.294930875576037,0.249922604830534,0.248938909695716,0.4,35,07,36925128,NA
Gm07_36948645,36948645,0,0,160,56,1,0,0.177358490566038,0.26036866359447,0.180889668244275,0.184061798966027,0.4,35,07,36925128,NA
Gm07_36949083,36949083,0,0,111,104,2,0,0.0313161609033168,0.483870967741935,0.200240350932977,0.20145192401935,0.4,35,07,36925128,NA
Gm07_36950031,36950031,0,0,111,104,2,0,0.0313161609033168,0.483870967741935,0.200240350932977,0.20145192401935,0.4,35,07,36925128,NA
Gm07_36950037,36950037,0,0,111,104,2,0,0.0313161609033168,0.483870967741935,0.200240350932977,0.20145192401935,0.4,35,07,36925128,NA
Gm07_36950091,36950091,0,0,151,63,3,0,0.160328113348247,0.297235023041475,0.248667048074809,0.247694830855244,0.4,35,07,36925128,NA
Gm07_36951473,36951473,0,0,111,104,2,0,0.0313161609033168,0.483870967741935,0.200240350932977,0.20145192401935,0.4,35,07,36925128,NA
Gm07_36951712,36951712,0,0,104,111,2,0,-0.0313161609033168,0.516129032258065,0.200240350932977,0.20145192401935,0.4,35,07,36925128,NA
Gm07_36952549,36952549,5,MG1,51,164,2,0,0.223926380368098,0.76036866359447,0.9878705,0.990499375,0.4,35,07,36925128,Gm07_36925128_MG1
Gm07_36952867,36952867,5,MG1,51,165,1,0,0.219512195121951,0.762672811059908,0.993822861111111,0.9964238125,0.4,35,07,36925128,Gm07_36925128_MG1
Gm07_36952879,36952879,5,MG1,51,165,1,0,0.219512195121951,0.762672811059908,0.993822861111111,0.9964238125,0.4,35,07,36925128,Gm07_36925128_MG1
Gm07_36953669,36953669,5,MG1,51,165,1,0,0.219512195121951,0.762672811059908,0.993822861111111,0.9964238125,0.4,35,07,36925128,Gm07_36925128_MG1
Gm07_36953917,36953917,5,MG1,51,165,1,0,0.219512195121951,0.762672811059908,0.993822861111111,0.9964238125,0.4,35,07,36925128,Gm07_36925128_MG1
Gm07_36953975,36953975,4,MG5,176,40,1,0,-0.176149425287356,0.186635944700461,0.995073322222222,0.9969495,0.4,35,07,36925128,Gm07_36925128_MG5
Gm07_36954005,36954005,4,MG5,176,40,1,0,-0.176149425287356,0.186635944700461,0.995073322222222,0.9969495,0.4,35,07,36925128,Gm07_36925128_MG5
Gm07_36954018,36954018,4,MG5,176,40,1,0,-0.176149425287356,0.186635944700461,0.995073322222222,0.9969495,0.4,35,07,36925128,Gm07_36925128_MG5
Gm07_36954076,36954076,0,0,94,121,2,0,0.286290322580645,0.56221198156682,0.247399782581527,0.247476402915657,0.4,35,07,36925128,NA
Gm07_36954118,36954118,0,0,92,123,2,0,0.281390740407134,0.571428571428571,0.255865832824122,0.255969546646677,0.4,35,07,36925128,NA
Gm07_36954122,36954122,4,MG5,175,40,2,0,-0.180202312138728,0.188940092165899,0.987696822222222,0.989575256097561,0.4,35,07,36925128,Gm07_36925128_MG5
Gm07_36954174,36954174,5,MG1,165,51,1,0,-0.219512195121951,0.237327188940092,0.993822861111111,0.9964238125,0.4,35,07,36925128,Gm07_36925128_MG1
Gm07_36954285,36954285,0,0,109,106,2,0,0.0438194321989067,0.493087557603687,0.195457436820916,0.196543926170901,0.4,35,07,36925128,NA
Gm07_36954311,36954311,0,0,160,56,1,0,0.177358490566038,0.26036866359447,0.180889668244275,0.184061798966027,0.4,35,07,36925128,NA
Gm07_36954731,36954731,0,0,51,165,1,0,0.245609756097561,0.762672811059908,0.294893732656336,0.293356880635007,0.4,35,07,36925128,NA
Gm07_36954791,36954791,0,0,91,123,3,0,0.295081967213115,0.573732718894009,0.24120256408742,0.241383141812634,0.4,35,07,36925128,NA
Gm07_36954991,36954991,0,0,160,50,7,0,0.173276857912976,0.246543778801843,0.174200465648855,0.177328578286558,0.4,35,07,36925128,NA
Gm07_36955110,36955110,0,0,159,56,2,0,0.161510464058235,0.262672811059908,0.227506490790611,0.225765662138626,0.4,35,07,36925128,NA
Gm07_36955303,36955303,0,0,158,58,1,0,0.17130857648099,0.269585253456221,0.22741332908629,0.22578577274966,0.4,35,07,36925128,NA
Gm07_36955324,36955324,0,0,158,58,1,0,0.17130857648099,0.269585253456221,0.22741332908629,0.22578577274966,0.4,35,07,36925128,NA
Gm07_36955343,36955343,0,0,160,56,1,0,0.159132007233273,0.26036866359447,0.224734459107939,0.222970280229985,0.4,35,07,36925128,NA
Gm07_36955371,36955371,0,0,160,56,1,0,0.159132007233273,0.26036866359447,0.224734459107939,0.222970280229985,0.4,35,07,36925128,NA
Gm07_36955460,36955460,0,0,107,107,3,0,0.0439697374276815,0.5,0.197569145435838,0.198735518405427,0.4,35,07,36925128,NA
Gm07_36955617,36955617,0,0,160,56,1,0,0.159132007233273,0.26036866359447,0.224734459107939,0.222970280229985,0.4,35,07,36925128,NA
Gm07_36955686,36955686,0,0,91,124,2,0,0.288617886178862,0.576036866359447,0.239620791252275,0.239889288719409,0.4,35,07,36925128,NA
Gm07_36955723,36955723,0,0,158,56,3,0,0.163919413919414,0.264976958525346,0.225930141753783,0.224202601844502,0.4,35,07,36925128,NA
Gm07_36956052,36956052,0,0,160,56,1,0,0.159132007233273,0.26036866359447,0.224734459107939,0.222970280229985,0.4,35,07,36925128,NA
Gm07_36956309,36956309,0,0,158,57,2,0,0.167678812415655,0.267281105990783,0.227293220340011,0.225621653357027,0.4,35,07,36925128,NA
Gm07_36956640,36956640,0,0,174,42,1,0,-0.179678848283499,0.195852534562212,0.184679032061069,0.191670458197932,0.4,35,07,36925128,NA
Gm07_36957151,36957151,0,0,160,56,1,0,0.177358490566038,0.26036866359447,0.180889668244275,0.184061798966027,0.4,35,07,36925128,NA
Gm07_36957189,36957189,0,0,173,41,3,0,-0.195407217230067,0.195852534562212,0.184606020763359,0.191620474446086,0.4,35,07,36925128,NA
Gm07_36957194,36957194,0,0,174,41,2,0,-0.191293250141804,0.193548387096774,0.183996265496183,0.191082980797637,0.4,35,07,36925128,NA
Gm07_36957221,36957221,0,0,49,168,0,0,0.245384231536926,0.774193548387097,0.311794002085496,0.310088608516987,0.4,35,07,36925128,NA
Gm07_36957225,36957225,0,0,160,56,1,0,0.159132007233273,0.26036866359447,0.224734459107939,0.222970280229985,0.4,35,07,36925128,NA
Gm07_36957323,36957323,0,0,105,110,2,0,0.0313327449249781,0.511520737327189,0.197019505136037,0.19838297010946,0.4,35,07,36925128,NA
Gm07_36957430,36957430,0,0,105,110,2,0,0.0313327449249781,0.511520737327189,0.197019505136037,0.19838297010946,0.4,35,07,36925128,NA
Gm07_36957432,36957432,0,0,174,42,1,0,-0.179678848283499,0.195852534562212,0.184679032061069,0.191670458197932,0.4,35,07,36925128,NA
Gm07_36957460,36957460,0,0,105,110,2,0,0.0313327449249781,0.511520737327189,0.197019505136037,0.19838297010946,0.4,35,07,36925128,NA
Gm07_36957794,36957794,0,0,160,56,1,0,0.177358490566038,0.26036866359447,0.180889668244275,0.184061798966027,0.4,35,07,36925128,NA
Gm07_36957820,36957820,0,0,105,110,2,0,0.0313327449249781,0.511520737327189,0.197019505136037,0.19838297010946,0.4,35,07,36925128,NA
Gm07_36957900,36957900,0,0,160,56,1,0,0.177358490566038,0.26036866359447,0.180889668244275,0.184061798966027,0.4,35,07,36925128,NA
Gm07_36957907,36957907,0,0,105,110,2,0,0.0313327449249781,0.511520737327189,0.197019505136037,0.19838297010946,0.4,35,07,36925128,NA
Gm07_36957908,36957908,0,0,174,42,1,0,-0.179678848283499,0.195852534562212,0.184679032061069,0.191670458197932,0.4,35,07,36925128,NA
Gm07_36957918,36957918,0,0,49,168,0,0,0.245384231536926,0.774193548387097,0.311794002085496,0.310088608516987,0.4,35,07,36925128,NA
Gm07_36957959,36957959,0,0,105,110,2,0,0.0313327449249781,0.511520737327189,0.197019505136037,0.19838297010946,0.4,35,07,36925128,NA
Gm07_36958017,36958017,0,0,159,56,2,0,0.161510464058235,0.262672811059908,0.227506490790611,0.225765662138626,0.4,35,07,36925128,NA
Gm07_36958252,36958252,0,0,105,110,2,0,0.0313327449249781,0.511520737327189,0.197019505136037,0.19838297010946,0.4,35,07,36925128,NA
Gm07_36958323,36958323,0,0,105,110,2,0,0.0313327449249781,0.511520737327189,0.197019505136037,0.19838297010946,0.4,35,07,36925128,NA
Gm07_36958463,36958463,0,0,105,110,2,0,0.0313327449249781,0.511520737327189,0.197019505136037,0.19838297010946,0.4,35,07,36925128,NA
Gm07_36958740,36958740,0,0,106,109,2,0,0.0250529287226535,0.506912442396313,0.196852194842794,0.198131516871536,0.4,35,07,36925128,NA
Gm07_36958778,36958778,0,0,158,57,2,0,0.167678812415655,0.267281105990783,0.223012333622453,0.221329243903555,0.4,35,07,36925128,NA
Gm07_36958850,36958850,0,0,105,110,2,0,0.0313327449249781,0.511520737327189,0.197019505136037,0.19838297010946,0.4,35,07,36925128,NA
Gm07_36958874,36958874,0,0,159,57,1,0,0.165269862554475,0.264976958525346,0.224551659240498,0.222855023046567,0.4,35,07,36925128,NA
Gm07_36959020,36959020,0,0,159,57,1,0,0.165269862554475,0.264976958525346,0.224551659240498,0.222855023046567,0.4,35,07,36925128,NA
Gm07_36959778,36959778,0,0,49,168,0,0,0.245384231536926,0.774193548387097,0.311794002085496,0.310088608516987,0.4,35,07,36925128,NA
Gm07_36959950,36959950,0,0,160,55,2,0,0.155235903337169,0.258064516129032,0.223043227346412,0.221287308437075,0.4,35,07,36925128,NA
Gm07_36960289,36960289,0,0,118,97,2,0,0.018963675213675,0.451612903225806,0.255794369068397,0.259466490014476,0.4,35,07,36925128,NA
Gm07_36960290,36960290,0,0,118,97,2,0,0.018963675213675,0.451612903225806,0.255794369068397,0.259466490014476,0.4,35,07,36925128,NA
Gm07_36960303,36960303,0,0,120,96,1,0,0.00981866430782841,0.444700460829493,0.255423340159582,0.259386689519241,0.4,35,07,36925128,NA
Gm07_36960305,36960305,0,0,120,96,1,0,0.00981866430782841,0.444700460829493,0.255423340159582,0.259386689519241,0.4,35,07,36925128,NA
Gm07_36960383,36960383,0,0,49,168,0,0,0.245384231536926,0.774193548387097,0.311794002085496,0.310088608516987,0.4,35,07,36925128,NA
Gm07_36960463,36960463,0,0,113,103,1,0,0.0344887955182074,0.476958525345622,0.253890334507053,0.256459874596928,0.4,35,07,36925128,NA
Gm07_36960544,36960544,0,0,49,168,0,0,0.245384231536926,0.774193548387097,0.311794002085496,0.310088608516987,0.4,35,07,36925128,NA
Gm07_36960633,36960633,0,0,52,164,1,0,0.233730301936726,0.758064516129032,0.302447583885496,0.300455681159527,0.4,35,07,36925128,NA
Gm07_36960708,36960708,0,0,160,56,1,0,0.159132007233273,0.26036866359447,0.224734459107939,0.222970280229985,0.4,35,07,36925128,NA
Gm07_36960714,36960714,0,0,156,59,2,0,0.156284393572529,0.276497695852535,0.218977036863664,0.217796346596307,0.4,35,07,36925128,NA
Gm07_36961149,36961149,0,0,115,99,3,0,0.0257787325456498,0.463133640552995,0.258484290028046,0.261822539096558,0.4,35,07,36925128,NA
Gm07_36961224,36961224,0,0,111,104,2,0,0.0347749338040599,0.483870967741935,0.257285760169618,0.259739671951403,0.4,35,07,36925128,NA
Gm07_36961267,36961267,0,0,156,59,2,0,0.156284393572529,0.276497695852535,0.218977036863664,0.217796346596307,0.4,35,07,36925128,NA
Gm07_36961918,36961918,0,0,113,100,4,0,0.026154401154401,0.470046082949309,0.255184717253435,0.258030457608567,0.4,35,07,36925128,NA
Gm07_36967238,36967238,0,0,111,102,4,0,0.0286228622862286,0.47926267281106,0.255207047923069,0.257673389054077,0.4,35,07,36925128,NA
Gm07_36967242,36967242,0,0,111,102,4,0,0.0286228622862286,0.47926267281106,0.255207047923069,0.257673389054077,0.4,35,07,36925128,NA
Gm07_36967259,36967259,0,0,111,103,3,0,0.031729055258467,0.481566820276498,0.25624856457884,0.258730524075539,0.4,35,07,36925128,NA
Gm07_36967265,36967265,0,0,111,103,3,0,0.031729055258467,0.481566820276498,0.25624856457884,0.258730524075539,0.4,35,07,36925128,NA
Gm07_36967303,36967303,0,0,172,45,0,0,-0.213450292397661,0.207373271889401,0.286574891694885,0.285140696543796,0.4,35,07,36925128,NA
Gm07_36967625,36967625,0,0,111,103,3,0,0.031729055258467,0.481566820276498,0.25624856457884,0.258730524075539,0.4,35,07,36925128,NA
Gm07_36967698,36967698,0,0,48,169,0,0,0.230876393110436,0.778801843317972,0.306984205099237,0.305207495923191,0.4,35,07,36925128,NA
Gm07_36968133,36968133,0,0,52,163,2,0,0.212418300653595,0.755760368663594,0.288095700708397,0.286138649429838,0.4,35,07,36925128,NA
Gm07_36968340,36968340,0,0,165,51,1,0,-0.219512195121951,0.237327188940092,0.29240234929771,0.290555140901034,0.4,35,07,36925128,NA
Gm07_36968355,36968355,0,0,55,160,2,0,-0.1307249712313,0.741935483870968,0.216058792125038,0.214313097698523,0.4,35,07,36925128,NA
Gm07_36968381,36968381,0,0,111,103,3,0,0.031729055258467,0.481566820276498,0.253915689723878,0.256283225656041,0.4,35,07,36925128,NA
Gm07_36968513,36968513,0,0,52,162,3,0,0.21069297284131,0.753456221198157,0.29102428690687,0.289048005353028,0.4,35,07,36925128,NA
Gm07_36968713,36968713,0,0,160,55,2,0,0.1307249712313,0.258064516129032,0.216058792125038,0.214313097698523,0.4,35,07,36925128,NA
Gm07_36968763,36968763,0,0,111,104,2,0,0.0347749338040599,0.483870967741935,0.254965176387939,0.257348755589513,0.4,35,07,36925128,NA
Gm07_36968820,36968820,0,0,112,103,2,0,0.0376258611552729,0.47926267281106,0.252618496401817,0.254997400506928,0.4,35,07,36925128,NA
Gm07_36968825,36968825,0,0,159,55,3,0,0.13306311522872,0.26036866359447,0.214443577479237,0.212710574961448,0.4,35,07,36925128,NA
Gm07_36968920,36968920,0,0,111,103,3,0,0.031729055258467,0.481566820276498,0.25624856457884,0.258730524075539,0.4,35,07,36925128,NA
Gm07_36968928,36968928,0,0,110,105,2,0,0.0409315455187014,0.488479262672811,0.25708766330687,0.259370761397341,0.4,35,07,36925128,NA
Gm07_36969166,36969166,0,0,111,103,3,0,0.031729055258467,0.481566820276498,0.25624856457884,0.258730524075539,0.4,35,07,36925128,NA
Gm07_36969283,36969283,0,0,112,99,6,0,0.0260158117300975,0.470046082949309,0.250456113359847,0.253002114107386,0.4,35,07,36925128,NA
Gm07_36969742,36969742,0,0,159,57,1,0,0.14135657615376,0.264976958525346,0.215136849310574,0.213444330721456,0.4,35,07,36925128,NA
Gm07_36969904,36969904,0,0,158,58,1,0,0.147656940760389,0.269585253456221,0.219053211588733,0.217391957445524,0.4,35,07,36925128,NA
Gm07_36970057,36970057,0,0,159,56,2,0,0.137283894449499,0.262672811059908,0.216105094347863,0.214416249036706,0.4,35,07,36925128,NA
Gm07_36977777,36977777,0,0,158,57,2,0,0.143724696356275,0.267281105990783,0.21357452277024,0.211894491158799,0.4,35,07,36925128,NA
Gm07_36979248,36979248,0,0,174,43,0,0,-0.210982658959538,0.19815668202765,0.277790573885496,0.276205644748892,0.4,35,07,36925128,NA
Gm07_36979565,36979565,0,0,157,58,2,0,0.143604004449388,0.271889400921659,0.211887378354504,0.210313498703397,0.4,35,07,36925128,NA
Gm07_36982676,36982676,0,0,77,139,1,0,0.118039664378337,0.642857142857143,0.274452973813939,0.271554436793397,0.4,35,07,36925128,NA
Gm07_36983589,36983589,0,0,180,37,0,0,-0.237274984481688,0.170506912442396,0.26509701367145,0.262673845575775,0.4,35,07,36925128,NA
Gm07_36983647,36983647,0,0,45,171,1,0,0.240374331550802,0.790322580645161,0.258450688854962,0.255614848301329,0.4,35,07,36925128,NA
Gm07_36985660,36985660,0,0,179,37,1,0,-0.241260923845193,0.172811059907834,0.264810080393893,0.262324056806499,0.4,35,07,36925128,NA
Gm07_36986164,36986164,0,0,179,37,1,0,-0.241260923845193,0.172811059907834,0.264810080393893,0.262324056806499,0.4,35,07,36925128,NA
Gm07_36986275,36986275,0,0,180,37,0,0,-0.237274984481688,0.170506912442396,0.26509701367145,0.262673845575775,0.4,35,07,36925128,NA
Gm07_36986331,36986331,0,0,179,37,1,0,-0.241260923845193,0.172811059907834,0.264810080393893,0.262324056806499,0.4,35,07,36925128,NA
Gm07_36988516,36988516,0,0,40,175,2,0,0.25685234305924,0.811059907834101,0.286595674167939,0.283749852850812,0.4,35,07,36925128,NA
Gm07_36988575,36988575,0,0,76,140,1,0,0.125563549160671,0.647465437788018,0.278152969978886,0.275193649129646,0.4,35,07,36925128,NA
Gm07_36988604,36988604,0,0,177,40,0,0,-0.254370629370629,0.184331797235023,0.284188575633588,0.281423979970458,0.4,35,07,36925128,NA
Gm07_36988648,36988648,0,0,177,40,0,0,-0.254370629370629,0.184331797235023,0.284188575633588,0.281423979970458,0.4,35,07,36925128,NA
Gm07_36988896,36988896,0,0,176,40,1,0,-0.258461538461539,0.186635944700461,0.284009152641221,0.281181396425406,0.4,35,07,36925128,NA
Gm07_36991241,36991241,0,0,40,176,1,0,0.258461538461539,0.813364055299539,0.284009152641221,0.281181396425406,0.4,35,07,36925128,NA
Gm07_36992103,36992103,0,0,179,37,1,0,-0.241260923845193,0.172811059907834,0.264810080393893,0.262324056806499,0.4,35,07,36925128,NA
Gm07_36992169,36992169,0,0,179,37,1,0,-0.241260923845193,0.172811059907834,0.264810080393893,0.262324056806499,0.4,35,07,36925128,NA
Gm07_36992485,36992485,0,0,40,176,1,0,0.258461538461539,0.813364055299539,0.284009152641221,0.281181396425406,0.4,35,07,36925128,NA
Gm07_36992522,36992522,0,0,40,176,1,0,0.258461538461539,0.813364055299539,0.284009152641221,0.281181396425406,0.4,35,07,36925128,NA
Gm07_36992549,36992549,0,0,40,176,1,0,0.258461538461539,0.813364055299539,0.284009152641221,0.281181396425406,0.4,35,07,36925128,NA
Gm07_36992575,36992575,0,0,40,176,1,0,0.258461538461539,0.813364055299539,0.284009152641221,0.281181396425406,0.4,35,07,36925128,NA
Gm07_36992685,36992685,0,0,79,138,0,0,0.125584877409695,0.63594470046083,0.27381972389487,0.271053074588095,0.4,35,07,36925128,NA
Gm07_36992780,36992780,0,0,79,138,0,0,0.125584877409695,0.63594470046083,0.27381972389487,0.271053074588095,0.4,35,07,36925128,NA
Gm07_36992799,36992799,0,0,79,138,0,0,0.125584877409695,0.63594470046083,0.27381972389487,0.271053074588095,0.4,35,07,36925128,NA
Gm07_36992996,36992996,0,0,179,36,2,0,-0.22776886035313,0.170506912442396,0.262853229409924,0.260379891674298,0.4,35,07,36925128,NA
Gm07_36993004,36993004,0,0,178,38,1,0,0.0777511961722488,0.17741935483871,0.137815694995076,0.135275922484158,0.4,35,07,36925128,NA
Gm07_36993208,36993208,0,0,79,138,0,0,0.125584877409695,0.63594470046083,0.27381972389487,0.271053074588095,0.4,35,07,36925128,NA
Gm07_36993645,36993645,0,0,138,79,0,0,-0.125584877409695,0.36405529953917,0.27381972389487,0.271053074588095,0.4,35,07,36925128,NA
Gm07_36993687,36993687,0,0,138,79,0,0,-0.125584877409695,0.36405529953917,0.27381972389487,0.271053074588095,0.4,35,07,36925128,NA
Gm07_36995129,36995129,0,0,79,138,0,0,0.125584877409695,0.63594470046083,0.27381972389487,0.271053074588095,0.4,35,07,36925128,NA
Gm07_36995374,36995374,0,0,79,138,0,0,0.125584877409695,0.63594470046083,0.27381972389487,0.271053074588095,0.4,35,07,36925128,NA
Gm07_36995550,36995550,0,0,78,138,1,0,0.117925869750687,0.638248847926267,0.275684307972824,0.272916792537962,0.4,35,07,36925128,NA
Gm07_36995696,36995696,0,0,40,176,1,0,0.258461538461539,0.813364055299539,0.284009152641221,0.281181396425406,0.4,35,07,36925128,NA
Gm07_36996108,36996108,0,0,180,35,2,0,0.0911717495987159,0.165898617511521,0.148492641383627,0.145445095016655,0.4,35,07,36925128,NA
Gm07_36996358,36996358,0,0,182,33,2,0,0.0717171717171718,0.15668202764977,0.155597144978992,0.152322398613353,0.4,35,07,36925128,NA
Gm07_36996466,36996466,0,0,182,33,2,0,0.0717171717171718,0.15668202764977,0.155597144978992,0.152322398613353,0.4,35,07,36925128,NA
Gm07_36996653,36996653,0,0,141,73,3,0,-0.130952380952381,0.34331797235023,0.285521002137496,0.282364301650015,0.4,35,07,36925128,NA
Gm07_36996742,36996742,0,0,73,141,3,0,0.130952380952381,0.65668202764977,0.285521002137496,0.282364301650015,0.4,35,07,36925128,NA
Gm07_36996763,36996763,0,0,73,138,6,0,0.131995133819951,0.649769585253456,0.279902211745023,0.276758408556854,0.4,35,07,36925128,NA
Gm07_36996872,36996872,0,0,73,141,3,0,0.130952380952381,0.65668202764977,0.285521002137496,0.282364301650015,0.4,35,07,36925128,NA
Gm07_36996906,36996906,0,0,73,141,3,0,0.130952380952381,0.65668202764977,0.285521002137496,0.282364301650015,0.4,35,07,36925128,NA
Gm07_36996980,36996980,0,0,71,143,3,0,0.146881287726358,0.665898617511521,0.275993365520015,0.272751911663678,0.4,35,07,36925128,NA
Gm07_36997134,36997134,0,0,143,71,3,0,-0.146881287726358,0.334101382488479,0.275993365520015,0.272751911663678,0.4,35,07,36925128,NA
Gm07_36997135,36997135,0,0,141,73,3,0,-0.130952380952381,0.34331797235023,0.285521002137496,0.282364301650015,0.4,35,07,36925128,NA
Gm07_36997198,36997198,0,0,140,71,6,0,-0.147995889003083,0.341013824884793,0.270218521625954,0.266993952797637,0.4,35,07,36925128,NA
Gm07_36997576,36997576,0,0,73,138,6,0,0.131995133819951,0.649769585253456,0.279902211745023,0.276758408556854,0.4,35,07,36925128,NA
Gm07_36997658,36997658,0,0,73,141,3,0,0.130952380952381,0.65668202764977,0.285521002137496,0.282364301650015,0.4,35,07,36925128,NA
Gm07_36997735,36997735,0,0,181,34,2,0,-0.262121212121212,0.161290322580645,0.253507370989313,0.2509393556839,0.4,35,07,36925128,NA
Gm07_36998325,36998325,0,0,73,141,3,0,0.130952380952381,0.65668202764977,0.285521002137496,0.282364301650015,0.4,35,07,36925128,NA
Gm07_36998413,36998413,0,0,71,143,3,0,0.146881287726358,0.665898617511521,0.275993365520015,0.272751911663678,0.4,35,07,36925128,NA
Gm07_36998431,36998431,0,0,71,143,3,0,0.146881287726358,0.665898617511521,0.275993365520015,0.272751911663678,0.4,35,07,36925128,NA
Gm07_36998441,36998441,0,0,73,141,3,0,0.130952380952381,0.65668202764977,0.285521002137496,0.282364301650015,0.4,35,07,36925128,NA
Gm07_36998740,36998740,0,0,38,179,0,0,0.286668691163073,0.824884792626728,0.274698965832061,0.27183466620384,0.4,35,07,36925128,NA
Gm07_36999018,36999018,0,0,73,141,3,0,0.130952380952381,0.65668202764977,0.285521002137496,0.282364301650015,0.4,35,07,36925128,NA
Gm07_36999098,36999098,0,0,182,33,2,0,0.0717171717171718,0.15668202764977,0.155597144978992,0.152322398613353,0.4,35,07,36925128,NA
Gm07_36999453,36999453,0,0,38,179,0,0,0.286668691163073,0.824884792626728,0.274698965832061,0.27183466620384,0.4,35,07,36925128,NA
Gm07_36999517,36999517,0,0,141,73,3,0,-0.130952380952381,0.34331797235023,0.285521002137496,0.282364301650015,0.4,35,07,36925128,NA
Gm07_37000317,37000317,0,0,182,33,2,0,0.0717171717171718,0.15668202764977,0.155597144978992,0.152322398613353,0.4,35,07,36925128,NA
Gm07_37000341,37000341,0,0,71,143,3,0,0.146881287726358,0.665898617511521,0.275993365520015,0.272751911663678,0.4,35,07,36925128,NA
Gm07_37000389,37000389,0,0,181,33,3,0,0.0680548501777551,0.158986175115207,0.154958676232378,0.151736406251414,0.4,35,07,36925128,NA
Gm07_37000489,37000489,0,0,73,141,3,0,0.130952380952381,0.65668202764977,0.285521002137496,0.282364301650015,0.4,35,07,36925128,NA
Gm07_37000502,37000502,0,0,179,38,0,0,-0.286668691163073,0.175115207373272,0.274698965832061,0.27183466620384,0.4,35,07,36925128,NA
Gm07_37000522,37000522,0,0,143,71,3,0,-0.146881287726358,0.334101382488479,0.275993365520015,0.272751911663678,0.4,35,07,36925128,NA
Gm07_37000597,37000597,0,0,141,73,3,0,-0.130952380952381,0.34331797235023,0.285521002137496,0.282364301650015,0.4,35,07,36925128,NA
Gm07_37000698,37000698,0,0,38,178,1,0,0.290731409375477,0.82258064516129,0.274409054977099,0.271484492924668,0.4,35,07,36925128,NA
Gm07_37000768,37000768,0,0,71,143,3,0,0.146881287726358,0.665898617511521,0.275993365520015,0.272751911663678,0.4,35,07,36925128,NA
Gm07_37001150,37001150,0,0,181,33,3,0,0.0680548501777551,0.158986175115207,0.155509558415584,0.15224854267682,0.4,35,07,36925128,NA
Gm07_37001237,37001237,0,0,71,143,3,0,0.146881287726358,0.665898617511521,0.275993365520015,0.272751911663678,0.4,35,07,36925128,NA
Gm07_37001294,37001294,0,0,71,143,3,0,0.146881287726358,0.665898617511521,0.275993365520015,0.272751911663678,0.4,35,07,36925128,NA
Gm07_37001487,37001487,0,0,38,179,0,0,0.286668691163073,0.824884792626728,0.274698965832061,0.27183466620384,0.4,35,07,36925128,NA
Gm07_37001873,37001873,0,0,181,33,3,0,0.0680548501777551,0.158986175115207,0.154958676232378,0.151736406251414,0.4,35,07,36925128,NA
Gm07_37001930,37001930,0,0,182,33,2,0,0.0717171717171718,0.15668202764977,0.155597144978992,0.152322398613353,0.4,35,07,36925128,NA
Gm07_37002123,37002123,0,0,73,141,3,0,0.130952380952381,0.65668202764977,0.285521002137496,0.282364301650015,0.4,35,07,36925128,NA
Gm07_37002193,37002193,0,0,181,33,3,0,0.0680548501777551,0.158986175115207,0.154958676232378,0.151736406251414,0.4,35,07,36925128,NA
Gm07_37002242,37002242,0,0,141,73,3,0,-0.130952380952381,0.34331797235023,0.285521002137496,0.282364301650015,0.4,35,07,36925128,NA
Gm07_37002322,37002322,0,0,38,179,0,0,0.286668691163073,0.824884792626728,0.274698965832061,0.27183466620384,0.4,35,07,36925128,NA
Gm07_37002387,37002387,0,0,73,141,3,0,0.130952380952381,0.65668202764977,0.285521002137496,0.282364301650015,0.4,35,07,36925128,NA
Gm07_37002427,37002427,0,0,71,143,3,0,0.146881287726358,0.665898617511521,0.275993365520015,0.272751911663678,0.4,35,07,36925128,NA
Gm07_37002437,37002437,0,0,38,179,0,0,0.286668691163073,0.824884792626728,0.274698965832061,0.27183466620384,0.4,35,07,36925128,NA
Gm07_37002579,37002579,0,0,38,178,1,0,0.290731409375477,0.82258064516129,0.274409054977099,0.271484492924668,0.4,35,07,36925128,NA
Gm07_37002650,37002650,0,0,71,143,3,0,0.146881287726358,0.665898617511521,0.275993365520015,0.272751911663678,0.4,35,07,36925128,NA
Gm07_37002728,37002728,0,0,182,33,2,0,0.0717171717171718,0.15668202764977,0.155597144978992,0.152322398613353,0.4,35,07,36925128,NA
Gm07_37003058,37003058,0,0,71,143,3,0,0.146881287726358,0.665898617511521,0.275993365520015,0.272751911663678,0.4,35,07,36925128,NA
Gm07_37003266,37003266,0,0,71,143,3,0,0.146881287726358,0.665898617511521,0.275993365520015,0.272751911663678,0.4,35,07,36925128,NA
Gm07_37003285,37003285,0,0,182,33,2,0,0.0717171717171718,0.15668202764977,0.155597144978992,0.152322398613353,0.4,35,07,36925128,NA
Gm07_37003321,37003321,0,0,73,141,3,0,0.130952380952381,0.65668202764977,0.285521002137496,0.282364301650015,0.4,35,07,36925128,NA
Gm07_37003361,37003361,0,0,73,141,3,0,0.130952380952381,0.65668202764977,0.285521002137496,0.282364301650015,0.4,35,07,36925128,NA
Gm07_37003411,37003411,0,0,182,33,2,0,0.0717171717171718,0.15668202764977,0.155597144978992,0.152322398613353,0.4,35,07,36925128,NA
Gm07_37004382,37004382,0,0,73,141,3,0,0.130952380952381,0.65668202764977,0.285521002137496,0.282364301650015,0.4,35,07,36925128,NA
Gm07_37004443,37004443,0,0,37,178,2,0,0.306497175141243,0.824884792626728,0.272133427816794,0.269229752171344,0.4,35,07,36925128,NA
Gm07_37004465,37004465,0,0,182,33,2,0,0.0717171717171718,0.15668202764977,0.155597144978992,0.152322398613353,0.4,35,07,36925128,NA
Gm07_37005606,37005606,0,0,73,138,6,0,0.131995133819951,0.649769585253456,0.279902211745023,0.276758408556854,0.4,35,07,36925128,NA
Gm07_37006138,37006138,0,0,182,33,2,0,0.0717171717171718,0.15668202764977,0.155597144978992,0.152322398613353,0.4,35,07,36925128,NA
Gm07_37006484,37006484,0,0,182,33,2,0,0.0717171717171718,0.15668202764977,0.155597144978992,0.152322398613353,0.4,35,07,36925128,NA
Gm07_37006745,37006745,0,0,141,73,3,0,-0.130952380952381,0.34331797235023,0.285521002137496,0.282364301650015,0.4,35,07,36925128,NA
Gm07_37007415,37007415,0,0,203,13,1,0,0.107539226942212,0.0622119815668203,0.0762667919862595,0.074371540985229,0.4,35,07,36925128,NA
Gm07_37007742,37007742,0,0,182,33,2,0,0.102020202020202,0.15668202764977,0.152090228331053,0.148847270054417,0.4,35,07,36925128,NA
Gm07_37008065,37008065,0,0,183,33,1,0,0.105642055918299,0.154377880184332,0.152821081038296,0.149531507075456,0.4,35,07,36925128,NA
Gm07_37008084,37008084,0,0,183,33,1,0,0.105642055918299,0.154377880184332,0.152821081038296,0.149531507075456,0.4,35,07,36925128,NA
Gm07_37008454,37008454,0,0,183,33,1,0,0.105642055918299,0.154377880184332,0.152821081038296,0.149531507075456,0.4,35,07,36925128,NA
Gm07_37008866,37008866,0,0,182,33,2,0,0.102020202020202,0.15668202764977,0.152090228331053,0.148847270054417,0.4,35,07,36925128,NA
Gm07_37009267,37009267,0,0,185,31,1,0,0.0861977789529349,0.145161290322581,0.160821051955115,0.157261035613885,0.4,35,07,36925128,NA
Gm07_37009554,37009554,0,0,184,31,2,0,0.0825948245303083,0.147465437788018,0.15991859783887,0.156414974319734,0.4,35,07,36925128,NA
Gm07_37009639,37009639,0,0,184,31,2,0,0.0825948245303083,0.147465437788018,0.15991859783887,0.156414974319734,0.4,35,07,36925128,NA
Gm07_37009656,37009656,0,0,182,34,1,0,-0.258161727774987,0.158986175115207,0.25393225120458,0.251424348802068,0.4,35,07,36925128,NA
Gm07_37009758,37009758,0,0,38,179,0,0,0.286668691163073,0.824884792626728,0.274698965832061,0.27183466620384,0.4,35,07,36925128,NA
Gm07_37009820,37009820,0,0,176,40,1,0,-0.284102564102564,0.186635944700461,0.263166150900763,0.260254066971935,0.4,35,07,36925128,NA
Gm07_37010041,37010041,0,0,182,34,1,0,-0.258161727774987,0.158986175115207,0.25393225120458,0.251424348802068,0.4,35,07,36925128,NA
Gm07_37010076,37010076,0,0,73,138,6,0,0.131995133819951,0.649769585253456,0.279902211745023,0.276758408556854,0.4,35,07,36925128,NA
Gm07_37010111,37010111,0,0,184,31,2,0,0.0825948245303083,0.147465437788018,0.15991859783887,0.156414974319734,0.4,35,07,36925128,NA
Gm07_37010155,37010155,0,0,184,31,2,0,0.0825948245303083,0.147465437788018,0.15991859783887,0.156414974319734,0.4,35,07,36925128,NA
Gm07_37011023,37011023,0,0,40,177,0,0,0.254370629370629,0.815668202764977,0.284188575633588,0.281423979970458,0.4,35,07,36925128,NA
Gm07_37011161,37011161,0,0,71,144,2,0,0.127572427572428,0.668202764976959,0.287408550190721,0.284271875443016,0.4,35,07,36925128,NA
Gm07_37011630,37011630,0,0,185,31,1,0,0.0861977789529349,0.145161290322581,0.160821051955115,0.157261035613885,0.4,35,07,36925128,NA
Gm07_37011689,37011689,0,0,185,31,1,0,0.0861977789529349,0.145161290322581,0.160821051955115,0.157261035613885,0.4,35,07,36925128,NA
Gm07_37012328,37012328,0,0,144,71,2,0,-0.127572427572428,0.331797235023041,0.287408550190721,0.284271875443016,0.4,35,07,36925128,NA
Gm07_37012591,37012591,0,0,185,31,1,0,0.0861977789529349,0.145161290322581,0.160821051955115,0.157261035613885,0.4,35,07,36925128,NA
Gm07_37012836,37012836,0,0,144,71,2,0,-0.127572427572428,0.331797235023041,0.287408550190721,0.284271875443016,0.4,35,07,36925128,NA
Gm07_37012880,37012880,0,0,185,31,1,0,0.0861977789529349,0.145161290322581,0.160821051955115,0.157261035613885,0.4,35,07,36925128,NA
Gm07_37013035,37013035,0,0,71,144,2,0,0.127572427572428,0.668202764976959,0.287408550190721,0.284271875443016,0.4,35,07,36925128,NA
Gm07_37013037,37013037,0,0,71,144,2,0,0.127572427572428,0.668202764976959,0.287408550190721,0.284271875443016,0.4,35,07,36925128,NA
Gm07_37013040,37013040,0,0,71,144,2,0,0.127572427572428,0.668202764976959,0.287408550190721,0.284271875443016,0.4,35,07,36925128,NA
Gm07_37013182,37013182,0,0,144,71,2,0,-0.127572427572428,0.331797235023041,0.287408550190721,0.284271875443016,0.4,35,07,36925128,NA
Gm07_37013310,37013310,0,0,71,144,2,0,0.127572427572428,0.668202764976959,0.287408550190721,0.284271875443016,0.4,35,07,36925128,NA
Gm07_37013328,37013328,0,0,185,31,1,0,0.0861977789529349,0.145161290322581,0.160821051955115,0.157261035613885,0.4,35,07,36925128,NA
Gm07_37013393,37013393,0,0,38,179,0,0,0.286668691163073,0.824884792626728,0.274698965832061,0.27183466620384,0.4,35,07,36925128,NA
Gm07_37013450,37013450,0,0,71,144,2,0,0.127572427572428,0.668202764976959,0.287408550190721,0.284271875443016,0.4,35,07,36925128,NA
Gm07_37013571,37013571,0,0,71,144,2,0,0.127572427572428,0.668202764976959,0.287408550190721,0.284271875443016,0.4,35,07,36925128,NA
Gm07_37014745,37014745,0,0,71,144,2,0,0.127572427572428,0.668202764976959,0.287408550190721,0.284271875443016,0.4,35,07,36925128,NA
Gm07_37014819,37014819,0,0,185,31,1,0,0.0861977789529349,0.145161290322581,0.160821051955115,0.157261035613885,0.4,35,07,36925128,NA
Gm07_37014917,37014917,0,0,144,71,2,0,-0.127572427572428,0.331797235023041,0.287408550190721,0.284271875443016,0.4,35,07,36925128,NA
Gm07_37014967,37014967,0,0,144,71,2,0,-0.127572427572428,0.331797235023041,0.287408550190721,0.284271875443016,0.4,35,07,36925128,NA
Gm07_37015342,37015342,0,0,40,177,0,0,0.254370629370629,0.815668202764977,0.284188575633588,0.281423979970458,0.4,35,07,36925128,NA
Gm07_37015467,37015467,0,0,185,31,1,0,0.0861977789529349,0.145161290322581,0.160821051955115,0.157261035613885,0.4,35,07,36925128,NA
Gm07_37016101,37016101,0,0,71,144,2,0,0.127572427572428,0.668202764976959,0.287408550190721,0.284271875443016,0.4,35,07,36925128,NA
Gm07_37016254,37016254,0,0,71,144,2,0,0.127572427572428,0.668202764976959,0.287408550190721,0.284271875443016,0.4,35,07,36925128,NA
Gm07_37016278,37016278,0,0,71,144,2,0,0.127572427572428,0.668202764976959,0.287408550190721,0.284271875443016,0.4,35,07,36925128,NA
Gm07_37016332,37016332,0,0,184,31,2,0,0.0825948245303083,0.147465437788018,0.15991859783887,0.156414974319734,0.4,35,07,36925128,NA
Gm07_37016455,37016455,0,0,184,31,2,0,0.0825948245303083,0.147465437788018,0.15991859783887,0.156414974319734,0.4,35,07,36925128,NA
Gm07_37017065,37017065,0,0,177,40,0,0,-0.254370629370629,0.184331797235023,0.284188575633588,0.281423979970458,0.4,35,07,36925128,NA
Gm07_37017121,37017121,0,0,184,31,2,0,0.0825948245303083,0.147465437788018,0.15991859783887,0.156414974319734,0.4,35,07,36925128,NA
Gm07_37018600,37018600,0,0,40,177,0,0,0.254370629370629,0.815668202764977,0.284188575633588,0.281423979970458,0.4,35,07,36925128,NA
Gm07_37018618,37018618,0,0,185,31,1,0,0.0861977789529349,0.145161290322581,0.160821051955115,0.157261035613885,0.4,35,07,36925128,NA
Gm07_37018659,37018659,0,0,71,144,2,0,0.127572427572428,0.668202764976959,0.287408550190721,0.284271875443016,0.4,35,07,36925128,NA
Gm07_37018681,37018681,0,0,185,30,2,0,0.110928961748634,0.142857142857143,0.158994953909555,0.155472421950899,0.4,35,07,36925128,NA
Gm07_37018731,37018731,0,0,38,179,0,0,0.286668691163073,0.824884792626728,0.274698965832061,0.27183466620384,0.4,35,07,36925128,NA
Gm07_37018769,37018769,0,0,182,34,1,0,-0.258161727774987,0.158986175115207,0.25393225120458,0.251424348802068,0.4,35,07,36925128,NA
Gm07_37018792,37018792,0,0,185,31,1,0,0.0861977789529349,0.145161290322581,0.160821051955115,0.157261035613885,0.4,35,07,36925128,NA
Gm07_37018890,37018890,0,0,71,144,2,0,0.127572427572428,0.668202764976959,0.287408550190721,0.284271875443016,0.4,35,07,36925128,NA
Gm07_37018911,37018911,0,0,184,30,3,0,0.107326007326007,0.145161290322581,0.158072069172977,0.1546065184613,0.4,35,07,36925128,NA
Gm07_37018930,37018930,0,0,40,176,1,0,0.258461538461539,0.813364055299539,0.282260623740458,0.279547577474151,0.4,35,07,36925128,NA
Gm07_37018955,37018955,0,0,71,144,2,0,0.127572427572428,0.668202764976959,0.287408550190721,0.284271875443016,0.4,35,07,36925128,NA
Gm07_37018991,37018991,0,0,185,31,1,0,0.0861977789529349,0.145161290322581,0.160821051955115,0.157261035613885,0.4,35,07,36925128,NA
Gm07_37018999,37018999,0,0,40,177,0,0,0.254370629370629,0.815668202764977,0.284188575633588,0.281423979970458,0.4,35,07,36925128,NA
Gm07_37019031,37019031,0,0,40,176,1,0,0.258461538461539,0.813364055299539,0.284009152641221,0.281181396425406,0.4,35,07,36925128,NA
Gm07_37019360,37019360,0,0,184,31,2,0,0.0825948245303083,0.147465437788018,0.15991859783887,0.156414974319734,0.4,35,07,36925128,NA
Gm07_37019379,37019379,0,0,71,144,2,0,0.127572427572428,0.668202764976959,0.287408550190721,0.284271875443016,0.4,35,07,36925128,NA
Gm07_37019551,37019551,0,0,71,144,2,0,0.127572427572428,0.668202764976959,0.287408550190721,0.284271875443016,0.4,35,07,36925128,NA
Gm07_37019620,37019620,0,0,182,34,1,0,-0.258161727774987,0.158986175115207,0.25393225120458,0.251424348802068,0.4,35,07,36925128,NA
Gm07_37019759,37019759,0,0,71,144,2,0,0.127572427572428,0.668202764976959,0.287408550190721,0.284271875443016,0.4,35,07,36925128,NA
Gm07_37020146,37020146,0,0,186,31,0,0,0.0843267882187939,0.142857142857143,0.159052077075115,0.15556488121743,0.4,35,07,36925128,NA
Gm07_37020500,37020500,0,0,185,31,1,0,0.0861977789529349,0.145161290322581,0.160821051955115,0.157261035613885,0.4,35,07,36925128,NA
