ID,POS,cluster,MGs,ref,alt,het,miss,phenodiff,AltAF,premeanr2,meanr2,epsilon,MGmin,chr,gwas_pos,MG_ID
Gm08_41023824,41023824,1,0,205,13,1,0,0.0388386123680242,0.0616438356164384,0.982173965277778,0.332439468992042,0.8,25,08,41123546,NA
Gm08_41025889,41025889,2,MG1,138,78,3,0,-0.133258046301525,0.363013698630137,0.971587734939759,0.971422890243902,0.8,25,08,41123546,Gm08_41123546_MG1
Gm08_41025972,41025972,3,MG2,152,63,4,0,-0.169991511035654,0.296803652968037,0.983473222222222,0.986815939393939,0.8,25,08,41123546,Gm08_41123546_MG2
Gm08_41026430,41026430,3,MG2,151,64,4,0,-0.162409334594765,0.301369863013699,0.975059861111111,0.979541757575758,0.8,25,08,41123546,Gm08_41123546_MG2
Gm08_41026507,41026507,3,MG2,152,64,3,0,-0.179720133667502,0.299086757990868,0.978696416666667,0.982048484848485,0.8,25,08,41123546,Gm08_41123546_MG2
Gm08_41026524,41026524,3,MG2,151,65,3,0,-0.172081953642384,0.30365296803653,0.970509333333333,0.974992606060606,0.8,25,08,41123546,Gm08_41123546_MG2
Gm08_41026665,41026665,3,MG2,151,64,4,0,-0.162409334594765,0.301369863013699,0.975059861111111,0.979541757575758,0.8,25,08,41123546,Gm08_41123546_MG2
Gm08_41026725,41026725,3,MG2,151,64,4,0,-0.162409334594765,0.301369863013699,0.975059861111111,0.979541757575758,0.8,25,08,41123546,Gm08_41123546_MG2
Gm08_41026943,41026943,3,MG2,151,64,4,0,-0.162409334594765,0.301369863013699,0.975059861111111,0.979541757575758,0.8,25,08,41123546,Gm08_41123546_MG2
Gm08_41026944,41026944,3,MG2,151,64,4,0,-0.162409334594765,0.301369863013699,0.975059861111111,0.979541757575758,0.8,25,08,41123546,Gm08_41123546_MG2
Gm08_41026946,41026946,3,MG2,151,64,4,0,-0.162409334594765,0.301369863013699,0.975059861111111,0.979541757575758,0.8,25,08,41123546,Gm08_41123546_MG2
Gm08_41026965,41026965,1,0,205,13,1,0,0.0388386123680242,0.0616438356164384,0.982173965277778,0.332439468992042,0.8,25,08,41123546,NA
Gm08_41026998,41026998,2,MG1,138,78,3,0,-0.133258046301525,0.363013698630137,0.971587734939759,0.971422890243902,0.8,25,08,41123546,Gm08_41123546_MG1
Gm08_41028060,41028060,2,0,138,75,6,0,-0.147473560517039,0.356164383561644,0.957062108433735,0.362369828488064,0.8,25,08,41123546,NA
Gm08_41032373,41032373,3,MG2,152,63,4,0,-0.169991511035654,0.296803652968037,0.983473222222222,0.986815939393939,0.8,25,08,41123546,Gm08_41123546_MG2
Gm08_41032400,41032400,3,MG2,152,63,4,0,-0.169991511035654,0.296803652968037,0.983473222222222,0.986815939393939,0.8,25,08,41123546,Gm08_41123546_MG2
Gm08_41032569,41032569,3,MG2,152,63,4,0,-0.169991511035654,0.296803652968037,0.983473222222222,0.986815939393939,0.8,25,08,41123546,Gm08_41123546_MG2
Gm08_41032601,41032601,3,MG2,152,63,4,0,-0.169991511035654,0.296803652968037,0.983473222222222,0.986815939393939,0.8,25,08,41123546,Gm08_41123546_MG2
Gm08_41033334,41033334,1,0,205,13,1,0,0.0388386123680242,0.0616438356164384,0.982173965277778,0.332439468992042,0.8,25,08,41123546,NA
Gm08_41033420,41033420,3,MG2,153,62,4,0,-0.177756348441016,0.292237442922374,0.972487666666667,0.974211909090909,0.8,25,08,41123546,Gm08_41123546_MG2
Gm08_41034016,41034016,2,MG1,138,78,3,0,-0.133258046301525,0.363013698630137,0.971587734939759,0.971422890243902,0.8,25,08,41123546,Gm08_41123546_MG1
Gm08_41034049,41034049,2,MG1,138,78,3,0,-0.133258046301525,0.363013698630137,0.971587734939759,0.971422890243902,0.8,25,08,41123546,Gm08_41123546_MG1
Gm08_41034216,41034216,2,MG1,138,79,2,0,-0.141583054626533,0.365296803652968,0.967820469879518,0.967667097560976,0.8,25,08,41123546,Gm08_41123546_MG1
Gm08_41034274,41034274,2,MG1,138,78,3,0,-0.133258046301525,0.363013698630137,0.971587734939759,0.971422890243902,0.8,25,08,41123546,Gm08_41123546_MG1
Gm08_41034357,41034357,2,MG1,138,78,3,0,-0.133258046301525,0.363013698630137,0.971587734939759,0.971422890243902,0.8,25,08,41123546,Gm08_41123546_MG1
Gm08_41034716,41034716,2,MG1,138,78,3,0,-0.133258046301525,0.363013698630137,0.971587734939759,0.971422890243902,0.8,25,08,41123546,Gm08_41123546_MG1
Gm08_41034718,41034718,2,MG1,138,78,3,0,-0.133258046301525,0.363013698630137,0.971587734939759,0.971422890243902,0.8,25,08,41123546,Gm08_41123546_MG1
Gm08_41034726,41034726,3,MG2,152,63,4,0,-0.169991511035654,0.296803652968037,0.983473222222222,0.986815939393939,0.8,25,08,41123546,Gm08_41123546_MG2
Gm08_41034781,41034781,2,MG1,138,78,3,0,-0.133258046301525,0.363013698630137,0.971587734939759,0.971422890243902,0.8,25,08,41123546,Gm08_41123546_MG1
Gm08_41035050,41035050,3,MG2,152,63,4,0,-0.169991511035654,0.296803652968037,0.983473222222222,0.986815939393939,0.8,25,08,41123546,Gm08_41123546_MG2
Gm08_41035124,41035124,3,0,154,61,4,0,-0.162554112554113,0.287671232876712,0.942004972222222,0.27407557568382,0.8,25,08,41123546,NA
Gm08_41035142,41035142,3,MG2,153,62,4,0,-0.177756348441016,0.292237442922374,0.972487666666667,0.974211909090909,0.8,25,08,41123546,Gm08_41123546_MG2
Gm08_41035772,41035772,3,0,155,61,3,0,-0.187096774193548,0.285388127853881,0.947822166666667,0.285558860992042,0.8,25,08,41123546,NA
Gm08_41035777,41035777,3,MG2,153,62,4,0,-0.177756348441016,0.292237442922374,0.972487666666667,0.974211909090909,0.8,25,08,41123546,Gm08_41123546_MG2
Gm08_41035909,41035909,3,MG2,153,62,4,0,-0.177756348441016,0.292237442922374,0.972487666666667,0.974211909090909,0.8,25,08,41123546,Gm08_41123546_MG2
Gm08_41035931,41035931,2,MG1,138,78,3,0,-0.133258046301525,0.363013698630137,0.971587734939759,0.971422890243902,0.8,25,08,41123546,Gm08_41123546_MG1
Gm08_41035951,41035951,3,MG2,153,62,4,0,-0.177756348441016,0.292237442922374,0.972487666666667,0.974211909090909,0.8,25,08,41123546,Gm08_41123546_MG2
Gm08_41036236,41036236,1,0,205,13,1,0,0.0388386123680242,0.0616438356164384,0.982173965277778,0.332439468992042,0.8,25,08,41123546,NA
Gm08_41036608,41036608,3,MG2,152,63,4,0,-0.169991511035654,0.296803652968037,0.983473222222222,0.986815939393939,0.8,25,08,41123546,Gm08_41123546_MG2
Gm08_41036997,41036997,1,0,205,13,1,0,0.0388386123680242,0.0616438356164384,0.982173965277778,0.332439468992042,0.8,25,08,41123546,NA
Gm08_41037175,41037175,3,MG2,153,62,4,0,-0.177756348441016,0.292237442922374,0.972487666666667,0.974211909090909,0.8,25,08,41123546,Gm08_41123546_MG2
Gm08_41037444,41037444,2,MG1,138,78,3,0,-0.133258046301525,0.363013698630137,0.971587734939759,0.971422890243902,0.8,25,08,41123546,Gm08_41123546_MG1
Gm08_41037487,41037487,2,MG1,138,78,3,0,-0.133258046301525,0.363013698630137,0.971587734939759,0.971422890243902,0.8,25,08,41123546,Gm08_41123546_MG1
Gm08_41037583,41037583,3,MG2,152,63,4,0,-0.169991511035654,0.296803652968037,0.983473222222222,0.986815939393939,0.8,25,08,41123546,Gm08_41123546_MG2
Gm08_41037691,41037691,1,0,205,13,1,0,0.0388386123680242,0.0616438356164384,0.982173965277778,0.332439468992042,0.8,25,08,41123546,NA
Gm08_41038034,41038034,2,MG1,138,78,3,0,-0.133258046301525,0.363013698630137,0.971587734939759,0.971422890243902,0.8,25,08,41123546,Gm08_41123546_MG1
Gm08_41038322,41038322,3,MG2,152,63,4,0,-0.169991511035654,0.296803652968037,0.983473222222222,0.986815939393939,0.8,25,08,41123546,Gm08_41123546_MG2
Gm08_41038462,41038462,3,MG2,152,63,4,0,-0.169991511035654,0.296803652968037,0.983473222222222,0.986815939393939,0.8,25,08,41123546,Gm08_41123546_MG2
Gm08_41038597,41038597,3,MG2,152,63,4,0,-0.169991511035654,0.296803652968037,0.983473222222222,0.986815939393939,0.8,25,08,41123546,Gm08_41123546_MG2
Gm08_41038749,41038749,3,MG2,153,62,4,0,-0.177756348441016,0.292237442922374,0.972487666666667,0.974211909090909,0.8,25,08,41123546,Gm08_41123546_MG2
Gm08_41038777,41038777,3,MG2,152,63,4,0,-0.169991511035654,0.296803652968037,0.983473222222222,0.986815939393939,0.8,25,08,41123546,Gm08_41123546_MG2
Gm08_41038837,41038837,1,0,205,13,1,0,0.0388386123680242,0.0616438356164384,0.982173965277778,0.332439468992042,0.8,25,08,41123546,NA
Gm08_41038845,41038845,2,MG1,138,78,3,0,-0.133258046301525,0.363013698630137,0.971587734939759,0.971422890243902,0.8,25,08,41123546,Gm08_41123546_MG1
Gm08_41039041,41039041,1,0,205,13,1,0,0.0388386123680242,0.0616438356164384,0.982173965277778,0.332439468992042,0.8,25,08,41123546,NA
Gm08_41039154,41039154,0,0,165,49,5,0,-0.165530303030303,0.235159817351598,0.30410231251682,0.277203443482759,0.8,25,08,41123546,NA
Gm08_41039192,41039192,2,MG1,138,78,3,0,-0.133258046301525,0.363013698630137,0.971587734939759,0.971422890243902,0.8,25,08,41123546,Gm08_41123546_MG1
Gm08_41039219,41039219,1,0,205,13,1,0,0.0388386123680242,0.0616438356164384,0.982173965277778,0.332439468992042,0.8,25,08,41123546,NA
Gm08_41039280,41039280,2,MG1,138,78,3,0,-0.133258046301525,0.363013698630137,0.971587734939759,0.971422890243902,0.8,25,08,41123546,Gm08_41123546_MG1
Gm08_41039757,41039757,2,MG1,138,78,3,0,-0.133258046301525,0.363013698630137,0.971587734939759,0.971422890243902,0.8,25,08,41123546,Gm08_41123546_MG1
Gm08_41040053,41040053,0,0,189,27,3,0,-0.162726556343578,0.13013698630137,0.229307189174312,0.20953898729443,0.8,25,08,41123546,NA
Gm08_41040214,41040214,1,0,205,13,1,0,0.0388386123680242,0.0616438356164384,0.982173965277778,0.332439468992042,0.8,25,08,41123546,NA
Gm08_41040495,41040495,3,MG2,152,63,4,0,-0.169991511035654,0.296803652968037,0.983473222222222,0.986815939393939,0.8,25,08,41123546,Gm08_41123546_MG2
Gm08_41040789,41040789,3,MG2,151,64,4,0,-0.162409334594765,0.301369863013699,0.975059861111111,0.979541757575758,0.8,25,08,41123546,Gm08_41123546_MG2
Gm08_41041030,41041030,2,MG1,138,78,3,0,-0.133258046301525,0.363013698630137,0.971587734939759,0.971422890243902,0.8,25,08,41123546,Gm08_41123546_MG1
Gm08_41041181,41041181,1,0,205,13,1,0,0.0388386123680242,0.0616438356164384,0.982173965277778,0.332439468992042,0.8,25,08,41123546,NA
Gm08_41041598,41041598,3,MG2,151,64,4,0,-0.162409334594765,0.301369863013699,0.975059861111111,0.979541757575758,0.8,25,08,41123546,Gm08_41123546_MG2
Gm08_41041696,41041696,3,MG2,151,64,4,0,-0.162409334594765,0.301369863013699,0.975059861111111,0.979541757575758,0.8,25,08,41123546,Gm08_41123546_MG2
Gm08_41042284,41042284,0,0,195,22,2,0,-0.124542124542125,0.105022831050228,0.151997779174312,0.136983508859416,0.8,25,08,41123546,NA
Gm08_41042322,41042322,0,0,199,18,2,0,0.111111111111111,0.0867579908675799,0.316615595447951,0.355273915099416,0.8,25,08,41123546,NA
Gm08_41042497,41042497,0,0,199,18,2,0,0.111111111111111,0.0867579908675799,0.316615595447951,0.355273915099416,0.8,25,08,41123546,NA
Gm08_41042532,41042532,0,0,199,18,2,0,0.111111111111111,0.0867579908675799,0.316615595447951,0.355273915099416,0.8,25,08,41123546,NA
Gm08_41042674,41042674,0,0,199,18,2,0,0.111111111111111,0.0867579908675799,0.316615595447951,0.355273915099416,0.8,25,08,41123546,NA
Gm08_41042701,41042701,0,0,199,18,2,0,0.111111111111111,0.0867579908675799,0.316615595447951,0.355273915099416,0.8,25,08,41123546,NA
Gm08_41042770,41042770,0,0,143,72,4,0,-0.0861814242095932,0.337899543378995,0.372771011926605,0.352442886206897,0.8,25,08,41123546,NA
Gm08_41042862,41042862,1,0,205,13,1,0,0.0388386123680242,0.0616438356164384,0.982173965277778,0.332439468992042,0.8,25,08,41123546,NA
Gm08_41042952,41042952,0,0,141,74,4,0,-0.157097056251822,0.34703196347032,0.358004481834862,0.337812387161804,0.8,25,08,41123546,NA
Gm08_41043002,41043002,0,0,195,22,2,0,-0.124542124542125,0.105022831050228,0.151997779174312,0.136983508859416,0.8,25,08,41123546,NA
Gm08_41043457,41043457,0,0,199,18,2,0,-0.131313131313131,0.0867579908675799,0.229907343657492,0.265194664517241,0.8,25,08,41123546,NA
Gm08_41043754,41043754,0,0,162,52,5,0,-0.163761801016703,0.248858447488584,0.304599870753976,0.278244886038594,0.8,25,08,41123546,NA
Gm08_41044123,41044123,0,0,190,26,3,0,-0.102105263157895,0.125570776255708,0.155194113685015,0.140695610809019,0.8,25,08,41123546,NA
Gm08_41044308,41044308,0,0,142,73,4,0,-0.0800078247261345,0.342465753424658,0.380834663914373,0.359305329708223,0.8,25,08,41123546,NA
Gm08_41045014,41045014,1,MG8,206,13,0,0,0.0375234521575986,0.0593607305936073,0.996255034722222,1,0.8,25,08,41123546,Gm08_41123546_MG8
Gm08_41045239,41045239,0,0,174,41,4,0,-0.158620689655172,0.19634703196347,0.209355239883792,0.208301323718833,0.8,25,08,41123546,NA
Gm08_41045539,41045539,0,0,167,50,2,0,-0.0209638554216868,0.232876712328767,0.315068400244648,0.311349836286472,0.8,25,08,41123546,NA
Gm08_41045917,41045917,2,MG1,137,79,3,0,-0.127175743964065,0.367579908675799,0.981914554216867,0.982114841463415,0.8,25,08,41123546,Gm08_41123546_MG1
Gm08_41045918,41045918,2,MG1,137,79,3,0,-0.127175743964065,0.367579908675799,0.981914554216867,0.982114841463415,0.8,25,08,41123546,Gm08_41123546_MG1
Gm08_41046116,41046116,2,MG1,137,79,3,0,-0.127175743964065,0.367579908675799,0.981914554216867,0.982114841463415,0.8,25,08,41123546,Gm08_41123546_MG1
Gm08_41046717,41046717,3,MG2,150,66,3,0,-0.149230769230769,0.308219178082192,0.951266361111111,0.954857363636364,0.8,25,08,41123546,Gm08_41123546_MG2
Gm08_41046822,41046822,0,0,185,30,4,0,-0.116666666666667,0.146118721461187,0.22832925741896,0.208852404917772,0.8,25,08,41123546,NA
Gm08_41046878,41046878,0,0,186,29,4,0,-0.130661696178938,0.141552511415525,0.230372902507645,0.210784337299735,0.8,25,08,41123546,NA
Gm08_41047534,41047534,0,0,190,25,4,0,-0.0754385964912281,0.123287671232877,0.156813421987768,0.142025868885942,0.8,25,08,41123546,NA
Gm08_41047631,41047631,0,0,186,29,4,0,-0.130661696178938,0.141552511415525,0.230372902507645,0.210784337299735,0.8,25,08,41123546,NA
Gm08_41047683,41047683,0,0,186,29,4,0,-0.130661696178938,0.141552511415525,0.230372902507645,0.210784337299735,0.8,25,08,41123546,NA
Gm08_41047696,41047696,0,0,186,29,4,0,-0.130661696178938,0.141552511415525,0.230372902507645,0.210784337299735,0.8,25,08,41123546,NA
Gm08_41047746,41047746,0,0,186,29,4,0,-0.130661696178938,0.141552511415525,0.230372902507645,0.210784337299735,0.8,25,08,41123546,NA
Gm08_41047753,41047753,0,0,186,29,4,0,-0.130661696178938,0.141552511415525,0.230372902507645,0.210784337299735,0.8,25,08,41123546,NA
Gm08_41047774,41047774,2,MG1,137,79,3,0,-0.127175743964065,0.367579908675799,0.981914554216867,0.982114841463415,0.8,25,08,41123546,Gm08_41123546_MG1
Gm08_41048422,41048422,2,MG1,137,79,3,0,-0.127175743964065,0.367579908675799,0.981914554216867,0.982114841463415,0.8,25,08,41123546,Gm08_41123546_MG1
Gm08_41049750,41049750,0,0,168,49,2,0,-0.0282292557741659,0.228310502283105,0.312727840489297,0.309483975702918,0.8,25,08,41123546,NA
Gm08_41049778,41049778,0,0,194,22,3,0,-0.128375061364752,0.107305936073059,0.152889038134557,0.137957735172414,0.8,25,08,41123546,NA
Gm08_41049810,41049810,2,MG1,137,79,3,0,-0.127175743964065,0.367579908675799,0.981914554216867,0.982114841463415,0.8,25,08,41123546,Gm08_41123546_MG1
Gm08_41049865,41049865,0,0,168,49,2,0,-0.0282292557741659,0.228310502283105,0.312727840489297,0.309483975702918,0.8,25,08,41123546,NA
Gm08_41050086,41050086,0,0,168,49,2,0,-0.0282292557741659,0.228310502283105,0.312727840489297,0.309483975702918,0.8,25,08,41123546,NA
Gm08_41050133,41050133,0,0,168,49,2,0,-0.0282292557741659,0.228310502283105,0.312727840489297,0.309483975702918,0.8,25,08,41123546,NA
Gm08_41050230,41050230,0,0,195,22,2,0,-0.124542124542125,0.105022831050228,0.151997779174312,0.136983508859416,0.8,25,08,41123546,NA
Gm08_41050294,41050294,0,0,188,28,3,0,-0.146867838044309,0.134703196347032,0.238567492629969,0.21773167403183,0.8,25,08,41123546,NA
Gm08_41050432,41050432,0,0,168,49,2,0,-0.0282292557741659,0.228310502283105,0.312727840489297,0.309483975702918,0.8,25,08,41123546,NA
Gm08_41050453,41050453,0,0,194,22,3,0,-0.128375061364752,0.107305936073059,0.152889038134557,0.137957735172414,0.8,25,08,41123546,NA
Gm08_41050459,41050459,0,0,168,49,2,0,-0.0282292557741659,0.228310502283105,0.312727840489297,0.309483975702918,0.8,25,08,41123546,NA
Gm08_41050533,41050533,0,0,194,22,3,0,-0.128375061364752,0.107305936073059,0.152889038134557,0.137957735172414,0.8,25,08,41123546,NA
Gm08_41050591,41050591,0,0,168,49,2,0,-0.0282292557741659,0.228310502283105,0.312727840489297,0.309483975702918,0.8,25,08,41123546,NA
Gm08_41050655,41050655,0,0,168,49,2,0,-0.0282292557741659,0.228310502283105,0.312727840489297,0.309483975702918,0.8,25,08,41123546,NA
Gm08_41050713,41050713,0,0,168,49,2,0,-0.0282292557741659,0.228310502283105,0.312727840489297,0.309483975702918,0.8,25,08,41123546,NA
Gm08_41050731,41050731,0,0,194,22,3,0,-0.128375061364752,0.107305936073059,0.152889038134557,0.137957735172414,0.8,25,08,41123546,NA
Gm08_41050766,41050766,0,0,171,45,3,0,-0.0581699346405229,0.212328767123288,0.291149765779816,0.287754711856764,0.8,25,08,41123546,NA
Gm08_41050879,41050879,0,0,171,45,3,0,-0.0581699346405229,0.212328767123288,0.291149765779816,0.287754711856764,0.8,25,08,41123546,NA
Gm08_41050909,41050909,0,0,168,49,2,0,-0.0282292557741659,0.228310502283105,0.312727840489297,0.309483975702918,0.8,25,08,41123546,NA
Gm08_41050944,41050944,0,0,168,48,3,0,-0.0341816367265468,0.226027397260274,0.311351501070336,0.308320263633952,0.8,25,08,41123546,NA
Gm08_41050987,41050987,0,0,168,49,2,0,-0.0282292557741659,0.228310502283105,0.312727840489297,0.309483975702918,0.8,25,08,41123546,NA
Gm08_41050998,41050998,0,0,168,49,2,0,-0.0282292557741659,0.228310502283105,0.312727840489297,0.309483975702918,0.8,25,08,41123546,NA
Gm08_41051015,41051015,0,0,168,49,2,0,-0.0282292557741659,0.228310502283105,0.312727840489297,0.309483975702918,0.8,25,08,41123546,NA
Gm08_41051021,41051021,0,0,168,49,2,0,-0.0282292557741659,0.228310502283105,0.312727840489297,0.309483975702918,0.8,25,08,41123546,NA
Gm08_41051070,41051070,0,0,169,48,2,0,-0.0357142857142857,0.223744292237443,0.300844813547401,0.295253991061008,0.8,25,08,41123546,NA
Gm08_41051076,41051076,0,0,169,48,2,0,-0.0357142857142857,0.223744292237443,0.300844813547401,0.295253991061008,0.8,25,08,41123546,NA
Gm08_41051079,41051079,0,0,187,29,3,0,-0.223644003055768,0.139269406392694,0.146049048126911,0.133249686253316,0.8,25,08,41123546,NA
Gm08_41051081,41051081,0,0,194,22,3,0,-0.128375061364752,0.107305936073059,0.152889038134557,0.137957735172414,0.8,25,08,41123546,NA
Gm08_41051113,41051113,0,0,168,49,2,0,-0.0282292557741659,0.228310502283105,0.312727840489297,0.309483975702918,0.8,25,08,41123546,NA
Gm08_41051198,41051198,4,MG3,163,55,1,0,-0.0865319865319866,0.253424657534247,0.997985843137255,0.999871446808511,0.8,25,08,41123546,Gm08_41123546_MG3
Gm08_41051217,41051217,0,0,168,49,2,0,-0.0282292557741659,0.228310502283105,0.312727840489297,0.309483975702918,0.8,25,08,41123546,NA
Gm08_41051223,41051223,0,0,171,45,3,0,-0.0581699346405229,0.212328767123288,0.291149765779816,0.287754711856764,0.8,25,08,41123546,NA
Gm08_41051436,41051436,4,0,162,56,1,0,-0.0791925465838509,0.257990867579909,0.977608647058824,0.312975741777188,0.8,25,08,41123546,NA
Gm08_41051604,41051604,2,MG1,137,79,3,0,-0.127175743964065,0.367579908675799,0.981914554216867,0.982114841463415,0.8,25,08,41123546,Gm08_41123546_MG1
Gm08_41051727,41051727,4,MG3,163,55,1,0,-0.0865319865319866,0.253424657534247,0.997985843137255,0.999871446808511,0.8,25,08,41123546,Gm08_41123546_MG3
Gm08_41051740,41051740,4,MG3,163,55,1,0,-0.0865319865319866,0.253424657534247,0.997985843137255,0.999871446808511,0.8,25,08,41123546,Gm08_41123546_MG3
Gm08_41051804,41051804,0,0,194,22,3,0,-0.128375061364752,0.107305936073059,0.152889038134557,0.137957735172414,0.8,25,08,41123546,NA
Gm08_41051827,41051827,0,0,193,26,0,0,-0.106113989637306,0.118721461187215,0.145139500978593,0.131037309469496,0.8,25,08,41123546,NA
Gm08_41051882,41051882,4,MG3,163,55,1,0,-0.0865319865319866,0.253424657534247,0.997985843137255,0.999871446808511,0.8,25,08,41123546,Gm08_41123546_MG3
Gm08_41051886,41051886,4,MG3,163,55,1,0,-0.0865319865319866,0.253424657534247,0.997985843137255,0.999871446808511,0.8,25,08,41123546,Gm08_41123546_MG3
Gm08_41051946,41051946,4,MG3,163,55,1,0,-0.0865319865319866,0.253424657534247,0.997985843137255,0.999871446808511,0.8,25,08,41123546,Gm08_41123546_MG3
Gm08_41052027,41052027,4,MG3,163,55,1,0,-0.0865319865319866,0.253424657534247,0.997985843137255,0.999871446808511,0.8,25,08,41123546,Gm08_41123546_MG3
Gm08_41052114,41052114,4,MG3,163,55,1,0,-0.0865319865319866,0.253424657534247,0.997985843137255,0.999871446808511,0.8,25,08,41123546,Gm08_41123546_MG3
Gm08_41052131,41052131,4,MG3,163,55,1,0,-0.0865319865319866,0.253424657534247,0.997985843137255,0.999871446808511,0.8,25,08,41123546,Gm08_41123546_MG3
Gm08_41052161,41052161,4,MG3,163,55,1,0,-0.0865319865319866,0.253424657534247,0.997985843137255,0.999871446808511,0.8,25,08,41123546,Gm08_41123546_MG3
Gm08_41052198,41052198,0,0,188,28,3,0,-0.146867838044309,0.134703196347032,0.238567492629969,0.21773167403183,0.8,25,08,41123546,NA
Gm08_41052223,41052223,4,MG3,163,55,1,0,-0.0865319865319866,0.253424657534247,0.997985843137255,0.999871446808511,0.8,25,08,41123546,Gm08_41123546_MG3
Gm08_41052257,41052257,4,MG3,163,55,1,0,-0.0865319865319866,0.253424657534247,0.997985843137255,0.999871446808511,0.8,25,08,41123546,Gm08_41123546_MG3
Gm08_41052263,41052263,4,MG3,163,55,1,0,-0.0865319865319866,0.253424657534247,0.997985843137255,0.999871446808511,0.8,25,08,41123546,Gm08_41123546_MG3
Gm08_41052313,41052313,4,MG3,163,55,1,0,-0.0865319865319866,0.253424657534247,0.997985843137255,0.999871446808511,0.8,25,08,41123546,Gm08_41123546_MG3
Gm08_41052404,41052404,4,MG3,163,55,1,0,-0.0865319865319866,0.253424657534247,0.997985843137255,0.999871446808511,0.8,25,08,41123546,Gm08_41123546_MG3
Gm08_41052425,41052425,0,0,183,34,2,0,-0.210407239819005,0.159817351598174,0.222444385450765,0.206036013003714,0.8,25,08,41123546,NA
Gm08_41052510,41052510,4,MG3,163,55,1,0,-0.0865319865319866,0.253424657534247,0.997985843137255,0.999871446808511,0.8,25,08,41123546,Gm08_41123546_MG3
Gm08_41052579,41052579,4,MG3,163,55,1,0,-0.0865319865319866,0.253424657534247,0.997985843137255,0.999871446808511,0.8,25,08,41123546,Gm08_41123546_MG3
Gm08_41052640,41052640,0,0,194,22,3,0,-0.128375061364752,0.107305936073059,0.152889038134557,0.137957735172414,0.8,25,08,41123546,NA
Gm08_41052651,41052651,4,MG3,163,55,1,0,-0.0865319865319866,0.253424657534247,0.997985843137255,0.999871446808511,0.8,25,08,41123546,Gm08_41123546_MG3
Gm08_41052723,41052723,4,MG3,163,55,1,0,-0.0865319865319866,0.253424657534247,0.997985843137255,0.999871446808511,0.8,25,08,41123546,Gm08_41123546_MG3
Gm08_41052746,41052746,0,0,166,51,2,0,-0.116577540106952,0.237442922374429,0.290378603944037,0.286635627505836,0.8,25,08,41123546,NA
Gm08_41052859,41052859,0,0,166,51,2,0,-0.116577540106952,0.237442922374429,0.290378603944037,0.286635627505836,0.8,25,08,41123546,NA
Gm08_41052922,41052922,4,MG3,163,55,1,0,-0.0865319865319866,0.253424657534247,0.997985843137255,0.999871446808511,0.8,25,08,41123546,Gm08_41123546_MG3
Gm08_41052998,41052998,4,MG3,163,55,1,0,-0.0865319865319866,0.253424657534247,0.997985843137255,0.999871446808511,0.8,25,08,41123546,Gm08_41123546_MG3
Gm08_41053060,41053060,4,MG3,163,56,0,0,-0.0985449735449736,0.255707762557078,0.992186509803922,0.994086553191489,0.8,25,08,41123546,Gm08_41123546_MG3
Gm08_41053118,41053118,4,MG3,163,55,1,0,-0.0865319865319866,0.253424657534247,0.997985843137255,0.999871446808511,0.8,25,08,41123546,Gm08_41123546_MG3
Gm08_41053199,41053199,0,0,166,51,2,0,-0.116577540106952,0.237442922374429,0.290378603944037,0.286635627505836,0.8,25,08,41123546,NA
Gm08_41053224,41053224,4,0,162,56,1,0,-0.0791925465838509,0.257990867579909,0.977608647058824,0.312975741777188,0.8,25,08,41123546,NA
Gm08_41053246,41053246,4,MG3,163,55,1,0,-0.0865319865319866,0.253424657534247,0.997985843137255,0.999871446808511,0.8,25,08,41123546,Gm08_41123546_MG3
Gm08_41053335,41053335,4,MG3,163,55,1,0,-0.0865319865319866,0.253424657534247,0.997985843137255,0.999871446808511,0.8,25,08,41123546,Gm08_41123546_MG3
Gm08_41053360,41053360,4,MG3,163,55,1,0,-0.0865319865319866,0.253424657534247,0.997985843137255,0.999871446808511,0.8,25,08,41123546,Gm08_41123546_MG3
Gm08_41053393,41053393,0,0,188,28,3,0,-0.146867838044309,0.134703196347032,0.238567492629969,0.21773167403183,0.8,25,08,41123546,NA
Gm08_41053628,41053628,4,MG3,163,55,1,0,-0.0865319865319866,0.253424657534247,0.997985843137255,0.999871446808511,0.8,25,08,41123546,Gm08_41123546_MG3
Gm08_41053706,41053706,4,MG3,163,55,1,0,-0.0865319865319866,0.253424657534247,0.997985843137255,0.999871446808511,0.8,25,08,41123546,Gm08_41123546_MG3
Gm08_41053735,41053735,4,MG3,163,55,1,0,-0.0865319865319866,0.253424657534247,0.997985843137255,0.999871446808511,0.8,25,08,41123546,Gm08_41123546_MG3
Gm08_41053786,41053786,4,MG3,163,55,1,0,-0.0865319865319866,0.253424657534247,0.997985843137255,0.999871446808511,0.8,25,08,41123546,Gm08_41123546_MG3
Gm08_41053836,41053836,4,MG3,163,55,1,0,-0.0865319865319866,0.253424657534247,0.997985843137255,0.999871446808511,0.8,25,08,41123546,Gm08_41123546_MG3
Gm08_41053840,41053840,4,MG3,163,55,1,0,-0.0865319865319866,0.253424657534247,0.997985843137255,0.999871446808511,0.8,25,08,41123546,Gm08_41123546_MG3
Gm08_41053991,41053991,4,0,162,56,1,0,-0.0791925465838509,0.257990867579909,0.977608647058824,0.312975741777188,0.8,25,08,41123546,NA
Gm08_41054049,41054049,4,MG3,163,55,1,0,-0.0865319865319866,0.253424657534247,0.997985843137255,0.999871446808511,0.8,25,08,41123546,Gm08_41123546_MG3
Gm08_41054065,41054065,4,MG3,163,55,1,0,-0.0865319865319866,0.253424657534247,0.997985843137255,0.999871446808511,0.8,25,08,41123546,Gm08_41123546_MG3
Gm08_41054167,41054167,4,MG3,163,55,1,0,-0.0865319865319866,0.253424657534247,0.997985843137255,0.999871446808511,0.8,25,08,41123546,Gm08_41123546_MG3
Gm08_41054208,41054208,4,MG3,163,55,1,0,-0.0865319865319866,0.253424657534247,0.997985843137255,0.999871446808511,0.8,25,08,41123546,Gm08_41123546_MG3
Gm08_41054238,41054238,4,MG3,163,55,1,0,-0.0865319865319866,0.253424657534247,0.997985843137255,0.999871446808511,0.8,25,08,41123546,Gm08_41123546_MG3
Gm08_41054276,41054276,4,0,162,56,1,0,-0.0791925465838509,0.257990867579909,0.977608647058824,0.312975741777188,0.8,25,08,41123546,NA
Gm08_41054306,41054306,0,0,171,45,3,0,-0.0581699346405229,0.212328767123288,0.291149765779816,0.287754711856764,0.8,25,08,41123546,NA
Gm08_41054332,41054332,4,MG3,163,55,1,0,-0.0865319865319866,0.253424657534247,0.997985843137255,0.999871446808511,0.8,25,08,41123546,Gm08_41123546_MG3
Gm08_41054335,41054335,4,MG3,163,55,1,0,-0.0865319865319866,0.253424657534247,0.997985843137255,0.999871446808511,0.8,25,08,41123546,Gm08_41123546_MG3
Gm08_41054347,41054347,2,MG1,137,79,3,0,-0.127175743964065,0.367579908675799,0.981914554216867,0.982114841463415,0.8,25,08,41123546,Gm08_41123546_MG1
Gm08_41054520,41054520,4,MG3,163,55,1,0,-0.0865319865319866,0.253424657534247,0.997985843137255,0.999871446808511,0.8,25,08,41123546,Gm08_41123546_MG3
Gm08_41054562,41054562,4,MG3,163,55,1,0,-0.0865319865319866,0.253424657534247,0.997985843137255,0.999871446808511,0.8,25,08,41123546,Gm08_41123546_MG3
Gm08_41054569,41054569,4,MG3,163,55,1,0,-0.0865319865319866,0.253424657534247,0.997985843137255,0.999871446808511,0.8,25,08,41123546,Gm08_41123546_MG3
Gm08_41054572,41054572,0,0,168,49,2,0,-0.0282292557741659,0.228310502283105,0.312727840489297,0.309483975702918,0.8,25,08,41123546,NA
Gm08_41054580,41054580,4,MG3,163,55,1,0,-0.0865319865319866,0.253424657534247,0.997985843137255,0.999871446808511,0.8,25,08,41123546,Gm08_41123546_MG3
Gm08_41054639,41054639,0,0,194,22,3,0,-0.128375061364752,0.107305936073059,0.152889038134557,0.137957735172414,0.8,25,08,41123546,NA
Gm08_41054728,41054728,4,MG3,163,55,1,0,-0.0865319865319866,0.253424657534247,0.997985843137255,0.999871446808511,0.8,25,08,41123546,Gm08_41123546_MG3
Gm08_41054843,41054843,0,0,194,22,3,0,-0.128375061364752,0.107305936073059,0.152889038134557,0.137957735172414,0.8,25,08,41123546,NA
Gm08_41054849,41054849,0,0,166,51,2,0,-0.116577540106952,0.237442922374429,0.290378603944037,0.286635627505836,0.8,25,08,41123546,NA
Gm08_41054942,41054942,4,MG3,163,55,1,0,-0.0865319865319866,0.253424657534247,0.997985843137255,0.999871446808511,0.8,25,08,41123546,Gm08_41123546_MG3
Gm08_41055046,41055046,0,0,194,22,3,0,-0.128375061364752,0.107305936073059,0.152889038134557,0.137957735172414,0.8,25,08,41123546,NA
Gm08_41055290,41055290,0,0,167,50,2,0,-0.0209638554216868,0.232876712328767,0.315068400244648,0.311349836286472,0.8,25,08,41123546,NA
Gm08_41055391,41055391,4,MG3,163,55,1,0,-0.0865319865319866,0.253424657534247,0.997985843137255,0.999871446808511,0.8,25,08,41123546,Gm08_41123546_MG3
Gm08_41055466,41055466,0,0,195,22,2,0,-0.124542124542125,0.105022831050228,0.151997779174312,0.136983508859416,0.8,25,08,41123546,NA
Gm08_41055498,41055498,4,MG3,163,55,1,0,-0.0865319865319866,0.253424657534247,0.997985843137255,0.999871446808511,0.8,25,08,41123546,Gm08_41123546_MG3
Gm08_41055537,41055537,0,0,166,51,2,0,-0.116577540106952,0.237442922374429,0.290378603944037,0.286635627505836,0.8,25,08,41123546,NA
Gm08_41055680,41055680,0,0,166,51,2,0,-0.116577540106952,0.237442922374429,0.290378603944037,0.286635627505836,0.8,25,08,41123546,NA
Gm08_41056248,41056248,0,0,195,22,2,0,-0.124542124542125,0.105022831050228,0.151997779174312,0.136983508859416,0.8,25,08,41123546,NA
Gm08_41056364,41056364,2,MG1,137,80,2,0,-0.135452277557054,0.36986301369863,0.978210710843374,0.978420256097561,0.8,25,08,41123546,Gm08_41123546_MG1
Gm08_41056406,41056406,0,0,188,28,3,0,-0.146867838044309,0.134703196347032,0.238567492629969,0.21773167403183,0.8,25,08,41123546,NA
Gm08_41056500,41056500,2,MG1,137,79,3,0,-0.127175743964065,0.367579908675799,0.981914554216867,0.982114841463415,0.8,25,08,41123546,Gm08_41123546_MG1
Gm08_41056825,41056825,0,0,188,28,3,0,-0.146867838044309,0.134703196347032,0.238567492629969,0.21773167403183,0.8,25,08,41123546,NA
Gm08_41056832,41056832,0,0,195,22,2,0,-0.124542124542125,0.105022831050228,0.151997779174312,0.136983508859416,0.8,25,08,41123546,NA
Gm08_41057391,41057391,0,0,187,29,3,0,-0.131998516870597,0.139269406392694,0.230862799021407,0.211213510493369,0.8,25,08,41123546,NA
Gm08_41057402,41057402,0,0,188,28,3,0,-0.146867838044309,0.134703196347032,0.238567492629969,0.21773167403183,0.8,25,08,41123546,NA
Gm08_41057426,41057426,2,MG1,137,79,3,0,-0.127175743964065,0.367579908675799,0.981914554216867,0.982114841463415,0.8,25,08,41123546,Gm08_41123546_MG1
Gm08_41057473,41057473,2,MG1,137,79,3,0,-0.127175743964065,0.367579908675799,0.981914554216867,0.982114841463415,0.8,25,08,41123546,Gm08_41123546_MG1
Gm08_41058340,41058340,3,0,153,62,4,0,-0.177756348441016,0.292237442922374,0.9335065,0.293261598093369,0.8,25,08,41123546,NA
Gm08_41058368,41058368,5,MG4,158,56,5,0,-0.209321058688147,0.267123287671233,0.993362576923077,0.99426304,0.8,25,08,41123546,Gm08_41123546_MG4
Gm08_41059378,41059378,0,0,145,69,5,0,-0.103752535496957,0.32648401826484,0.353944036697248,0.332620930503979,0.8,25,08,41123546,NA
Gm08_41059379,41059379,0,0,204,14,1,0,0.0566502463054187,0.0662100456621005,0.277991285027523,0.325927212318302,0.8,25,08,41123546,NA
Gm08_41059387,41059387,0,0,146,67,6,0,-0.100456621004566,0.319634703196347,0.353436818042813,0.332171681432361,0.8,25,08,41123546,NA
Gm08_41059422,41059422,0,0,146,67,6,0,-0.100456621004566,0.319634703196347,0.353436818042813,0.332171681432361,0.8,25,08,41123546,NA
Gm08_41059515,41059515,2,MG1,137,79,3,0,-0.127175743964065,0.367579908675799,0.981914554216867,0.982114841463415,0.8,25,08,41123546,Gm08_41123546_MG1
Gm08_41059532,41059532,2,MG1,137,79,3,0,-0.127175743964065,0.367579908675799,0.981914554216867,0.982114841463415,0.8,25,08,41123546,Gm08_41123546_MG1
Gm08_41060116,41060116,0,0,199,18,2,0,0.111111111111111,0.0867579908675799,0.316615595447951,0.355273915099416,0.8,25,08,41123546,NA
Gm08_41060151,41060151,0,0,164,50,5,0,-0.156047784967646,0.23972602739726,0.313057907436391,0.28510388072069,0.8,25,08,41123546,NA
Gm08_41060161,41060161,0,0,192,24,3,0,-0.0246509598603839,0.116438356164384,0.290629044424791,0.316878833432114,0.8,25,08,41123546,NA
Gm08_41060171,41060171,0,0,199,18,2,0,0.111111111111111,0.0867579908675799,0.316615595447951,0.355273915099416,0.8,25,08,41123546,NA
Gm08_41060200,41060200,0,0,192,24,3,0,-0.0246509598603839,0.116438356164384,0.290629044424791,0.316878833432114,0.8,25,08,41123546,NA
Gm08_41060221,41060221,2,MG1,138,78,3,0,-0.133258046301525,0.363013698630137,0.977316987951807,0.977711024390244,0.8,25,08,41123546,Gm08_41123546_MG1
Gm08_41060287,41060287,0,0,192,24,3,0,-0.0246509598603839,0.116438356164384,0.290629044424791,0.316878833432114,0.8,25,08,41123546,NA
Gm08_41060297,41060297,0,0,199,18,2,0,0.111111111111111,0.0867579908675799,0.316615595447951,0.355273915099416,0.8,25,08,41123546,NA
Gm08_41060359,41060359,6,MG5,198,19,2,0,0.121293080416778,0.091324200913242,0.996592,1,0.8,25,08,41123546,Gm08_41123546_MG5
Gm08_41060372,41060372,6,MG5,198,19,2,0,0.121293080416778,0.091324200913242,0.996592,1,0.8,25,08,41123546,Gm08_41123546_MG5
Gm08_41060414,41060414,0,0,192,24,3,0,-0.0246509598603839,0.116438356164384,0.290629044424791,0.316878833432114,0.8,25,08,41123546,NA
Gm08_41060459,41060459,6,MG5,198,19,2,0,0.121293080416778,0.091324200913242,0.996592,1,0.8,25,08,41123546,Gm08_41123546_MG5
Gm08_41060464,41060464,0,0,164,50,5,0,-0.156047784967646,0.23972602739726,0.313057907436391,0.28510388072069,0.8,25,08,41123546,NA
Gm08_41060494,41060494,0,0,199,18,2,0,0.111111111111111,0.0867579908675799,0.316615595447951,0.355273915099416,0.8,25,08,41123546,NA
Gm08_41060578,41060578,2,MG1,137,79,3,0,-0.127175743964065,0.367579908675799,0.981914554216867,0.982114841463415,0.8,25,08,41123546,Gm08_41123546_MG1
Gm08_41060708,41060708,6,MG5,198,19,2,0,0.121293080416778,0.091324200913242,0.996592,1,0.8,25,08,41123546,Gm08_41123546_MG5
Gm08_41060719,41060719,0,0,196,22,1,0,0.0951048951048952,0.102739726027397,0.310766448167339,0.341679075247798,0.8,25,08,41123546,NA
Gm08_41060775,41060775,0,0,199,18,2,0,0.111111111111111,0.0867579908675799,0.316615595447951,0.355273915099416,0.8,25,08,41123546,NA
Gm08_41060867,41060867,0,0,192,24,3,0,-0.0246509598603839,0.116438356164384,0.290629044424791,0.316878833432114,0.8,25,08,41123546,NA
Gm08_41061104,41061104,0,0,199,18,2,0,0.111111111111111,0.0867579908675799,0.316615595447951,0.355273915099416,0.8,25,08,41123546,NA
Gm08_41061341,41061341,0,0,199,18,2,0,0.111111111111111,0.0867579908675799,0.316615595447951,0.355273915099416,0.8,25,08,41123546,NA
Gm08_41061394,41061394,0,0,164,50,5,0,-0.156047784967646,0.23972602739726,0.313057907436391,0.28510388072069,0.8,25,08,41123546,NA
Gm08_41061530,41061530,0,0,199,18,2,0,0.111111111111111,0.0867579908675799,0.316615595447951,0.355273915099416,0.8,25,08,41123546,NA
Gm08_41061830,41061830,0,0,199,18,2,0,0.111111111111111,0.0867579908675799,0.316615595447951,0.355273915099416,0.8,25,08,41123546,NA
Gm08_41062039,41062039,5,MG4,159,56,4,0,-0.204345340194397,0.264840182648402,0.997983307692308,0.99976096,0.8,25,08,41123546,Gm08_41123546_MG4
Gm08_41062329,41062329,5,MG4,159,56,4,0,-0.204345340194397,0.264840182648402,0.997983307692308,0.99976096,0.8,25,08,41123546,Gm08_41123546_MG4
Gm08_41062415,41062415,5,MG4,159,56,4,0,-0.204345340194397,0.264840182648402,0.997983307692308,0.99976096,0.8,25,08,41123546,Gm08_41123546_MG4
Gm08_41062429,41062429,2,MG1,138,78,3,0,-0.133258046301525,0.363013698630137,0.977316987951807,0.977711024390244,0.8,25,08,41123546,Gm08_41123546_MG1
Gm08_41062595,41062595,0,0,164,50,5,0,-0.156047784967646,0.23972602739726,0.313057907436391,0.28510388072069,0.8,25,08,41123546,NA
Gm08_41062597,41062597,6,MG5,198,19,2,0,0.121293080416778,0.091324200913242,0.996592,1,0.8,25,08,41123546,Gm08_41123546_MG5
Gm08_41062674,41062674,2,MG1,138,77,4,0,-0.124713958810069,0.360730593607306,0.975832084337349,0.976273634146341,0.8,25,08,41123546,Gm08_41123546_MG1
Gm08_41062727,41062727,0,0,164,50,5,0,-0.156047784967646,0.23972602739726,0.313057907436391,0.28510388072069,0.8,25,08,41123546,NA
Gm08_41062737,41062737,0,0,199,18,2,0,0.111111111111111,0.0867579908675799,0.316615595447951,0.355273915099416,0.8,25,08,41123546,NA
Gm08_41062818,41062818,0,0,164,50,5,0,-0.156047784967646,0.23972602739726,0.313057907436391,0.28510388072069,0.8,25,08,41123546,NA
Gm08_41062896,41062896,0,0,164,50,5,0,-0.156047784967646,0.23972602739726,0.313057907436391,0.28510388072069,0.8,25,08,41123546,NA
Gm08_41063016,41063016,5,MG4,159,56,4,0,-0.204345340194397,0.264840182648402,0.997983307692308,0.99976096,0.8,25,08,41123546,Gm08_41123546_MG4
Gm08_41063320,41063320,6,MG5,198,19,2,0,0.121293080416778,0.091324200913242,0.996592,1,0.8,25,08,41123546,Gm08_41123546_MG5
Gm08_41063344,41063344,6,MG5,198,19,2,0,0.121293080416778,0.091324200913242,0.996592,1,0.8,25,08,41123546,Gm08_41123546_MG5
Gm08_41063682,41063682,5,MG4,159,56,4,0,-0.204345340194397,0.264840182648402,0.997983307692308,0.99976096,0.8,25,08,41123546,Gm08_41123546_MG4
Gm08_41063701,41063701,5,MG4,159,56,4,0,-0.204345340194397,0.264840182648402,0.997983307692308,0.99976096,0.8,25,08,41123546,Gm08_41123546_MG4
Gm08_41063843,41063843,6,MG5,198,19,2,0,0.121293080416778,0.091324200913242,0.996592,1,0.8,25,08,41123546,Gm08_41123546_MG5
Gm08_41064236,41064236,5,MG4,159,56,4,0,-0.204345340194397,0.264840182648402,0.997983307692308,0.99976096,0.8,25,08,41123546,Gm08_41123546_MG4
Gm08_41064394,41064394,0,0,164,50,5,0,-0.156047784967646,0.23972602739726,0.313057907436391,0.28510388072069,0.8,25,08,41123546,NA
Gm08_41064470,41064470,2,MG1,138,77,4,0,-0.124713958810069,0.360730593607306,0.975832084337349,0.976273634146341,0.8,25,08,41123546,Gm08_41123546_MG1
Gm08_41065016,41065016,5,MG4,159,56,4,0,-0.204345340194397,0.264840182648402,0.997983307692308,0.99976096,0.8,25,08,41123546,Gm08_41123546_MG4
Gm08_41065219,41065219,0,0,199,18,2,0,0.111111111111111,0.0867579908675799,0.316615595447951,0.355273915099416,0.8,25,08,41123546,NA
Gm08_41065363,41065363,5,MG4,159,56,4,0,-0.204345340194397,0.264840182648402,0.997983307692308,0.99976096,0.8,25,08,41123546,Gm08_41123546_MG4
Gm08_41065456,41065456,2,MG1,138,77,4,0,-0.124713958810069,0.360730593607306,0.975832084337349,0.976273634146341,0.8,25,08,41123546,Gm08_41123546_MG1
Gm08_41065490,41065490,5,MG4,159,56,4,0,-0.204345340194397,0.264840182648402,0.997983307692308,0.99976096,0.8,25,08,41123546,Gm08_41123546_MG4
Gm08_41065536,41065536,0,0,199,18,2,0,0.111111111111111,0.0867579908675799,0.316615595447951,0.355273915099416,0.8,25,08,41123546,NA
Gm08_41065604,41065604,5,MG4,159,56,4,0,-0.204345340194397,0.264840182648402,0.997983307692308,0.99976096,0.8,25,08,41123546,Gm08_41123546_MG4
Gm08_41065892,41065892,2,MG1,138,78,3,0,-0.133258046301525,0.363013698630137,0.977316987951807,0.977711024390244,0.8,25,08,41123546,Gm08_41123546_MG1
Gm08_41065902,41065902,2,MG1,138,78,3,0,-0.133258046301525,0.363013698630137,0.977316987951807,0.977711024390244,0.8,25,08,41123546,Gm08_41123546_MG1
Gm08_41066080,41066080,2,MG1,138,78,3,0,-0.133258046301525,0.363013698630137,0.977316987951807,0.977711024390244,0.8,25,08,41123546,Gm08_41123546_MG1
Gm08_41066125,41066125,2,MG1,138,78,3,0,-0.133258046301525,0.363013698630137,0.977316987951807,0.977711024390244,0.8,25,08,41123546,Gm08_41123546_MG1
Gm08_41066146,41066146,5,MG4,159,56,4,0,-0.204345340194397,0.264840182648402,0.997983307692308,0.99976096,0.8,25,08,41123546,Gm08_41123546_MG4
Gm08_41066792,41066792,2,MG1,138,78,3,0,-0.133258046301525,0.363013698630137,0.977316987951807,0.977711024390244,0.8,25,08,41123546,Gm08_41123546_MG1
Gm08_41066954,41066954,5,MG4,159,56,4,0,-0.204345340194397,0.264840182648402,0.997983307692308,0.99976096,0.8,25,08,41123546,Gm08_41123546_MG4
Gm08_41066982,41066982,2,MG1,137,79,3,0,-0.127175743964065,0.367579908675799,0.981914554216867,0.982114841463415,0.8,25,08,41123546,Gm08_41123546_MG1
Gm08_41066996,41066996,2,MG1,138,78,3,0,-0.133258046301525,0.363013698630137,0.977316987951807,0.977711024390244,0.8,25,08,41123546,Gm08_41123546_MG1
Gm08_41067034,41067034,2,MG1,137,79,3,0,-0.127175743964065,0.367579908675799,0.981914554216867,0.982114841463415,0.8,25,08,41123546,Gm08_41123546_MG1
Gm08_41067371,41067371,2,MG1,138,78,3,0,-0.133258046301525,0.363013698630137,0.977316987951807,0.977711024390244,0.8,25,08,41123546,Gm08_41123546_MG1
Gm08_41067506,41067506,2,MG1,138,78,3,0,-0.133258046301525,0.363013698630137,0.977316987951807,0.977711024390244,0.8,25,08,41123546,Gm08_41123546_MG1
Gm08_41067521,41067521,2,MG1,138,78,3,0,-0.133258046301525,0.363013698630137,0.977316987951807,0.977711024390244,0.8,25,08,41123546,Gm08_41123546_MG1
Gm08_41067683,41067683,5,MG4,159,56,4,0,-0.204345340194397,0.264840182648402,0.997983307692308,0.99976096,0.8,25,08,41123546,Gm08_41123546_MG4
Gm08_41068579,41068579,0,0,199,18,2,0,0.111111111111111,0.0867579908675799,0.316615595447951,0.355273915099416,0.8,25,08,41123546,NA
Gm08_41068607,41068607,5,MG4,159,56,4,0,-0.204345340194397,0.264840182648402,0.997983307692308,0.99976096,0.8,25,08,41123546,Gm08_41123546_MG4
Gm08_41069074,41069074,2,MG1,138,78,3,0,-0.133258046301525,0.363013698630137,0.977316987951807,0.977711024390244,0.8,25,08,41123546,Gm08_41123546_MG1
Gm08_41069707,41069707,2,MG1,138,78,3,0,-0.133258046301525,0.363013698630137,0.977316987951807,0.977711024390244,0.8,25,08,41123546,Gm08_41123546_MG1
Gm08_41069808,41069808,6,MG5,198,19,2,0,0.121293080416778,0.091324200913242,0.996592,1,0.8,25,08,41123546,Gm08_41123546_MG5
Gm08_41069867,41069867,0,0,199,18,2,0,0.111111111111111,0.0867579908675799,0.316615595447951,0.355273915099416,0.8,25,08,41123546,NA
Gm08_41070095,41070095,2,MG1,138,78,3,0,-0.133258046301525,0.363013698630137,0.977316987951807,0.977711024390244,0.8,25,08,41123546,Gm08_41123546_MG1
Gm08_41070297,41070297,2,MG1,138,78,3,0,-0.133258046301525,0.363013698630137,0.977316987951807,0.977711024390244,0.8,25,08,41123546,Gm08_41123546_MG1
Gm08_41070873,41070873,5,MG4,159,56,4,0,-0.204345340194397,0.264840182648402,0.997983307692308,0.99976096,0.8,25,08,41123546,Gm08_41123546_MG4
Gm08_41071110,41071110,6,MG5,198,19,2,0,0.121293080416778,0.091324200913242,0.996592,1,0.8,25,08,41123546,Gm08_41123546_MG5
Gm08_41071168,41071168,6,MG5,198,19,2,0,0.121293080416778,0.091324200913242,0.996592,1,0.8,25,08,41123546,Gm08_41123546_MG5
Gm08_41071505,41071505,6,MG5,198,19,2,0,0.121293080416778,0.091324200913242,0.996592,1,0.8,25,08,41123546,Gm08_41123546_MG5
Gm08_41071671,41071671,6,MG5,198,19,2,0,0.121293080416778,0.091324200913242,0.996592,1,0.8,25,08,41123546,Gm08_41123546_MG5
Gm08_41071878,41071878,2,MG1,138,78,3,0,-0.133258046301525,0.363013698630137,0.977316987951807,0.977711024390244,0.8,25,08,41123546,Gm08_41123546_MG1
Gm08_41071909,41071909,0,0,164,50,5,0,-0.156047784967646,0.23972602739726,0.313057907436391,0.28510388072069,0.8,25,08,41123546,NA
Gm08_41071920,41071920,6,MG5,198,19,2,0,0.121293080416778,0.091324200913242,0.996592,1,0.8,25,08,41123546,Gm08_41123546_MG5
Gm08_41071952,41071952,0,0,164,50,5,0,-0.156047784967646,0.23972602739726,0.313057907436391,0.28510388072069,0.8,25,08,41123546,NA
Gm08_41072007,41072007,6,MG5,198,19,2,0,0.121293080416778,0.091324200913242,0.996592,1,0.8,25,08,41123546,Gm08_41123546_MG5
Gm08_41072126,41072126,6,MG5,198,19,2,0,0.121293080416778,0.091324200913242,0.996592,1,0.8,25,08,41123546,Gm08_41123546_MG5
Gm08_41072187,41072187,0,0,196,22,1,0,0.0951048951048952,0.102739726027397,0.310766448167339,0.341679075247798,0.8,25,08,41123546,NA
Gm08_41072224,41072224,2,MG1,137,79,3,0,-0.127175743964065,0.367579908675799,0.981914554216867,0.982114841463415,0.8,25,08,41123546,Gm08_41123546_MG1
Gm08_41072295,41072295,5,MG4,159,56,4,0,-0.204345340194397,0.264840182648402,0.997983307692308,0.99976096,0.8,25,08,41123546,Gm08_41123546_MG4
Gm08_41072302,41072302,5,MG4,159,56,4,0,-0.204345340194397,0.264840182648402,0.997983307692308,0.99976096,0.8,25,08,41123546,Gm08_41123546_MG4
Gm08_41072340,41072340,6,MG5,198,19,2,0,0.121293080416778,0.091324200913242,0.996592,1,0.8,25,08,41123546,Gm08_41123546_MG5
Gm08_41072419,41072419,5,MG4,159,56,4,0,-0.204345340194397,0.264840182648402,0.997983307692308,0.99976096,0.8,25,08,41123546,Gm08_41123546_MG4
Gm08_41072788,41072788,5,MG4,159,56,4,0,-0.204345340194397,0.264840182648402,0.997983307692308,0.99976096,0.8,25,08,41123546,Gm08_41123546_MG4
Gm08_41072989,41072989,6,MG5,198,19,2,0,0.121293080416778,0.091324200913242,0.996592,1,0.8,25,08,41123546,Gm08_41123546_MG5
Gm08_41073010,41073010,6,MG5,198,19,2,0,0.121293080416778,0.091324200913242,0.996592,1,0.8,25,08,41123546,Gm08_41123546_MG5
Gm08_41073100,41073100,2,MG1,137,79,3,0,-0.127175743964065,0.367579908675799,0.981914554216867,0.982114841463415,0.8,25,08,41123546,Gm08_41123546_MG1
Gm08_41073127,41073127,6,MG5,198,19,2,0,0.121293080416778,0.091324200913242,0.996592,1,0.8,25,08,41123546,Gm08_41123546_MG5
Gm08_41073543,41073543,2,MG1,137,79,3,0,-0.127175743964065,0.367579908675799,0.981914554216867,0.982114841463415,0.8,25,08,41123546,Gm08_41123546_MG1
Gm08_41074917,41074917,5,MG4,159,56,4,0,-0.204345340194397,0.264840182648402,0.997983307692308,0.99976096,0.8,25,08,41123546,Gm08_41123546_MG4
Gm08_41075567,41075567,5,MG4,159,56,4,0,-0.204345340194397,0.264840182648402,0.997983307692308,0.99976096,0.8,25,08,41123546,Gm08_41123546_MG4
Gm08_41076783,41076783,0,0,169,45,5,0,-0.121032813340506,0.21689497716895,0.30826017706422,0.279873505835544,0.8,25,08,41123546,NA
Gm08_41076797,41076797,2,MG1,139,77,3,0,-0.119083680424082,0.358447488584475,0.964559301204819,0.965044,0.8,25,08,41123546,Gm08_41123546_MG1
Gm08_41077998,41077998,2,MG1,137,79,3,0,-0.127175743964065,0.367579908675799,0.981914554216867,0.982114841463415,0.8,25,08,41123546,Gm08_41123546_MG1
Gm08_41078360,41078360,0,0,144,71,4,0,-0.0712301587301587,0.333333333333333,0.37725263088685,0.356004357824934,0.8,25,08,41123546,NA
Gm08_41078617,41078617,6,MG5,198,19,2,0,0.121293080416778,0.091324200913242,0.996592,1,0.8,25,08,41123546,Gm08_41123546_MG5
Gm08_41078645,41078645,6,MG5,198,19,2,0,0.121293080416778,0.091324200913242,0.996592,1,0.8,25,08,41123546,Gm08_41123546_MG5
Gm08_41079591,41079591,6,MG5,198,19,2,0,0.121293080416778,0.091324200913242,0.996592,1,0.8,25,08,41123546,Gm08_41123546_MG5
Gm08_41079610,41079610,2,MG1,139,77,3,0,-0.119083680424082,0.358447488584475,0.964559301204819,0.965044,0.8,25,08,41123546,Gm08_41123546_MG1
Gm08_41079645,41079645,2,MG1,139,77,3,0,-0.119083680424082,0.358447488584475,0.964559301204819,0.965044,0.8,25,08,41123546,Gm08_41123546_MG1
Gm08_41079716,41079716,0,0,163,52,4,0,-0.165162997714423,0.246575342465753,0.302226127809388,0.277033439399125,0.8,25,08,41123546,NA
Gm08_41079763,41079763,2,MG1,139,77,3,0,-0.119083680424082,0.358447488584475,0.964559301204819,0.965044,0.8,25,08,41123546,Gm08_41123546_MG1
Gm08_41079765,41079765,6,MG5,198,19,2,0,0.121293080416778,0.091324200913242,0.996592,1,0.8,25,08,41123546,Gm08_41123546_MG5
Gm08_41079782,41079782,6,MG5,198,19,2,0,0.121293080416778,0.091324200913242,0.996592,1,0.8,25,08,41123546,Gm08_41123546_MG5
Gm08_41079855,41079855,2,MG1,139,77,3,0,-0.119083680424082,0.358447488584475,0.964559301204819,0.965044,0.8,25,08,41123546,Gm08_41123546_MG1
Gm08_41079892,41079892,0,0,163,52,4,0,-0.165162997714423,0.246575342465753,0.302226127809388,0.277033439399125,0.8,25,08,41123546,NA
Gm08_41079912,41079912,0,0,169,45,5,0,-0.121032813340506,0.21689497716895,0.30826017706422,0.279873505835544,0.8,25,08,41123546,NA
Gm08_41080176,41080176,1,MG8,206,13,0,0,0.0375234521575986,0.0593607305936073,0.996255034722222,1,0.8,25,08,41123546,Gm08_41123546_MG8
Gm08_41080178,41080178,6,MG5,198,19,2,0,0.121293080416778,0.091324200913242,0.996592,1,0.8,25,08,41123546,Gm08_41123546_MG5
Gm08_41080249,41080249,0,0,169,45,5,0,-0.121032813340506,0.21689497716895,0.30826017706422,0.279873505835544,0.8,25,08,41123546,NA
Gm08_41080287,41080287,5,0,157,58,4,0,-0.2108615487764,0.273972602739726,0.955994576923077,0.281456589432149,0.8,25,08,41123546,NA
Gm08_41080506,41080506,0,0,164,51,4,0,-0.174390243902439,0.242009132420091,0.301289831091743,0.27611440898939,0.8,25,08,41123546,NA
Gm08_41080589,41080589,6,MG5,198,19,2,0,0.121293080416778,0.091324200913242,0.996592,1,0.8,25,08,41123546,Gm08_41123546_MG5
Gm08_41080714,41080714,2,MG1,139,77,3,0,-0.119083680424082,0.358447488584475,0.964559301204819,0.965044,0.8,25,08,41123546,Gm08_41123546_MG1
Gm08_41080751,41080751,6,MG5,198,19,2,0,0.121293080416778,0.091324200913242,0.996592,1,0.8,25,08,41123546,Gm08_41123546_MG5
Gm08_41080878,41080878,2,MG1,139,77,3,0,-0.119083680424082,0.358447488584475,0.964559301204819,0.965044,0.8,25,08,41123546,Gm08_41123546_MG1
Gm08_41080884,41080884,6,MG5,198,19,2,0,0.121293080416778,0.091324200913242,0.996592,1,0.8,25,08,41123546,Gm08_41123546_MG5
Gm08_41080887,41080887,6,MG5,198,19,2,0,0.121293080416778,0.091324200913242,0.996592,1,0.8,25,08,41123546,Gm08_41123546_MG5
Gm08_41080924,41080924,5,MG4,159,56,4,0,-0.204345340194397,0.264840182648402,0.997983307692308,0.99976096,0.8,25,08,41123546,Gm08_41123546_MG4
Gm08_41080989,41080989,6,MG5,198,19,2,0,0.121293080416778,0.091324200913242,0.996592,1,0.8,25,08,41123546,Gm08_41123546_MG5
Gm08_41081124,41081124,0,0,164,51,4,0,-0.174390243902439,0.242009132420091,0.301289831091743,0.27611440898939,0.8,25,08,41123546,NA
Gm08_41081172,41081172,2,MG1,137,79,3,0,-0.127175743964065,0.367579908675799,0.981914554216867,0.982114841463415,0.8,25,08,41123546,Gm08_41123546_MG1
Gm08_41081186,41081186,6,MG5,198,19,2,0,0.121293080416778,0.091324200913242,0.996592,1,0.8,25,08,41123546,Gm08_41123546_MG5
Gm08_41081203,41081203,0,0,164,51,4,0,-0.174390243902439,0.242009132420091,0.301289831091743,0.27611440898939,0.8,25,08,41123546,NA
Gm08_41081206,41081206,0,0,164,51,4,0,-0.174390243902439,0.242009132420091,0.301289831091743,0.27611440898939,0.8,25,08,41123546,NA
Gm08_41081282,41081282,6,MG5,198,19,2,0,0.121293080416778,0.091324200913242,0.996592,1,0.8,25,08,41123546,Gm08_41123546_MG5
Gm08_41081290,41081290,6,MG5,198,19,2,0,0.121293080416778,0.091324200913242,0.996592,1,0.8,25,08,41123546,Gm08_41123546_MG5
Gm08_41081304,41081304,6,MG5,198,19,2,0,0.121293080416778,0.091324200913242,0.996592,1,0.8,25,08,41123546,Gm08_41123546_MG5
Gm08_41081305,41081305,6,MG5,198,19,2,0,0.121293080416778,0.091324200913242,0.996592,1,0.8,25,08,41123546,Gm08_41123546_MG5
Gm08_41081327,41081327,6,MG5,198,19,2,0,0.121293080416778,0.091324200913242,0.996592,1,0.8,25,08,41123546,Gm08_41123546_MG5
Gm08_41081331,41081331,6,MG5,198,19,2,0,0.121293080416778,0.091324200913242,0.996592,1,0.8,25,08,41123546,Gm08_41123546_MG5
Gm08_41081360,41081360,6,MG5,198,19,2,0,0.121293080416778,0.091324200913242,0.996592,1,0.8,25,08,41123546,Gm08_41123546_MG5
Gm08_41081367,41081367,2,MG1,139,77,3,0,-0.119083680424082,0.358447488584475,0.964559301204819,0.965044,0.8,25,08,41123546,Gm08_41123546_MG1
Gm08_41081412,41081412,2,MG1,139,77,3,0,-0.119083680424082,0.358447488584475,0.964559301204819,0.965044,0.8,25,08,41123546,Gm08_41123546_MG1
Gm08_41081422,41081422,6,0,199,19,1,0,0.119883040935672,0.089041095890411,0.98864,0.356632173242175,0.8,25,08,41123546,NA
Gm08_41081434,41081434,2,MG1,139,77,3,0,-0.119083680424082,0.358447488584475,0.964559301204819,0.965044,0.8,25,08,41123546,Gm08_41123546_MG1
Gm08_41081455,41081455,6,0,199,19,1,0,0.119883040935672,0.089041095890411,0.98864,0.356632173242175,0.8,25,08,41123546,NA
Gm08_41081458,41081458,6,0,199,19,1,0,0.119883040935672,0.089041095890411,0.98864,0.356632173242175,0.8,25,08,41123546,NA
Gm08_41081494,41081494,2,MG1,139,77,3,0,-0.119083680424082,0.358447488584475,0.964559301204819,0.965044,0.8,25,08,41123546,Gm08_41123546_MG1
Gm08_41081497,41081497,6,0,199,19,1,0,0.119883040935672,0.089041095890411,0.98864,0.356632173242175,0.8,25,08,41123546,NA
Gm08_41081542,41081542,6,0,199,19,1,0,0.119883040935672,0.089041095890411,0.98864,0.356632173242175,0.8,25,08,41123546,NA
Gm08_41081569,41081569,5,MG4,159,56,4,0,-0.204345340194397,0.264840182648402,0.997983307692308,0.99976096,0.8,25,08,41123546,Gm08_41123546_MG4
Gm08_41081633,41081633,6,MG5,198,19,2,0,0.121293080416778,0.091324200913242,0.996592,1,0.8,25,08,41123546,Gm08_41123546_MG5
Gm08_41081776,41081776,2,MG1,139,77,3,0,-0.119083680424082,0.358447488584475,0.964559301204819,0.965044,0.8,25,08,41123546,Gm08_41123546_MG1
Gm08_41081887,41081887,6,0,199,19,1,0,0.119883040935672,0.089041095890411,0.98864,0.356632173242175,0.8,25,08,41123546,NA
Gm08_41082006,41082006,0,0,164,51,4,0,-0.174390243902439,0.242009132420091,0.301289831091743,0.27611440898939,0.8,25,08,41123546,NA
Gm08_41082473,41082473,0,0,170,44,5,0,-0.130916552667579,0.212328767123288,0.308072432415902,0.279265820424403,0.8,25,08,41123546,NA
Gm08_41082616,41082616,0,0,165,50,4,0,-0.183920841063698,0.237442922374429,0.300982549138226,0.275370006483289,0.8,25,08,41123546,NA
Gm08_41082756,41082756,0,0,165,50,4,0,-0.183920841063698,0.237442922374429,0.300982549138226,0.275370006483289,0.8,25,08,41123546,NA
Gm08_41082807,41082807,0,0,165,50,4,0,-0.183920841063698,0.237442922374429,0.300982549138226,0.275370006483289,0.8,25,08,41123546,NA
Gm08_41082947,41082947,6,0,199,19,1,0,0.119883040935672,0.089041095890411,0.98864,0.356632173242175,0.8,25,08,41123546,NA
Gm08_41083050,41083050,2,MG1,139,77,3,0,-0.119083680424082,0.358447488584475,0.964559301204819,0.965044,0.8,25,08,41123546,Gm08_41123546_MG1
Gm08_41083115,41083115,0,0,165,50,4,0,-0.183920841063698,0.237442922374429,0.300982549138226,0.275370006483289,0.8,25,08,41123546,NA
Gm08_41083251,41083251,0,0,165,50,4,0,-0.183920841063698,0.237442922374429,0.300982549138226,0.275370006483289,0.8,25,08,41123546,NA
Gm08_41083340,41083340,2,MG1,137,79,3,0,-0.127175743964065,0.367579908675799,0.981914554216867,0.982114841463415,0.8,25,08,41123546,Gm08_41123546_MG1
Gm08_41083433,41083433,0,0,165,50,4,0,-0.183920841063698,0.237442922374429,0.300982549138226,0.275370006483289,0.8,25,08,41123546,NA
Gm08_41084319,41084319,6,0,199,19,1,0,0.119883040935672,0.089041095890411,0.98864,0.356632173242175,0.8,25,08,41123546,NA
Gm08_41084669,41084669,0,0,170,44,5,0,-0.130916552667579,0.212328767123288,0.308072432415902,0.279265820424403,0.8,25,08,41123546,NA
Gm08_41084926,41084926,6,0,199,19,1,0,0.119883040935672,0.089041095890411,0.98864,0.356632173242175,0.8,25,08,41123546,NA
Gm08_41084973,41084973,6,0,199,19,1,0,0.119883040935672,0.089041095890411,0.98864,0.356632173242175,0.8,25,08,41123546,NA
Gm08_41084984,41084984,6,0,199,19,1,0,0.119883040935672,0.089041095890411,0.98864,0.356632173242175,0.8,25,08,41123546,NA
Gm08_41085312,41085312,6,0,199,19,1,0,0.119883040935672,0.089041095890411,0.98864,0.356632173242175,0.8,25,08,41123546,NA
Gm08_41085436,41085436,0,0,197,21,1,0,0.0850340136054422,0.0981735159817352,0.31659985098737,0.346824856190637,0.8,25,08,41123546,NA
Gm08_41085495,41085495,2,MG1,137,79,3,0,-0.127175743964065,0.367579908675799,0.981914554216867,0.982114841463415,0.8,25,08,41123546,Gm08_41123546_MG1
Gm08_41085886,41085886,7,MG6,196,21,2,0,-0.076923076923077,0.100456621004566,0.955316794871795,0.953598459459459,0.8,25,08,41123546,Gm08_41123546_MG6
Gm08_41086013,41086013,0,0,192,26,1,0,-0.00221506242448655,0.121004566210046,0.328769313571865,0.34314765601565,0.8,25,08,41123546,NA
Gm08_41086377,41086377,0,0,191,26,2,0,-0.00080971659919038,0.123287671232877,0.32976794753211,0.344879730458886,0.8,25,08,41123546,NA
Gm08_41086462,41086462,0,0,172,42,5,0,-0.151871809415769,0.203196347031963,0.291413743425076,0.263991292572944,0.8,25,08,41123546,NA
Gm08_41086584,41086584,0,0,192,25,2,0,0.0270157068062827,0.118721461187215,0.33284625753211,0.34839967167252,0.8,25,08,41123546,NA
Gm08_41086696,41086696,0,0,186,31,2,0,-0.100784655623365,0.146118721461187,0.314909788614067,0.323408385880106,0.8,25,08,41123546,NA
Gm08_41092813,41092813,0,0,186,31,2,0,-0.100784655623365,0.146118721461187,0.314909788614067,0.323408385880106,0.8,25,08,41123546,NA
Gm08_41092821,41092821,0,0,192,26,1,0,-0.00221506242448655,0.121004566210046,0.328769313571865,0.34314765601565,0.8,25,08,41123546,NA
Gm08_41092991,41092991,0,0,186,31,2,0,-0.100784655623365,0.146118721461187,0.314909788614067,0.323408385880106,0.8,25,08,41123546,NA
Gm08_41093047,41093047,0,0,186,31,2,0,-0.100784655623365,0.146118721461187,0.314909788614067,0.323408385880106,0.8,25,08,41123546,NA
Gm08_41093082,41093082,0,0,186,31,2,0,-0.100784655623365,0.146118721461187,0.314909788614067,0.323408385880106,0.8,25,08,41123546,NA
Gm08_41093356,41093356,2,MG1,136,81,2,0,-0.129411764705882,0.374429223744292,0.962270192771084,0.962515658536585,0.8,25,08,41123546,Gm08_41123546_MG1
Gm08_41093459,41093459,0,0,193,25,1,0,0.0308333333333334,0.116438356164384,0.329543263385015,0.345942195819363,0.8,25,08,41123546,NA
Gm08_41093865,41093865,0,0,193,25,1,0,0.0308333333333334,0.116438356164384,0.329543263385015,0.345942195819363,0.8,25,08,41123546,NA
Gm08_41093934,41093934,0,0,192,25,2,0,0.0270157068062827,0.118721461187215,0.33284625753211,0.34839967167252,0.8,25,08,41123546,NA
Gm08_41093952,41093952,0,0,192,25,2,0,0.0270157068062827,0.118721461187215,0.33284625753211,0.34839967167252,0.8,25,08,41123546,NA
Gm08_41094531,41094531,0,0,192,25,2,0,0.0270157068062827,0.118721461187215,0.33284625753211,0.34839967167252,0.8,25,08,41123546,NA
Gm08_41094747,41094747,0,0,142,73,4,0,-0.0938967136150235,0.342465753424658,0.383262591131498,0.360857470822281,0.8,25,08,41123546,NA
Gm08_41094777,41094777,0,0,142,73,4,0,-0.0938967136150235,0.342465753424658,0.383262591131498,0.360857470822281,0.8,25,08,41123546,NA
Gm08_41094816,41094816,0,0,193,25,1,0,-0.014375,0.116438356164384,0.322036650100917,0.336605799822281,0.8,25,08,41123546,NA
Gm08_41095283,41095283,2,MG1,136,81,2,0,-0.129411764705882,0.374429223744292,0.962270192771084,0.962515658536585,0.8,25,08,41123546,Gm08_41123546_MG1
Gm08_41095433,41095433,0,0,194,24,1,0,0.0194300518134715,0.111872146118721,0.323157997509786,0.339785812712202,0.8,25,08,41123546,NA
Gm08_41095437,41095437,0,0,194,24,1,0,0.0194300518134715,0.111872146118721,0.323157997509786,0.339785812712202,0.8,25,08,41123546,NA
Gm08_41095505,41095505,0,0,141,74,4,0,-0.0876323715146216,0.34703196347032,0.382710683792049,0.359761245623342,0.8,25,08,41123546,NA
Gm08_41095537,41095537,0,0,141,75,3,0,-0.0831895725512747,0.349315068493151,0.380394379204893,0.358041378779841,0.8,25,08,41123546,NA
Gm08_41095563,41095563,0,0,194,24,1,0,0.0194300518134715,0.111872146118721,0.323157997509786,0.339785812712202,0.8,25,08,41123546,NA
Gm08_41095671,41095671,2,MG1,136,81,2,0,-0.129411764705882,0.374429223744292,0.962270192771084,0.962515658536585,0.8,25,08,41123546,Gm08_41123546_MG1
Gm08_41095723,41095723,2,MG1,136,81,2,0,-0.129411764705882,0.374429223744292,0.962270192771084,0.962515658536585,0.8,25,08,41123546,Gm08_41123546_MG1
Gm08_41095868,41095868,0,0,194,24,1,0,0.0194300518134715,0.111872146118721,0.323157997509786,0.339785812712202,0.8,25,08,41123546,NA
Gm08_41095885,41095885,2,MG1,136,81,2,0,-0.129411764705882,0.374429223744292,0.962270192771084,0.962515658536585,0.8,25,08,41123546,Gm08_41123546_MG1
Gm08_41096044,41096044,0,0,205,14,0,0,0.0553221288515406,0.0639269406392694,0.278122310351682,0.324975554692308,0.8,25,08,41123546,NA
Gm08_41096113,41096113,0,0,157,59,3,0,-0.102789369646387,0.276255707762557,0.319104740722563,0.291091923120101,0.8,25,08,41123546,NA
Gm08_41096139,41096139,0,0,157,59,3,0,-0.102789369646387,0.276255707762557,0.319104740722563,0.291091923120101,0.8,25,08,41123546,NA
Gm08_41096154,41096154,0,0,157,59,3,0,-0.102789369646387,0.276255707762557,0.319104740722563,0.291091923120101,0.8,25,08,41123546,NA
Gm08_41096316,41096316,2,MG1,136,81,2,0,-0.129411764705882,0.374429223744292,0.962270192771084,0.962515658536585,0.8,25,08,41123546,Gm08_41123546_MG1
Gm08_41096382,41096382,0,0,158,58,3,0,-0.110370863868532,0.271689497716895,0.318852805166667,0.290443054614058,0.8,25,08,41123546,NA
Gm08_41096428,41096428,2,MG1,136,81,2,0,-0.129411764705882,0.374429223744292,0.962270192771084,0.962515658536585,0.8,25,08,41123546,Gm08_41123546_MG1
Gm08_41099488,41099488,0,0,205,14,0,0,0.0553221288515406,0.0639269406392694,0.278122310351682,0.324975554692308,0.8,25,08,41123546,NA
Gm08_41099686,41099686,7,MG6,198,20,1,0,-0.0911167512690355,0.0936073059360731,0.974872666666667,0.979108756756757,0.8,25,08,41123546,Gm08_41123546_MG6
Gm08_41099792,41099792,1,MG8,206,13,0,0,0.0375234521575986,0.0593607305936073,0.996255034722222,1,0.8,25,08,41123546,Gm08_41123546_MG8
Gm08_41100417,41100417,0,0,154,63,2,0,-0.188940092165899,0.292237442922374,0.304371931288379,0.279909188028912,0.8,25,08,41123546,NA
Gm08_41100500,41100500,0,0,157,60,2,0,-0.190219151462809,0.278538812785388,0.305191119198777,0.279787961750663,0.8,25,08,41123546,NA
Gm08_41100572,41100572,0,0,154,63,2,0,-0.188940092165899,0.292237442922374,0.304371931288379,0.279909188028912,0.8,25,08,41123546,NA
Gm08_41100680,41100680,1,MG8,206,13,0,0,0.0375234521575986,0.0593607305936073,0.996255034722222,1,0.8,25,08,41123546,Gm08_41123546_MG8
Gm08_41100684,41100684,1,MG8,206,13,0,0,0.0375234521575986,0.0593607305936073,0.996255034722222,1,0.8,25,08,41123546,Gm08_41123546_MG8
Gm08_41100766,41100766,0,0,137,80,2,0,-0.135452277557054,0.36986301369863,0.394512725718654,0.370260675092838,0.8,25,08,41123546,NA
Gm08_41100815,41100815,1,MG8,206,13,0,0,0.0375234521575986,0.0593607305936073,0.996255034722222,1,0.8,25,08,41123546,Gm08_41123546_MG8
Gm08_41100816,41100816,0,0,137,80,2,0,-0.135452277557054,0.36986301369863,0.394512725718654,0.370260675092838,0.8,25,08,41123546,NA
Gm08_41100858,41100858,0,0,157,60,2,0,-0.190219151462809,0.278538812785388,0.305191119198777,0.279787961750663,0.8,25,08,41123546,NA
Gm08_41100867,41100867,0,0,157,60,2,0,-0.190219151462809,0.278538812785388,0.305191119198777,0.279787961750663,0.8,25,08,41123546,NA
Gm08_41101356,41101356,0,0,139,78,2,0,-0.127627767915538,0.360730593607306,0.389701362018349,0.365673475809019,0.8,25,08,41123546,NA
Gm08_41101393,41101393,0,0,139,78,2,0,-0.127627767915538,0.360730593607306,0.389701362018349,0.365673475809019,0.8,25,08,41123546,NA
Gm08_41101595,41101595,0,0,145,71,3,0,-0.087192118226601,0.331050228310502,0.377462089908257,0.354276360212202,0.8,25,08,41123546,NA
Gm08_41101701,41101701,0,0,147,69,3,0,-0.100140056022409,0.321917808219178,0.362832998776758,0.341402751724138,0.8,25,08,41123546,NA
Gm08_41101972,41101972,0,0,162,54,3,0,-0.14279058933147,0.253424657534247,0.300799594408624,0.273884376448859,0.8,25,08,41123546,NA
Gm08_41102047,41102047,7,MG6,198,20,1,0,-0.0911167512690355,0.0936073059360731,0.974872666666667,0.979108756756757,0.8,25,08,41123546,Gm08_41123546_MG6
Gm08_41102095,41102095,0,0,160,56,3,0,-0.126136363636364,0.262557077625571,0.316635465094495,0.288422347792838,0.8,25,08,41123546,NA
Gm08_41102679,41102679,0,0,147,69,3,0,-0.100140056022409,0.321917808219178,0.362832998776758,0.341402751724138,0.8,25,08,41123546,NA
Gm08_41102735,41102735,0,0,137,80,2,0,-0.135452277557054,0.36986301369863,0.394512725718654,0.370260675092838,0.8,25,08,41123546,NA
Gm08_41102744,41102744,0,0,149,68,2,0,-0.151657818291095,0.315068493150685,0.322824685972477,0.295908053933687,0.8,25,08,41123546,NA
Gm08_41103042,41103042,0,0,151,64,4,0,-0.0883002207505519,0.301369863013699,0.318292250672783,0.299144778541114,0.8,25,08,41123546,NA
Gm08_41103730,41103730,1,MG8,206,13,0,0,0.0375234521575986,0.0593607305936073,0.996255034722222,1,0.8,25,08,41123546,Gm08_41123546_MG8
Gm08_41104310,41104310,0,0,137,80,2,0,-0.135452277557054,0.36986301369863,0.394512725718654,0.370260675092838,0.8,25,08,41123546,NA
Gm08_41104341,41104341,0,0,159,57,3,0,-0.118149146451033,0.267123287671233,0.31477769517737,0.286501219679045,0.8,25,08,41123546,NA
Gm08_41104413,41104413,0,0,159,57,3,0,-0.118149146451033,0.267123287671233,0.31477769517737,0.286501219679045,0.8,25,08,41123546,NA
Gm08_41104439,41104439,1,MG8,206,13,0,0,0.0375234521575986,0.0593607305936073,0.996255034722222,1,0.8,25,08,41123546,Gm08_41123546_MG8
Gm08_41104624,41104624,0,0,137,80,2,0,-0.135452277557054,0.36986301369863,0.394512725718654,0.370260675092838,0.8,25,08,41123546,NA
Gm08_41104984,41104984,0,0,159,57,3,0,-0.118149146451033,0.267123287671233,0.31477769517737,0.286501219679045,0.8,25,08,41123546,NA
Gm08_41105275,41105275,0,0,152,65,2,0,-0.151315789473684,0.301369863013699,0.324205946165566,0.297030033040159,0.8,25,08,41123546,NA
Gm08_41105306,41105306,0,0,137,80,2,0,-0.135452277557054,0.36986301369863,0.394512725718654,0.370260675092838,0.8,25,08,41123546,NA
Gm08_41105320,41105320,0,0,152,65,2,0,-0.151315789473684,0.301369863013699,0.324205946165566,0.297030033040159,0.8,25,08,41123546,NA
Gm08_41105330,41105330,0,0,137,80,2,0,-0.135452277557054,0.36986301369863,0.394512725718654,0.370260675092838,0.8,25,08,41123546,NA
Gm08_41105458,41105458,0,0,152,65,2,0,-0.151315789473684,0.301369863013699,0.324205946165566,0.297030033040159,0.8,25,08,41123546,NA
Gm08_41105702,41105702,0,0,138,79,2,0,-0.141583054626533,0.365296803652968,0.390959437798165,0.366848191671088,0.8,25,08,41123546,NA
Gm08_41105908,41105908,1,MG8,206,13,0,0,0.0375234521575986,0.0593607305936073,0.996255034722222,1,0.8,25,08,41123546,Gm08_41123546_MG8
Gm08_41105930,41105930,0,0,152,65,2,0,-0.151315789473684,0.301369863013699,0.324205946165566,0.297030033040159,0.8,25,08,41123546,NA
Gm08_41106123,41106123,0,0,152,65,2,0,-0.151315789473684,0.301369863013699,0.324205946165566,0.297030033040159,0.8,25,08,41123546,NA
Gm08_41106828,41106828,0,0,152,65,2,0,-0.151315789473684,0.301369863013699,0.324205946165566,0.297030033040159,0.8,25,08,41123546,NA
Gm08_41106910,41106910,0,0,138,79,2,0,-0.141583054626533,0.365296803652968,0.383740048195719,0.35843198265252,0.8,25,08,41123546,NA
Gm08_41107773,41107773,0,0,137,80,2,0,-0.135452277557054,0.36986301369863,0.394512725718654,0.370260675092838,0.8,25,08,41123546,NA
Gm08_41108195,41108195,1,MG8,206,13,0,0,0.0375234521575986,0.0593607305936073,0.996255034722222,1,0.8,25,08,41123546,Gm08_41123546_MG8
Gm08_41108636,41108636,8,MG7,207,11,1,0,-0.101500441306267,0.0525114155251142,0.998364,1,0.8,25,08,41123546,Gm08_41123546_MG7
Gm08_41108947,41108947,1,MG8,206,13,0,0,0.0375234521575986,0.0593607305936073,0.996255034722222,1,0.8,25,08,41123546,Gm08_41123546_MG8
Gm08_41110432,41110432,0,0,168,47,4,0,-0.125517598343685,0.223744292237443,0.304868747706422,0.275843684084881,0.8,25,08,41123546,NA
Gm08_41110569,41110569,0,0,137,80,2,0,-0.135452277557054,0.36986301369863,0.394512725718654,0.370260675092838,0.8,25,08,41123546,NA
Gm08_41111029,41111029,0,0,168,47,4,0,-0.125517598343685,0.223744292237443,0.304868747706422,0.275843684084881,0.8,25,08,41123546,NA
Gm08_41111857,41111857,0,0,186,31,2,0,-0.100784655623365,0.146118721461187,0.314909788614067,0.323408385880106,0.8,25,08,41123546,NA
Gm08_41112227,41112227,0,0,196,22,1,0,-0.00606060606060599,0.102739726027397,0.305942305159786,0.326508567165119,0.8,25,08,41123546,NA
Gm08_41112490,41112490,1,MG8,206,13,0,0,0.0375234521575986,0.0593607305936073,0.996255034722222,1,0.8,25,08,41123546,Gm08_41123546_MG8
Gm08_41112918,41112918,7,MG6,197,21,1,0,-0.0731292517006803,0.0981735159817352,0.964962794871795,0.965880243243243,0.8,25,08,41123546,Gm08_41123546_MG6
Gm08_41112951,41112951,7,MG6,198,20,1,0,-0.0911167512690355,0.0936073059360731,0.974872666666667,0.979108756756757,0.8,25,08,41123546,Gm08_41123546_MG6
Gm08_41112962,41112962,7,MG6,197,21,1,0,-0.0731292517006803,0.0981735159817352,0.964962794871795,0.965880243243243,0.8,25,08,41123546,Gm08_41123546_MG6
Gm08_41112980,41112980,7,MG6,197,21,1,0,-0.0731292517006803,0.0981735159817352,0.964962794871795,0.965880243243243,0.8,25,08,41123546,Gm08_41123546_MG6
Gm08_41113023,41113023,7,MG6,198,20,1,0,-0.0911167512690355,0.0936073059360731,0.974872666666667,0.979108756756757,0.8,25,08,41123546,Gm08_41123546_MG6
Gm08_41113080,41113080,0,0,186,31,2,0,-0.100784655623365,0.146118721461187,0.314909788614067,0.323408385880106,0.8,25,08,41123546,NA
Gm08_41113090,41113090,7,MG6,197,21,1,0,-0.0731292517006803,0.0981735159817352,0.964962794871795,0.965880243243243,0.8,25,08,41123546,Gm08_41123546_MG6
Gm08_41113179,41113179,7,MG6,198,20,1,0,-0.0911167512690355,0.0936073059360731,0.974872666666667,0.979108756756757,0.8,25,08,41123546,Gm08_41123546_MG6
Gm08_41113193,41113193,7,MG6,198,20,1,0,-0.0911167512690355,0.0936073059360731,0.974872666666667,0.979108756756757,0.8,25,08,41123546,Gm08_41123546_MG6
Gm08_41113222,41113222,7,MG6,198,20,1,0,-0.0911167512690355,0.0936073059360731,0.974872666666667,0.979108756756757,0.8,25,08,41123546,Gm08_41123546_MG6
Gm08_41113344,41113344,7,MG6,197,21,1,0,-0.0731292517006803,0.0981735159817352,0.964962794871795,0.965880243243243,0.8,25,08,41123546,Gm08_41123546_MG6
Gm08_41113546,41113546,7,MG6,197,21,1,0,-0.0731292517006803,0.0981735159817352,0.964962794871795,0.965880243243243,0.8,25,08,41123546,Gm08_41123546_MG6
Gm08_41113558,41113558,7,MG6,198,20,1,0,-0.0911167512690355,0.0936073059360731,0.974872666666667,0.979108756756757,0.8,25,08,41123546,Gm08_41123546_MG6
Gm08_41113770,41113770,1,MG8,206,13,0,0,0.0375234521575986,0.0593607305936073,0.996255034722222,1,0.8,25,08,41123546,Gm08_41123546_MG8
Gm08_41113988,41113988,7,MG6,198,20,1,0,-0.0911167512690355,0.0936073059360731,0.974872666666667,0.979108756756757,0.8,25,08,41123546,Gm08_41123546_MG6
Gm08_41113993,41113993,0,0,186,31,2,0,-0.100784655623365,0.146118721461187,0.314909788614067,0.323408385880106,0.8,25,08,41123546,NA
Gm08_41114064,41114064,7,MG6,198,20,1,0,-0.0911167512690355,0.0936073059360731,0.974872666666667,0.979108756756757,0.8,25,08,41123546,Gm08_41123546_MG6
Gm08_41114107,41114107,1,MG8,206,13,0,0,0.0375234521575986,0.0593607305936073,0.996255034722222,1,0.8,25,08,41123546,Gm08_41123546_MG8
Gm08_41114108,41114108,1,MG8,206,13,0,0,0.0375234521575986,0.0593607305936073,0.996255034722222,1,0.8,25,08,41123546,Gm08_41123546_MG8
Gm08_41114279,41114279,7,MG6,198,20,1,0,-0.0911167512690355,0.0936073059360731,0.974872666666667,0.979108756756757,0.8,25,08,41123546,Gm08_41123546_MG6
Gm08_41114369,41114369,7,MG6,198,20,1,0,-0.0911167512690355,0.0936073059360731,0.974872666666667,0.979108756756757,0.8,25,08,41123546,Gm08_41123546_MG6
Gm08_41114748,41114748,7,MG6,198,20,1,0,-0.0911167512690355,0.0936073059360731,0.974872666666667,0.979108756756757,0.8,25,08,41123546,Gm08_41123546_MG6
Gm08_41114798,41114798,0,0,186,31,2,0,-0.100784655623365,0.146118721461187,0.314909788614067,0.323408385880106,0.8,25,08,41123546,NA
Gm08_41114814,41114814,0,0,187,30,2,0,-0.113978494623656,0.141552511415525,0.309517438470948,0.319595669442971,0.8,25,08,41123546,NA
Gm08_41114837,41114837,7,MG6,198,20,1,0,-0.0911167512690355,0.0936073059360731,0.974872666666667,0.979108756756757,0.8,25,08,41123546,Gm08_41123546_MG6
Gm08_41114845,41114845,0,0,186,31,2,0,-0.100784655623365,0.146118721461187,0.314909788614067,0.323408385880106,0.8,25,08,41123546,NA
Gm08_41114860,41114860,7,0,196,22,1,0,-0.107226107226107,0.102739726027397,0.921297205128205,0.27362949613434,0.8,25,08,41123546,NA
Gm08_41114861,41114861,0,0,186,31,2,0,-0.100784655623365,0.146118721461187,0.314909788614067,0.323408385880106,0.8,25,08,41123546,NA
Gm08_41114906,41114906,1,MG8,206,13,0,0,0.0375234521575986,0.0593607305936073,0.996255034722222,1,0.8,25,08,41123546,Gm08_41123546_MG8
Gm08_41114957,41114957,7,MG6,198,20,1,0,-0.0911167512690355,0.0936073059360731,0.974872666666667,0.979108756756757,0.8,25,08,41123546,Gm08_41123546_MG6
Gm08_41114979,41114979,7,MG6,197,21,1,0,-0.0731292517006803,0.0981735159817352,0.964962794871795,0.965880243243243,0.8,25,08,41123546,Gm08_41123546_MG6
Gm08_41115080,41115080,1,MG8,206,13,0,0,0.0375234521575986,0.0593607305936073,0.996255034722222,1,0.8,25,08,41123546,Gm08_41123546_MG8
Gm08_41115405,41115405,7,MG6,197,21,1,0,-0.0731292517006803,0.0981735159817352,0.964962794871795,0.965880243243243,0.8,25,08,41123546,Gm08_41123546_MG6
Gm08_41115605,41115605,7,MG6,197,21,1,0,-0.0731292517006803,0.0981735159817352,0.964962794871795,0.965880243243243,0.8,25,08,41123546,Gm08_41123546_MG6
Gm08_41115637,41115637,7,MG6,197,21,1,0,-0.0731292517006803,0.0981735159817352,0.964962794871795,0.965880243243243,0.8,25,08,41123546,Gm08_41123546_MG6
Gm08_41115643,41115643,7,0,196,22,1,0,-0.107226107226107,0.102739726027397,0.921297205128205,0.27362949613434,0.8,25,08,41123546,NA
Gm08_41115652,41115652,7,MG6,198,20,1,0,-0.0911167512690355,0.0936073059360731,0.974872666666667,0.979108756756757,0.8,25,08,41123546,Gm08_41123546_MG6
Gm08_41115694,41115694,7,MG6,198,20,1,0,-0.0911167512690355,0.0936073059360731,0.974872666666667,0.979108756756757,0.8,25,08,41123546,Gm08_41123546_MG6
Gm08_41115734,41115734,7,MG6,198,20,1,0,-0.0911167512690355,0.0936073059360731,0.974872666666667,0.979108756756757,0.8,25,08,41123546,Gm08_41123546_MG6
Gm08_41115954,41115954,1,MG8,206,13,0,0,0.0375234521575986,0.0593607305936073,0.996255034722222,1,0.8,25,08,41123546,Gm08_41123546_MG8
Gm08_41115964,41115964,0,0,186,31,2,0,-0.100784655623365,0.146118721461187,0.314909788614067,0.323408385880106,0.8,25,08,41123546,NA
Gm08_41115974,41115974,7,MG6,198,20,1,0,-0.0911167512690355,0.0936073059360731,0.974872666666667,0.979108756756757,0.8,25,08,41123546,Gm08_41123546_MG6
Gm08_41115996,41115996,1,MG8,206,13,0,0,0.0375234521575986,0.0593607305936073,0.996255034722222,1,0.8,25,08,41123546,Gm08_41123546_MG8
Gm08_41116260,41116260,7,MG6,197,21,1,0,-0.0731292517006803,0.0981735159817352,0.964962794871795,0.965880243243243,0.8,25,08,41123546,Gm08_41123546_MG6
Gm08_41116624,41116624,7,MG6,198,20,1,0,-0.0911167512690355,0.0936073059360731,0.974872666666667,0.979108756756757,0.8,25,08,41123546,Gm08_41123546_MG6
Gm08_41116917,41116917,7,MG6,197,21,1,0,-0.0731292517006803,0.0981735159817352,0.964962794871795,0.965880243243243,0.8,25,08,41123546,Gm08_41123546_MG6
Gm08_41116918,41116918,7,MG6,198,20,1,0,-0.0911167512690355,0.0936073059360731,0.974872666666667,0.979108756756757,0.8,25,08,41123546,Gm08_41123546_MG6
Gm08_41117017,41117017,0,0,186,31,2,0,-0.100784655623365,0.146118721461187,0.314909788614067,0.323408385880106,0.8,25,08,41123546,NA
Gm08_41117155,41117155,7,MG6,197,21,1,0,-0.0731292517006803,0.0981735159817352,0.964962794871795,0.965880243243243,0.8,25,08,41123546,Gm08_41123546_MG6
Gm08_41117227,41117227,7,MG6,198,20,1,0,-0.0911167512690355,0.0936073059360731,0.974872666666667,0.979108756756757,0.8,25,08,41123546,Gm08_41123546_MG6
Gm08_41117245,41117245,0,0,186,31,2,0,-0.100784655623365,0.146118721461187,0.314909788614067,0.323408385880106,0.8,25,08,41123546,NA
Gm08_41117404,41117404,7,MG6,198,20,1,0,-0.0911167512690355,0.0936073059360731,0.974872666666667,0.979108756756757,0.8,25,08,41123546,Gm08_41123546_MG6
Gm08_41117675,41117675,8,MG7,207,11,1,0,-0.101500441306267,0.0525114155251142,0.998364,1,0.8,25,08,41123546,Gm08_41123546_MG7
Gm08_41118036,41118036,8,0,207,10,2,0,-0.037864077669903,0.0502283105022831,0.978732,0.111668008485411,0.8,25,08,41123546,NA
Gm08_41118517,41118517,8,MG7,207,11,1,0,-0.101500441306267,0.0525114155251142,0.998364,1,0.8,25,08,41123546,Gm08_41123546_MG7
Gm08_41119754,41119754,8,0,207,10,2,0,-0.037864077669903,0.0502283105022831,0.978732,0.111668008485411,0.8,25,08,41123546,NA
Gm08_41119861,41119861,8,MG7,207,11,1,0,-0.101500441306267,0.0525114155251142,0.998364,1,0.8,25,08,41123546,Gm08_41123546_MG7
Gm08_41120388,41120388,8,MG7,207,11,1,0,-0.101500441306267,0.0525114155251142,0.998364,1,0.8,25,08,41123546,Gm08_41123546_MG7
Gm08_41120585,41120585,8,MG7,207,11,1,0,-0.101500441306267,0.0525114155251142,0.998364,1,0.8,25,08,41123546,Gm08_41123546_MG7
Gm08_41120819,41120819,8,MG7,207,11,1,0,-0.101500441306267,0.0525114155251142,0.998364,1,0.8,25,08,41123546,Gm08_41123546_MG7
Gm08_41121425,41121425,8,MG7,207,11,1,0,-0.101500441306267,0.0525114155251142,0.998364,1,0.8,25,08,41123546,Gm08_41123546_MG7
Gm08_41121515,41121515,8,MG7,207,11,1,0,-0.101500441306267,0.0525114155251142,0.998364,1,0.8,25,08,41123546,Gm08_41123546_MG7
Gm08_41122112,41122112,8,MG7,207,11,1,0,-0.101500441306267,0.0525114155251142,0.998364,1,0.8,25,08,41123546,Gm08_41123546_MG7
Gm08_41122311,41122311,8,MG7,207,11,1,0,-0.101500441306267,0.0525114155251142,0.998364,1,0.8,25,08,41123546,Gm08_41123546_MG7
Gm08_41122520,41122520,8,MG7,207,11,1,0,-0.101500441306267,0.0525114155251142,0.998364,1,0.8,25,08,41123546,Gm08_41123546_MG7
Gm08_41122621,41122621,0,0,186,31,2,0,-0.100784655623365,0.146118721461187,0.314909788614067,0.323408385880106,0.8,25,08,41123546,NA
Gm08_41122749,41122749,8,MG7,207,11,1,0,-0.101500441306267,0.0525114155251142,0.998364,1,0.8,25,08,41123546,Gm08_41123546_MG7
Gm08_41122887,41122887,8,MG7,207,11,1,0,-0.101500441306267,0.0525114155251142,0.998364,1,0.8,25,08,41123546,Gm08_41123546_MG7
Gm08_41123020,41123020,0,0,137,80,2,0,-0.135452277557054,0.36986301369863,0.394512725718654,0.370260675092838,0.8,25,08,41123546,NA
Gm08_41123025,41123025,8,MG7,207,11,1,0,-0.101500441306267,0.0525114155251142,0.998364,1,0.8,25,08,41123546,Gm08_41123546_MG7
Gm08_41123054,41123054,8,MG7,207,11,1,0,-0.101500441306267,0.0525114155251142,0.998364,1,0.8,25,08,41123546,Gm08_41123546_MG7
Gm08_41123071,41123071,8,MG7,207,11,1,0,-0.101500441306267,0.0525114155251142,0.998364,1,0.8,25,08,41123546,Gm08_41123546_MG7
Gm08_41123120,41123120,8,MG7,207,11,1,0,-0.101500441306267,0.0525114155251142,0.998364,1,0.8,25,08,41123546,Gm08_41123546_MG7
Gm08_41123163,41123163,8,MG7,207,11,1,0,-0.101500441306267,0.0525114155251142,0.998364,1,0.8,25,08,41123546,Gm08_41123546_MG7
Gm08_41123335,41123335,8,MG7,207,11,1,0,-0.101500441306267,0.0525114155251142,0.998364,1,0.8,25,08,41123546,Gm08_41123546_MG7
Gm08_41123402,41123402,0,0,137,80,2,0,-0.135452277557054,0.36986301369863,0.394512725718654,0.370260675092838,0.8,25,08,41123546,NA
Gm08_41123413,41123413,8,MG7,207,11,1,0,-0.101500441306267,0.0525114155251142,0.998364,1,0.8,25,08,41123546,Gm08_41123546_MG7
Gm08_41123526,41123526,8,MG7,207,11,1,0,-0.101500441306267,0.0525114155251142,0.998364,1,0.8,25,08,41123546,Gm08_41123546_MG7
Gm08_41123546,41123546,8,MG7,207,11,1,0,-0.101500441306267,0.0525114155251142,0.998364,1,0.8,25,08,41123546,Gm08_41123546_MG7
Gm08_41123597,41123597,8,MG7,207,11,1,0,-0.101500441306267,0.0525114155251142,0.998364,1,0.8,25,08,41123546,Gm08_41123546_MG7
Gm08_41123613,41123613,8,MG7,207,11,1,0,-0.101500441306267,0.0525114155251142,0.998364,1,0.8,25,08,41123546,Gm08_41123546_MG7
Gm08_41124139,41124139,0,0,194,24,1,0,-0.0274179620034541,0.111872146118721,0.308923074375229,0.324725470367905,0.8,25,08,41123546,NA
Gm08_41124285,41124285,1,MG8,206,13,0,0,0.0375234521575986,0.0593607305936073,0.996255034722222,1,0.8,25,08,41123546,Gm08_41123546_MG8
Gm08_41124383,41124383,0,0,188,29,2,0,-0.0881430942282869,0.136986301369863,0.308551382556575,0.320202289299735,0.8,25,08,41123546,NA
Gm08_41124676,41124676,0,0,192,26,1,0,-0.0459122029802658,0.121004566210046,0.328294760244648,0.342462464535544,0.8,25,08,41123546,NA
Gm08_41125061,41125061,0,0,201,18,0,0,-0.0127777777777778,0.0821917808219178,0.279347709247706,0.313388351464191,0.8,25,08,41123546,NA
Gm08_41125106,41125106,1,MG8,206,13,0,0,0.0375234521575986,0.0593607305936073,0.996255034722222,1,0.8,25,08,41123546,Gm08_41123546_MG8
Gm08_41125125,41125125,1,MG8,206,13,0,0,0.0375234521575986,0.0593607305936073,0.996255034722222,1,0.8,25,08,41123546,Gm08_41123546_MG8
Gm08_41125263,41125263,0,0,205,14,0,0,0.0553221288515406,0.0639269406392694,0.278122310351682,0.324975554692308,0.8,25,08,41123546,NA
Gm08_41125295,41125295,0,0,205,14,0,0,0.0553221288515406,0.0639269406392694,0.278122310351682,0.324975554692308,0.8,25,08,41123546,NA
Gm08_41125329,41125329,0,0,190,28,1,0,-0.0621693121693121,0.13013698630137,0.332754156394495,0.343109808198939,0.8,25,08,41123546,NA
Gm08_41125533,41125533,0,0,205,14,0,0,0.0553221288515406,0.0639269406392694,0.278122310351682,0.324975554692308,0.8,25,08,41123546,NA
Gm08_41125534,41125534,0,0,205,14,0,0,0.0553221288515406,0.0639269406392694,0.278122310351682,0.324975554692308,0.8,25,08,41123546,NA
Gm08_41125751,41125751,0,0,205,14,0,0,0.0553221288515406,0.0639269406392694,0.278122310351682,0.324975554692308,0.8,25,08,41123546,NA
Gm08_41125793,41125793,0,0,205,14,0,0,0.0553221288515406,0.0639269406392694,0.278122310351682,0.324975554692308,0.8,25,08,41123546,NA
Gm08_41125811,41125811,0,0,205,14,0,0,0.0553221288515406,0.0639269406392694,0.278122310351682,0.324975554692308,0.8,25,08,41123546,NA
Gm08_41125827,41125827,0,0,205,14,0,0,0.0553221288515406,0.0639269406392694,0.278122310351682,0.324975554692308,0.8,25,08,41123546,NA
Gm08_41125843,41125843,0,0,205,14,0,0,0.0553221288515406,0.0639269406392694,0.278122310351682,0.324975554692308,0.8,25,08,41123546,NA
Gm08_41126043,41126043,0,0,205,14,0,0,0.0553221288515406,0.0639269406392694,0.278122310351682,0.324975554692308,0.8,25,08,41123546,NA
Gm08_41126102,41126102,1,MG8,206,13,0,0,0.0375234521575986,0.0593607305936073,0.996255034722222,1,0.8,25,08,41123546,Gm08_41123546_MG8
Gm08_41126281,41126281,1,MG8,206,13,0,0,0.0375234521575986,0.0593607305936073,0.996255034722222,1,0.8,25,08,41123546,Gm08_41123546_MG8
Gm08_41126319,41126319,0,0,205,14,0,0,0.0553221288515406,0.0639269406392694,0.278122310351682,0.324975554692308,0.8,25,08,41123546,NA
Gm08_41126321,41126321,0,0,205,14,0,0,0.0553221288515406,0.0639269406392694,0.278122310351682,0.324975554692308,0.8,25,08,41123546,NA
Gm08_41126368,41126368,0,0,205,14,0,0,0.0553221288515406,0.0639269406392694,0.278122310351682,0.324975554692308,0.8,25,08,41123546,NA
Gm08_41126438,41126438,0,0,205,14,0,0,0.0553221288515406,0.0639269406392694,0.278122310351682,0.324975554692308,0.8,25,08,41123546,NA
Gm08_41126469,41126469,0,0,205,14,0,0,0.0553221288515406,0.0639269406392694,0.278122310351682,0.324975554692308,0.8,25,08,41123546,NA
Gm08_41126537,41126537,0,0,205,14,0,0,0.0553221288515406,0.0639269406392694,0.278122310351682,0.324975554692308,0.8,25,08,41123546,NA
Gm08_41126580,41126580,0,0,205,14,0,0,0.0553221288515406,0.0639269406392694,0.278122310351682,0.324975554692308,0.8,25,08,41123546,NA
Gm08_41126747,41126747,0,0,205,14,0,0,0.0553221288515406,0.0639269406392694,0.278122310351682,0.324975554692308,0.8,25,08,41123546,NA
Gm08_41126750,41126750,0,0,205,14,0,0,0.0553221288515406,0.0639269406392694,0.278122310351682,0.324975554692308,0.8,25,08,41123546,NA
Gm08_41126928,41126928,0,0,190,28,1,0,-0.0621693121693121,0.13013698630137,0.332754156394495,0.343109808198939,0.8,25,08,41123546,NA
Gm08_41127429,41127429,0,0,206,11,2,0,-0.200886917960089,0.0547945205479452,0.125605641085627,0.116861183196286,0.8,25,08,41123546,NA
Gm08_41127479,41127479,0,0,206,13,0,0,0.0375234521575986,0.0593607305936073,0.256297584464832,0.298160385888594,0.8,25,08,41123546,NA
Gm08_41127518,41127518,0,0,205,14,0,0,0.0553221288515406,0.0639269406392694,0.278122310351682,0.324975554692308,0.8,25,08,41123546,NA
Gm08_41127591,41127591,0,0,206,11,2,0,-0.200886917960089,0.0547945205479452,0.125605641085627,0.116861183196286,0.8,25,08,41123546,NA
Gm08_41127598,41127598,0,0,165,51,3,0,-0.143636363636364,0.23972602739726,0.304341192324159,0.276697462572944,0.8,25,08,41123546,NA
Gm08_41127685,41127685,1,MG8,206,13,0,0,0.0375234521575986,0.0593607305936073,0.996255034722222,1,0.8,25,08,41123546,Gm08_41123546_MG8
Gm08_41127727,41127727,0,0,207,12,0,0,0.0169902912621359,0.0547945205479452,0.256416344495413,0.304892233766578,0.8,25,08,41123546,NA
Gm08_41128526,41128526,0,0,207,11,1,0,-0.197263901147396,0.0525114155251142,0.121798937223242,0.113388415787798,0.8,25,08,41123546,NA
Gm08_41129078,41129078,0,0,190,28,1,0,-0.0621693121693121,0.13013698630137,0.332754156394495,0.343109808198939,0.8,25,08,41123546,NA
Gm08_41129104,41129104,0,0,207,11,1,0,-0.197263901147396,0.0525114155251142,0.121798937223242,0.113388415787798,0.8,25,08,41123546,NA
Gm08_41129115,41129115,0,0,207,11,1,0,-0.197263901147396,0.0525114155251142,0.121798937223242,0.113388415787798,0.8,25,08,41123546,NA
Gm08_41129176,41129176,0,0,190,28,1,0,-0.0621693121693121,0.13013698630137,0.332754156394495,0.343109808198939,0.8,25,08,41123546,NA
Gm08_41129200,41129200,0,0,207,11,1,0,-0.197263901147396,0.0525114155251142,0.121798937223242,0.113388415787798,0.8,25,08,41123546,NA
Gm08_41129219,41129219,0,0,192,26,1,0,-0.0459122029802658,0.121004566210046,0.328294760244648,0.342462464535544,0.8,25,08,41123546,NA
Gm08_41129396,41129396,0,0,207,11,1,0,-0.197263901147396,0.0525114155251142,0.121798937223242,0.113388415787798,0.8,25,08,41123546,NA
Gm08_41132209,41132209,1,MG8,206,13,0,0,0.0375234521575986,0.0593607305936073,0.996255034722222,1,0.8,25,08,41123546,Gm08_41123546_MG8
Gm08_41132400,41132400,1,MG8,206,13,0,0,0.0375234521575986,0.0593607305936073,0.996255034722222,1,0.8,25,08,41123546,Gm08_41123546_MG8
Gm08_41132441,41132441,0,0,205,13,1,0,-0.206636500754148,0.0616438356164384,0.124189964112171,0.115965585184828,0.8,25,08,41123546,NA
Gm08_41132495,41132495,0,0,205,13,1,0,-0.206636500754148,0.0616438356164384,0.124189964112171,0.115965585184828,0.8,25,08,41123546,NA
Gm08_41132524,41132524,1,MG8,206,13,0,0,0.0375234521575986,0.0593607305936073,0.996255034722222,1,0.8,25,08,41123546,Gm08_41123546_MG8
Gm08_41132600,41132600,0,0,137,80,2,0,-0.135452277557054,0.36986301369863,0.394512725718654,0.370260675092838,0.8,25,08,41123546,NA
Gm08_41132947,41132947,0,0,205,13,1,0,-0.206636500754148,0.0616438356164384,0.124189964112171,0.115965585184828,0.8,25,08,41123546,NA
Gm08_41133075,41133075,1,MG8,206,13,0,0,0.0375234521575986,0.0593607305936073,0.996255034722222,1,0.8,25,08,41123546,Gm08_41123546_MG8
Gm08_41133646,41133646,0,0,190,28,1,0,-0.0621693121693121,0.13013698630137,0.332754156394495,0.343109808198939,0.8,25,08,41123546,NA
Gm08_41133651,41133651,0,0,193,26,0,0,-0.0472756410256411,0.118721461187215,0.325134370406728,0.339416842366578,0.8,25,08,41123546,NA
Gm08_41133863,41133863,0,0,190,28,1,0,-0.0621693121693121,0.13013698630137,0.332754156394495,0.343109808198939,0.8,25,08,41123546,NA
Gm08_41134355,41134355,1,MG8,206,13,0,0,0.0375234521575986,0.0593607305936073,0.996255034722222,1,0.8,25,08,41123546,Gm08_41123546_MG8
Gm08_41134385,41134385,8,MG7,207,11,1,0,-0.101500441306267,0.0525114155251142,0.998364,1,0.8,25,08,41123546,Gm08_41123546_MG7
Gm08_41136429,41136429,0,0,190,28,1,0,-0.0621693121693121,0.13013698630137,0.332754156394495,0.343109808198939,0.8,25,08,41123546,NA
Gm08_41136497,41136497,1,MG8,206,13,0,0,0.0375234521575986,0.0593607305936073,0.996255034722222,1,0.8,25,08,41123546,Gm08_41123546_MG8
Gm08_41137368,41137368,1,MG8,206,13,0,0,0.0375234521575986,0.0593607305936073,0.996255034722222,1,0.8,25,08,41123546,Gm08_41123546_MG8
Gm08_41137732,41137732,0,0,138,78,3,0,-0.12601166948993,0.363013698630137,0.38872204293578,0.364672965092838,0.8,25,08,41123546,NA
Gm08_41138206,41138206,0,0,205,14,0,0,0.0553221288515406,0.0639269406392694,0.278122310351682,0.324975554692308,0.8,25,08,41123546,NA
Gm08_41138735,41138735,1,MG8,206,13,0,0,0.0375234521575986,0.0593607305936073,0.996255034722222,1,0.8,25,08,41123546,Gm08_41123546_MG8
Gm08_41138863,41138863,0,0,192,26,1,0,-0.00221506242448655,0.121004566210046,0.32223535329052,0.336468369676233,0.8,25,08,41123546,NA
Gm08_41138919,41138919,1,MG8,206,13,0,0,0.0375234521575986,0.0593607305936073,0.996255034722222,1,0.8,25,08,41123546,Gm08_41123546_MG8
Gm08_41139410,41139410,1,MG8,206,13,0,0,0.0375234521575986,0.0593607305936073,0.996255034722222,1,0.8,25,08,41123546,Gm08_41123546_MG8
Gm08_41139756,41139756,1,MG8,206,13,0,0,0.0375234521575986,0.0593607305936073,0.996255034722222,1,0.8,25,08,41123546,Gm08_41123546_MG8
Gm08_41140243,41140243,0,0,192,26,1,0,-0.00221506242448655,0.121004566210046,0.32223535329052,0.336468369676233,0.8,25,08,41123546,NA
Gm08_41140270,41140270,0,0,192,26,1,0,-0.00221506242448655,0.121004566210046,0.32223535329052,0.336468369676233,0.8,25,08,41123546,NA
Gm08_41140271,41140271,0,0,192,26,1,0,-0.00221506242448655,0.121004566210046,0.32223535329052,0.336468369676233,0.8,25,08,41123546,NA
Gm08_41140438,41140438,0,0,207,12,0,0,0.0169902912621359,0.0547945205479452,0.256416344495413,0.304892233766578,0.8,25,08,41123546,NA
Gm08_41140745,41140745,1,MG8,206,13,0,0,0.0375234521575986,0.0593607305936073,0.996255034722222,1,0.8,25,08,41123546,Gm08_41123546_MG8
Gm08_41140789,41140789,1,MG8,206,13,0,0,0.0375234521575986,0.0593607305936073,0.996255034722222,1,0.8,25,08,41123546,Gm08_41123546_MG8
Gm08_41141299,41141299,1,MG8,206,13,0,0,0.0375234521575986,0.0593607305936073,0.996255034722222,1,0.8,25,08,41123546,Gm08_41123546_MG8
Gm08_41141332,41141332,1,MG8,206,13,0,0,0.0375234521575986,0.0593607305936073,0.996255034722222,1,0.8,25,08,41123546,Gm08_41123546_MG8
Gm08_41141767,41141767,1,MG8,206,13,0,0,0.0375234521575986,0.0593607305936073,0.996255034722222,1,0.8,25,08,41123546,Gm08_41123546_MG8
Gm08_41142217,41142217,0,0,141,75,3,0,-0.124400996741422,0.349315068493151,0.266795457259939,0.245125424904224,0.8,25,08,41123546,NA
Gm08_41142310,41142310,0,0,154,62,3,0,-0.133383010432191,0.289954337899543,0.316092770902355,0.289526168851645,0.8,25,08,41123546,NA
Gm08_41143206,41143206,1,MG8,206,13,0,0,0.0375234521575986,0.0593607305936073,0.996255034722222,1,0.8,25,08,41123546,Gm08_41123546_MG8
Gm08_41143212,41143212,0,0,140,79,0,0,-0.104761904761905,0.360730593607306,0.26630322946422,0.24452574574748,0.8,25,08,41123546,NA
Gm08_41143359,41143359,0,0,126,93,0,0,-0.0850586611456177,0.424657534246575,0.339568888379205,0.316844003713528,0.8,25,08,41123546,NA
Gm08_41144015,41144015,0,0,140,79,0,0,-0.104761904761905,0.360730593607306,0.26630322946422,0.24452574574748,0.8,25,08,41123546,NA
Gm08_41144136,41144136,1,MG8,206,13,0,0,0.0375234521575986,0.0593607305936073,0.996255034722222,1,0.8,25,08,41123546,Gm08_41123546_MG8
Gm08_41144535,41144535,0,0,140,79,0,0,-0.104761904761905,0.360730593607306,0.26630322946422,0.24452574574748,0.8,25,08,41123546,NA
Gm08_41144579,41144579,0,0,191,25,3,0,-0.197894736842105,0.121004566210046,0.220642558868502,0.200928610106101,0.8,25,08,41123546,NA
Gm08_41148309,41148309,0,0,127,92,0,0,-0.0714718352513628,0.420091324200913,0.337416785015291,0.314821734482759,0.8,25,08,41123546,NA
Gm08_41148381,41148381,1,MG8,206,13,0,0,0.0375234521575986,0.0593607305936073,0.996255034722222,1,0.8,25,08,41123546,Gm08_41123546_MG8
Gm08_41152349,41152349,0,0,129,90,0,0,-0.08204860203815,0.410958904109589,0.345895788073394,0.323073583289125,0.8,25,08,41123546,NA
Gm08_41153138,41153138,1,MG8,206,13,0,0,0.0375234521575986,0.0593607305936073,0.996255034722222,1,0.8,25,08,41123546,Gm08_41123546_MG8
Gm08_41153255,41153255,0,0,165,52,2,0,-0.136185383244207,0.242009132420091,0.304615353363914,0.276941121352785,0.8,25,08,41123546,NA
Gm08_41153290,41153290,1,MG8,206,13,0,0,0.0375234521575986,0.0593607305936073,0.996255034722222,1,0.8,25,08,41123546,Gm08_41123546_MG8
Gm08_41153303,41153303,1,MG8,206,13,0,0,0.0375234521575986,0.0593607305936073,0.996255034722222,1,0.8,25,08,41123546,Gm08_41123546_MG8
Gm08_41153878,41153878,1,MG8,206,13,0,0,0.0375234521575986,0.0593607305936073,0.996255034722222,1,0.8,25,08,41123546,Gm08_41123546_MG8
Gm08_41154419,41154419,0,0,127,92,0,0,-0.0714718352513628,0.420091324200913,0.337416785015291,0.314821734482759,0.8,25,08,41123546,NA
Gm08_41154440,41154440,1,MG8,206,13,0,0,0.0375234521575986,0.0593607305936073,0.996255034722222,1,0.8,25,08,41123546,Gm08_41123546_MG8
Gm08_41155501,41155501,1,MG8,206,13,0,0,0.0375234521575986,0.0593607305936073,0.996255034722222,1,0.8,25,08,41123546,Gm08_41123546_MG8
Gm08_41155504,41155504,1,MG8,206,13,0,0,0.0375234521575986,0.0593607305936073,0.996255034722222,1,0.8,25,08,41123546,Gm08_41123546_MG8
Gm08_41156834,41156834,0,0,205,14,0,0,0.0553221288515406,0.0639269406392694,0.286919464831804,0.336240703395225,0.8,25,08,41123546,NA
Gm08_41157303,41157303,0,0,136,81,2,0,-0.0698529411764706,0.374429223744292,0.277329818746177,0.25958019132626,0.8,25,08,41123546,NA
Gm08_41157868,41157868,1,MG8,206,13,0,0,0.0375234521575986,0.0593607305936073,0.996255034722222,1,0.8,25,08,41123546,Gm08_41123546_MG8
Gm08_41158767,41158767,1,MG8,206,13,0,0,0.0375234521575986,0.0593607305936073,0.996255034722222,1,0.8,25,08,41123546,Gm08_41123546_MG8
Gm08_41158921,41158921,1,MG8,206,13,0,0,0.0375234521575986,0.0593607305936073,0.996255034722222,1,0.8,25,08,41123546,Gm08_41123546_MG8
Gm08_41169154,41169154,1,MG8,206,13,0,0,0.0375234521575986,0.0593607305936073,0.996255034722222,1,0.8,25,08,41123546,Gm08_41123546_MG8
Gm08_41169157,41169157,1,MG8,206,13,0,0,0.0375234521575986,0.0593607305936073,0.996255034722222,1,0.8,25,08,41123546,Gm08_41123546_MG8
Gm08_41169261,41169261,1,MG8,206,13,0,0,0.0375234521575986,0.0593607305936073,0.996255034722222,1,0.8,25,08,41123546,Gm08_41123546_MG8
Gm08_41169703,41169703,1,MG8,206,13,0,0,0.0375234521575986,0.0593607305936073,0.996255034722222,1,0.8,25,08,41123546,Gm08_41123546_MG8
Gm08_41169764,41169764,1,MG8,206,13,0,0,0.0375234521575986,0.0593607305936073,0.996255034722222,1,0.8,25,08,41123546,Gm08_41123546_MG8
Gm08_41169841,41169841,1,MG8,206,13,0,0,0.0375234521575986,0.0593607305936073,0.996255034722222,1,0.8,25,08,41123546,Gm08_41123546_MG8
Gm08_41169845,41169845,0,0,202,17,0,0,-0.0304360550190225,0.0776255707762557,0.277105225151376,0.315436618022546,0.8,25,08,41123546,NA
Gm08_41169853,41169853,1,MG8,206,13,0,0,0.0375234521575986,0.0593607305936073,0.996255034722222,1,0.8,25,08,41123546,Gm08_41123546_MG8
Gm08_41169993,41169993,0,0,127,92,0,0,-0.0714718352513628,0.420091324200913,0.337416785015291,0.314821734482759,0.8,25,08,41123546,NA
Gm08_41170032,41170032,0,0,165,52,2,0,-0.136185383244207,0.242009132420091,0.304615353363914,0.276941121352785,0.8,25,08,41123546,NA
Gm08_41170056,41170056,0,0,127,92,0,0,-0.0714718352513628,0.420091324200913,0.337416785015291,0.314821734482759,0.8,25,08,41123546,NA
Gm08_41170482,41170482,1,MG8,206,13,0,0,0.0375234521575986,0.0593607305936073,0.996255034722222,1,0.8,25,08,41123546,Gm08_41123546_MG8
Gm08_41170492,41170492,1,MG8,206,13,0,0,0.0375234521575986,0.0593607305936073,0.996255034722222,1,0.8,25,08,41123546,Gm08_41123546_MG8
Gm08_41170702,41170702,1,MG8,206,13,0,0,0.0375234521575986,0.0593607305936073,0.996255034722222,1,0.8,25,08,41123546,Gm08_41123546_MG8
Gm08_41172108,41172108,1,MG8,206,13,0,0,0.0375234521575986,0.0593607305936073,0.996255034722222,1,0.8,25,08,41123546,Gm08_41123546_MG8
Gm08_41172378,41172378,1,MG8,206,13,0,0,0.0375234521575986,0.0593607305936073,0.996255034722222,1,0.8,25,08,41123546,Gm08_41123546_MG8
Gm08_41172397,41172397,0,0,132,86,1,0,-0.102139037433155,0.394977168949772,0.3636917617737,0.340302145623342,0.8,25,08,41123546,NA
Gm08_41173062,41173062,0,0,136,83,0,0,-0.0622309899569584,0.378995433789954,0.276344842262997,0.258504602970822,0.8,25,08,41123546,NA
Gm08_41173081,41173081,1,MG8,206,13,0,0,0.0375234521575986,0.0593607305936073,0.996255034722222,1,0.8,25,08,41123546,Gm08_41123546_MG8
Gm08_41173201,41173201,1,MG8,206,13,0,0,0.0375234521575986,0.0593607305936073,0.996255034722222,1,0.8,25,08,41123546,Gm08_41123546_MG8
Gm08_41173499,41173499,1,MG8,206,13,0,0,0.0375234521575986,0.0593607305936073,0.996255034722222,1,0.8,25,08,41123546,Gm08_41123546_MG8
Gm08_41173673,41173673,1,MG8,206,13,0,0,0.0375234521575986,0.0593607305936073,0.996255034722222,1,0.8,25,08,41123546,Gm08_41123546_MG8
Gm08_41173681,41173681,1,MG8,206,13,0,0,0.0375234521575986,0.0593607305936073,0.996255034722222,1,0.8,25,08,41123546,Gm08_41123546_MG8
Gm08_41173699,41173699,0,0,165,52,2,0,-0.136185383244207,0.242009132420091,0.304615353363914,0.276941121352785,0.8,25,08,41123546,NA
Gm08_41173703,41173703,1,MG8,206,13,0,0,0.0375234521575986,0.0593607305936073,0.996255034722222,1,0.8,25,08,41123546,Gm08_41123546_MG8
Gm08_41173719,41173719,1,MG8,206,13,0,0,0.0375234521575986,0.0593607305936073,0.996255034722222,1,0.8,25,08,41123546,Gm08_41123546_MG8
Gm08_41173726,41173726,1,MG8,206,13,0,0,0.0375234521575986,0.0593607305936073,0.996255034722222,1,0.8,25,08,41123546,Gm08_41123546_MG8
Gm08_41173749,41173749,0,0,207,12,0,0,0.0169902912621359,0.0547945205479452,0.256416344495413,0.304892233766578,0.8,25,08,41123546,NA
Gm08_41173824,41173824,1,MG8,206,13,0,0,0.0375234521575986,0.0593607305936073,0.996255034722222,1,0.8,25,08,41123546,Gm08_41123546_MG8
Gm08_41173865,41173865,1,MG8,206,13,0,0,0.0375234521575986,0.0593607305936073,0.996255034722222,1,0.8,25,08,41123546,Gm08_41123546_MG8
Gm08_41175225,41175225,1,MG8,206,13,0,0,0.0375234521575986,0.0593607305936073,0.996255034722222,1,0.8,25,08,41123546,Gm08_41123546_MG8
Gm08_41175460,41175460,1,MG8,206,13,0,0,0.0375234521575986,0.0593607305936073,0.996255034722222,1,0.8,25,08,41123546,Gm08_41123546_MG8
Gm08_41177278,41177278,1,MG8,206,13,0,0,0.0375234521575986,0.0593607305936073,0.996255034722222,1,0.8,25,08,41123546,Gm08_41123546_MG8
Gm08_41177657,41177657,1,MG8,206,13,0,0,0.0375234521575986,0.0593607305936073,0.996255034722222,1,0.8,25,08,41123546,Gm08_41123546_MG8
Gm08_41180444,41180444,1,MG8,206,13,0,0,0.0375234521575986,0.0593607305936073,0.996255034722222,1,0.8,25,08,41123546,Gm08_41123546_MG8
Gm08_41180592,41180592,1,MG8,206,13,0,0,0.0375234521575986,0.0593607305936073,0.996255034722222,1,0.8,25,08,41123546,Gm08_41123546_MG8
Gm08_41180803,41180803,1,MG8,206,13,0,0,0.0375234521575986,0.0593607305936073,0.996255034722222,1,0.8,25,08,41123546,Gm08_41123546_MG8
Gm08_41181198,41181198,1,MG8,206,13,0,0,0.0375234521575986,0.0593607305936073,0.996255034722222,1,0.8,25,08,41123546,Gm08_41123546_MG8
Gm08_41181543,41181543,1,MG8,206,13,0,0,0.0375234521575986,0.0593607305936073,0.996255034722222,1,0.8,25,08,41123546,Gm08_41123546_MG8
Gm08_41181699,41181699,1,MG8,206,13,0,0,0.0375234521575986,0.0593607305936073,0.996255034722222,1,0.8,25,08,41123546,Gm08_41123546_MG8
Gm08_41181804,41181804,1,MG8,206,13,0,0,0.0375234521575986,0.0593607305936073,0.996255034722222,1,0.8,25,08,41123546,Gm08_41123546_MG8
Gm08_41181841,41181841,0,0,190,28,1,0,0.0608465608465608,0.13013698630137,0.172877906244648,0.191000650159151,0.8,25,08,41123546,NA
Gm08_41182112,41182112,1,MG8,206,13,0,0,0.0375234521575986,0.0593607305936073,0.996255034722222,1,0.8,25,08,41123546,Gm08_41123546_MG8
Gm08_41182181,41182181,1,MG8,206,13,0,0,0.0375234521575986,0.0593607305936073,0.996255034722222,1,0.8,25,08,41123546,Gm08_41123546_MG8
Gm08_41182615,41182615,1,MG8,206,13,0,0,0.0375234521575986,0.0593607305936073,0.996255034722222,1,0.8,25,08,41123546,Gm08_41123546_MG8
Gm08_41182677,41182677,1,MG8,206,13,0,0,0.0375234521575986,0.0593607305936073,0.996255034722222,1,0.8,25,08,41123546,Gm08_41123546_MG8
Gm08_41182950,41182950,1,MG8,206,13,0,0,0.0375234521575986,0.0593607305936073,0.996255034722222,1,0.8,25,08,41123546,Gm08_41123546_MG8
Gm08_41183826,41183826,1,MG8,206,13,0,0,0.0375234521575986,0.0593607305936073,0.996255034722222,1,0.8,25,08,41123546,Gm08_41123546_MG8
Gm08_41184192,41184192,1,MG8,206,13,0,0,0.0375234521575986,0.0593607305936073,0.996255034722222,1,0.8,25,08,41123546,Gm08_41123546_MG8
Gm08_41184211,41184211,1,MG8,206,13,0,0,0.0375234521575986,0.0593607305936073,0.996255034722222,1,0.8,25,08,41123546,Gm08_41123546_MG8
Gm08_41184433,41184433,1,MG8,206,13,0,0,0.0375234521575986,0.0593607305936073,0.996255034722222,1,0.8,25,08,41123546,Gm08_41123546_MG8
Gm08_41184889,41184889,1,MG8,206,13,0,0,0.0375234521575986,0.0593607305936073,0.996255034722222,1,0.8,25,08,41123546,Gm08_41123546_MG8
Gm08_41185352,41185352,1,MG8,206,13,0,0,0.0375234521575986,0.0593607305936073,0.996255034722222,1,0.8,25,08,41123546,Gm08_41123546_MG8
Gm08_41185680,41185680,1,MG8,206,13,0,0,0.0375234521575986,0.0593607305936073,0.996255034722222,1,0.8,25,08,41123546,Gm08_41123546_MG8
Gm08_41186442,41186442,0,0,127,92,0,0,-0.0714718352513628,0.420091324200913,0.337416785015291,0.314821734482759,0.8,25,08,41123546,NA
Gm08_41186490,41186490,1,MG8,206,13,0,0,0.0375234521575986,0.0593607305936073,0.996255034722222,1,0.8,25,08,41123546,Gm08_41123546_MG8
Gm08_41186641,41186641,1,MG8,206,13,0,0,0.0375234521575986,0.0593607305936073,0.996255034722222,1,0.8,25,08,41123546,Gm08_41123546_MG8
Gm08_41187393,41187393,1,MG8,206,13,0,0,0.0375234521575986,0.0593607305936073,0.996255034722222,1,0.8,25,08,41123546,Gm08_41123546_MG8
Gm08_41187507,41187507,1,MG8,206,13,0,0,0.0375234521575986,0.0593607305936073,0.996255034722222,1,0.8,25,08,41123546,Gm08_41123546_MG8
Gm08_41187533,41187533,1,MG8,206,13,0,0,0.0375234521575986,0.0593607305936073,0.996255034722222,1,0.8,25,08,41123546,Gm08_41123546_MG8
Gm08_41187977,41187977,0,0,165,52,2,0,-0.136185383244207,0.242009132420091,0.304615353363914,0.276941121352785,0.8,25,08,41123546,NA
Gm08_41188166,41188166,0,0,165,52,2,0,-0.136185383244207,0.242009132420091,0.304615353363914,0.276941121352785,0.8,25,08,41123546,NA
Gm08_41188557,41188557,1,MG8,206,13,0,0,0.0375234521575986,0.0593607305936073,0.996255034722222,1,0.8,25,08,41123546,Gm08_41123546_MG8
Gm08_41188849,41188849,0,0,202,17,0,0,-0.0304360550190225,0.0776255707762557,0.277105225151376,0.315436618022546,0.8,25,08,41123546,NA
Gm08_41189204,41189204,1,MG8,206,13,0,0,0.0375234521575986,0.0593607305936073,0.996255034722222,1,0.8,25,08,41123546,Gm08_41123546_MG8
Gm08_41191515,41191515,0,0,126,93,0,0,-0.0850586611456177,0.424657534246575,0.339568888379205,0.316844003713528,0.8,25,08,41123546,NA
Gm08_41192052,41192052,1,MG8,206,13,0,0,0.0375234521575986,0.0593607305936073,0.996255034722222,1,0.8,25,08,41123546,Gm08_41123546_MG8
Gm08_41192106,41192106,0,0,202,17,0,0,-0.0304360550190225,0.0776255707762557,0.277105225151376,0.315436618022546,0.8,25,08,41123546,NA
Gm08_41192229,41192229,1,MG8,206,13,0,0,0.0375234521575986,0.0593607305936073,0.996255034722222,1,0.8,25,08,41123546,Gm08_41123546_MG8
Gm08_41193322,41193322,1,MG8,206,13,0,0,0.0375234521575986,0.0593607305936073,0.996255034722222,1,0.8,25,08,41123546,Gm08_41123546_MG8
Gm08_41197653,41197653,0,0,126,93,0,0,-0.0850586611456177,0.424657534246575,0.335691045259939,0.313921214588859,0.8,25,08,41123546,NA
Gm08_41199413,41199413,0,0,126,93,0,0,-0.0850586611456177,0.424657534246575,0.335691045259939,0.313921214588859,0.8,25,08,41123546,NA
Gm08_41199850,41199850,0,0,136,82,1,0,-0.0659949164851126,0.376712328767123,0.275267825015291,0.257946998885942,0.8,25,08,41123546,NA
Gm08_41203178,41203178,1,MG8,206,13,0,0,0.0375234521575986,0.0593607305936073,0.996255034722222,1,0.8,25,08,41123546,Gm08_41123546_MG8
Gm08_41203200,41203200,1,0,205,13,1,0,0.0388386123680242,0.0616438356164384,0.982173965277778,0.332439468992042,0.8,25,08,41123546,NA
Gm08_41203257,41203257,1,MG8,206,13,0,0,0.0375234521575986,0.0593607305936073,0.996255034722222,1,0.8,25,08,41123546,Gm08_41123546_MG8
Gm08_41203434,41203434,1,MG8,206,13,0,0,0.0375234521575986,0.0593607305936073,0.996255034722222,1,0.8,25,08,41123546,Gm08_41123546_MG8
Gm08_41204138,41204138,0,0,126,93,0,0,-0.0850586611456177,0.424657534246575,0.335691045259939,0.313921214588859,0.8,25,08,41123546,NA
Gm08_41204181,41204181,0,0,126,93,0,0,-0.0850586611456177,0.424657534246575,0.335691045259939,0.313921214588859,0.8,25,08,41123546,NA
Gm08_41204431,41204431,1,0,205,13,1,0,0.0388386123680242,0.0616438356164384,0.982173965277778,0.332439468992042,0.8,25,08,41123546,NA
Gm08_41204892,41204892,1,MG8,206,13,0,0,0.0375234521575986,0.0593607305936073,0.996255034722222,1,0.8,25,08,41123546,Gm08_41123546_MG8
Gm08_41205259,41205259,0,0,165,52,2,0,-0.136185383244207,0.242009132420091,0.304615353363914,0.276941121352785,0.8,25,08,41123546,NA
Gm08_41205796,41205796,1,MG8,206,13,0,0,0.0375234521575986,0.0593607305936073,0.996255034722222,1,0.8,25,08,41123546,Gm08_41123546_MG8
Gm08_41206910,41206910,1,MG8,206,13,0,0,0.0375234521575986,0.0593607305936073,0.996255034722222,1,0.8,25,08,41123546,Gm08_41123546_MG8
Gm08_41210466,41210466,1,0,205,13,1,0,0.0388386123680242,0.0616438356164384,0.982173965277778,0.332439468992042,0.8,25,08,41123546,NA
Gm08_41212449,41212449,1,0,205,13,1,0,0.0388386123680242,0.0616438356164384,0.982173965277778,0.332439468992042,0.8,25,08,41123546,NA
Gm08_41212656,41212656,1,MG8,206,13,0,0,0.0375234521575986,0.0593607305936073,0.996255034722222,1,0.8,25,08,41123546,Gm08_41123546_MG8
Gm08_41212671,41212671,0,0,207,12,0,0,0.0169902912621359,0.0547945205479452,0.256416344495413,0.304892233766578,0.8,25,08,41123546,NA
Gm08_41212737,41212737,0,0,165,52,2,0,-0.136185383244207,0.242009132420091,0.304615353363914,0.276941121352785,0.8,25,08,41123546,NA
Gm08_41212898,41212898,1,MG8,206,13,0,0,0.0375234521575986,0.0593607305936073,0.996255034722222,1,0.8,25,08,41123546,Gm08_41123546_MG8
Gm08_41213113,41213113,0,0,135,82,2,0,-0.071604938271605,0.378995433789954,0.276414518165138,0.259042566949602,0.8,25,08,41123546,NA
Gm08_41213343,41213343,1,MG8,206,13,0,0,0.0375234521575986,0.0593607305936073,0.996255034722222,1,0.8,25,08,41123546,Gm08_41123546_MG8
Gm08_41214137,41214137,0,0,202,17,0,0,-0.0304360550190225,0.0776255707762557,0.277105225151376,0.315436618022546,0.8,25,08,41123546,NA
Gm08_41214171,41214171,0,0,202,17,0,0,-0.0304360550190225,0.0776255707762557,0.277105225151376,0.315436618022546,0.8,25,08,41123546,NA
Gm08_41214182,41214182,0,0,202,17,0,0,-0.0304360550190225,0.0776255707762557,0.277105225151376,0.315436618022546,0.8,25,08,41123546,NA
Gm08_41214657,41214657,0,0,165,52,2,0,-0.136185383244207,0.242009132420091,0.304615353363914,0.276941121352785,0.8,25,08,41123546,NA
Gm08_41214941,41214941,1,0,205,13,1,0,0.0388386123680242,0.0616438356164384,0.982173965277778,0.332439468992042,0.8,25,08,41123546,NA
Gm08_41214943,41214943,1,MG8,206,13,0,0,0.0375234521575986,0.0593607305936073,0.996255034722222,1,0.8,25,08,41123546,Gm08_41123546_MG8
Gm08_41214994,41214994,0,0,190,27,2,0,0.0529100529100529,0.127853881278539,0.168895269217125,0.18984997138992,0.8,25,08,41123546,NA
Gm08_41215023,41215023,0,0,190,27,2,0,0.0529100529100529,0.127853881278539,0.168895269217125,0.18984997138992,0.8,25,08,41123546,NA
Gm08_41215063,41215063,1,0,205,13,1,0,0.0388386123680242,0.0616438356164384,0.982173965277778,0.332439468992042,0.8,25,08,41123546,NA
Gm08_41215188,41215188,1,0,205,13,1,0,0.0388386123680242,0.0616438356164384,0.982173965277778,0.332439468992042,0.8,25,08,41123546,NA
Gm08_41215254,41215254,1,0,205,13,1,0,0.0388386123680242,0.0616438356164384,0.982173965277778,0.332439468992042,0.8,25,08,41123546,NA
Gm08_41215340,41215340,1,0,205,13,1,0,0.0388386123680242,0.0616438356164384,0.982173965277778,0.332439468992042,0.8,25,08,41123546,NA
Gm08_41215359,41215359,1,0,205,13,1,0,0.0388386123680242,0.0616438356164384,0.982173965277778,0.332439468992042,0.8,25,08,41123546,NA
Gm08_41215404,41215404,0,0,205,13,1,0,0.0388386123680242,0.0616438356164384,0.0225162106892966,0.0199626625023873,0.8,25,08,41123546,NA
Gm08_41215435,41215435,1,0,205,13,1,0,0.0388386123680242,0.0616438356164384,0.982173965277778,0.332439468992042,0.8,25,08,41123546,NA
Gm08_41215499,41215499,1,0,205,13,1,0,0.0388386123680242,0.0616438356164384,0.982173965277778,0.332439468992042,0.8,25,08,41123546,NA
Gm08_41215558,41215558,1,0,205,13,1,0,0.0388386123680242,0.0616438356164384,0.982173965277778,0.332439468992042,0.8,25,08,41123546,NA
Gm08_41216211,41216211,0,0,191,28,0,0,-0.0635338345864661,0.127853881278539,0.320193011755352,0.333724919748011,0.8,25,08,41123546,NA
Gm08_41216598,41216598,0,0,191,28,0,0,-0.0635338345864661,0.127853881278539,0.320193011755352,0.333724919748011,0.8,25,08,41123546,NA
Gm08_41216642,41216642,0,0,191,28,0,0,-0.0635338345864661,0.127853881278539,0.320193011755352,0.333724919748011,0.8,25,08,41123546,NA
Gm08_41218530,41218530,0,0,191,28,0,0,-0.0635338345864661,0.127853881278539,0.320193011755352,0.333724919748011,0.8,25,08,41123546,NA
Gm08_41218534,41218534,0,0,191,28,0,0,-0.0635338345864661,0.127853881278539,0.320193011755352,0.333724919748011,0.8,25,08,41123546,NA
Gm08_41220052,41220052,0,0,191,28,0,0,-0.0635338345864661,0.127853881278539,0.320193011755352,0.333724919748011,0.8,25,08,41123546,NA
Gm08_41220341,41220341,0,0,191,28,0,0,-0.0635338345864661,0.127853881278539,0.320193011755352,0.333724919748011,0.8,25,08,41123546,NA
Gm08_41220372,41220372,0,0,204,14,1,0,0.0566502463054187,0.0662100456621005,0.287073507217125,0.337373695384615,0.8,25,08,41123546,NA
Gm08_41220467,41220467,0,0,204,14,1,0,0.0566502463054187,0.0662100456621005,0.280987547232416,0.331486630994695,0.8,25,08,41123546,NA
Gm08_41221297,41221297,0,0,191,28,0,0,-0.0635338345864661,0.127853881278539,0.320193011755352,0.333724919748011,0.8,25,08,41123546,NA
Gm08_41222812,41222812,0,0,191,28,0,0,-0.0635338345864661,0.127853881278539,0.320193011755352,0.333724919748011,0.8,25,08,41123546,NA
Gm08_41223142,41223142,0,0,191,28,0,0,-0.0635338345864661,0.127853881278539,0.320193011755352,0.333724919748011,0.8,25,08,41123546,NA
Gm08_41223163,41223163,0,0,180,38,1,0,0.00499852984416349,0.175799086757991,0.22711659306422,0.234640368254642,0.8,25,08,41123546,NA
Gm08_41223532,41223532,0,0,191,28,0,0,-0.0635338345864661,0.127853881278539,0.320193011755352,0.333724919748011,0.8,25,08,41123546,NA
